{
  "run_name": "fold_3",
  "train_losses": [
    1.181998962204654,
    0.962422756211553,
    0.8589982760850158,
    0.7660755934518235,
    0.6699136817866127,
    0.5647522693252554,
    0.4571472513484308,
    0.3766560699060199,
    0.3002286688625683,
    0.2552460779189449,
    0.22072740139210648,
    0.1920024505893929,
    0.16389338613443927
  ],
  "val_losses": [
    1.0036441065816983,
    0.9707765160688986,
    0.9257135054532245,
    0.9319909093979389,
    0.9771125174192804,
    1.0331839860602585,
    1.136667674057513,
    1.228542128999089,
    1.393457203405124,
    1.4713663013242158,
    1.4991668630139576,
    1.6295217882441557,
    1.691623694394677
  ],
  "val_accs": [
    0.6350266054136233,
    0.6419671480979608,
    0.642462901146842,
    0.6799418316422646,
    0.6673166539974221,
    0.6672175033876458,
    0.6909805995306871,
    0.684502759691972,
    0.6992101001421158,
    0.6952440757510658,
    0.6872459265624483,
    0.6985160458736821,
    0.6921043064414846
  ],
  "epoch_times_sec": [
    1006.4851205348969,
    985.071524143219,
    984.878440618515,
    984.8182103633881,
    985.5283043384552,
    985.6124169826508,
    985.5086131095886,
    985.9806826114655,
    985.9101719856262,
    986.26362657547,
    986.6256358623505,
    986.1044986248016,
    986.0072309970856
  ],
  "early_stop": {
    "enabled": true,
    "monitor": "val_loss",
    "best_epoch": 2,
    "best_value": 0.9257135054532245
  }
}