{
  "run_name": "fold_4",
  "train_losses": [
    1.1942540406511004,
    0.9754571599796743,
    0.8710956867875003,
    0.7782485422432633,
    0.6803002797017178,
    0.5788250623819561,
    0.4714637208324543,
    0.38470168422123185,
    0.32010268471618203,
    0.25983679855232705,
    0.23152919904913927,
    0.20530586292791198,
    0.17023466532239123,
    0.16073900392445797
  ],
  "val_losses": [
    1.0427001636851596,
    0.9972767851328737,
    0.9523035582885864,
    0.9356616191735412,
    0.9908316749104238,
    1.0574714183996494,
    1.1398407725478403,
    1.2067535378704748,
    1.3131317256746438,
    1.4203829562960322,
    1.4919958165686702,
    1.5791370201716026,
    1.7865627964358681,
    1.7919109032810963
  ],
  "val_accs": [
    0.6335272342675833,
    0.6598030142781597,
    0.6342213114754098,
    0.6521681649920676,
    0.6946060285563194,
    0.6817821258593337,
    0.6987704918032787,
    0.7038934426229508,
    0.6808236382866208,
    0.678311739820201,
    0.69840692755156,
    0.6959280803807509,
    0.7066036488630354,
    0.7016129032258065
  ],
  "epoch_times_sec": [
    1004.9061667919159,
    983.4780192375183,
    983.5621411800385,
    983.8761117458344,
    983.9363021850586,
    983.7095341682434,
    985.0386219024658,
    989.3590261936188,
    986.6822884082794,
    984.1759119033813,
    984.4000508785248,
    984.1070666313171,
    984.0665974617004,
    984.0830473899841
  ],
  "early_stop": {
    "enabled": true,
    "monitor": "val_loss",
    "best_epoch": 3,
    "best_value": 0.9356616191735412
  }
}