{
  "run_name": "fold_2",
  "train_losses": [
    1.2770369404426665,
    0.9939011137539501,
    0.8831920232781258,
    0.7914982715285728,
    0.6913091032672501,
    0.5908223854672698,
    0.47960106526131746,
    0.38296663817184334,
    0.31339438620116933,
    0.2630916847283154,
    0.23053124354268553,
    0.19878718358280295,
    0.17176456749353053
  ],
  "val_losses": [
    1.0244037517100415,
    0.9425977233929175,
    0.9152026316082382,
    0.9309454105576997,
    0.9442793711319112,
    0.9879512652180052,
    1.074777757122334,
    1.2611166847340392,
    1.4820689022743951,
    1.432836503480917,
    1.4572443140551044,
    1.5911081196922428,
    1.7203077407398104
  ],
  "val_accs": [
    0.643652708464157,
    0.6709521763558846,
    0.6732656905839971,
    0.6907822983111346,
    0.6783554218858446,
    0.6813629903823909,
    0.6706877747298146,
    0.6891297881481971,
    0.6971940377433321,
    0.6831477013583633,
    0.6841722576593846,
    0.7046633836798096,
    0.6924678586773308
  ],
  "epoch_times_sec": [
    1007.0379228591919,
    986.3971214294434,
    986.0887653827667,
    986.6831386089325,
    986.499440908432,
    986.2540516853333,
    986.7170972824097,
    987.4188828468323,
    987.2350745201111,
    987.6746802330017,
    987.2796859741211,
    987.480090379715,
    990.3358988761902
  ],
  "early_stop": {
    "enabled": true,
    "monitor": "val_loss",
    "best_epoch": 2,
    "best_value": 0.9152026316082382
  }
}