{
  "run_name": "fold_0",
  "train_losses": [
    1.2546760838154714,
    0.9813297059949732,
    0.8777762052781909,
    0.7832403509130291,
    0.6843145612662634,
    0.5836799594979666,
    0.4811853850258299,
    0.386804925037817,
    0.323187433732751,
    0.2656826103853634,
    0.23768510357273964,
    0.20644568602684019,
    0.17694861608343224,
    0.15879622032268723
  ],
  "val_losses": [
    1.0700616245800558,
    0.979737354379993,
    0.95100685354147,
    0.9147782972477777,
    1.0337793176383845,
    1.0715292682058928,
    1.1384702648470217,
    1.1823631582562084,
    1.3461845921332252,
    1.3288973233403283,
    1.437957063368025,
    1.596359063078148,
    1.6636619742093084,
    1.7139898221979817
  ],
  "val_accs": [
    0.5920282909739895,
    0.6602439105000496,
    0.6562778861089996,
    0.6861883200581683,
    0.6900221436361834,
    0.6991109495323397,
    0.6805036850976633,
    0.6834451531876921,
    0.7015566645734871,
    0.6826519483094821,
    0.6959711802227584,
    0.7125954324619096,
    0.7014905641669696,
    0.7076048517698383
  ],
  "epoch_times_sec": [
    1000.1123733520508,
    983.2601821422577,
    983.8410353660583,
    984.7517454624176,
    984.8727548122406,
    989.2267415523529,
    989.3066833019257,
    990.2497172355652,
    990.6523814201355,
    990.8141450881958,
    990.8100457191467,
    988.9844608306885,
    985.3404603004456,
    985.02467918396
  ],
  "early_stop": {
    "enabled": true,
    "monitor": "val_loss",
    "best_epoch": 3,
    "best_value": 0.9147782972477777
  }
}