{
  "run_name": "fold_1",
  "train_losses": [
    1.2580278254091521,
    0.9943198578073253,
    0.8880723166854039,
    0.7989562183843367,
    0.7050982111097844,
    0.5921201638717517,
    0.4900948154918125,
    0.39349627477279353,
    0.3186605858783293,
    0.2757527608427903,
    0.2305482637377233,
    0.2064479064339386,
    0.17143606500334765
  ],
  "val_losses": [
    1.060620476356654,
    0.9898001910256714,
    0.9262899736988216,
    0.9291370788915823,
    0.963025159024513,
    1.064928931667827,
    1.1618382818705109,
    1.2467552957135444,
    1.3826501056136766,
    1.5151665419459315,
    1.5769241918522932,
    1.657363658627913,
    1.747467875397914
  ],
  "val_accs": [
    0.6153286842714083,
    0.6585583501338533,
    0.6800409822520409,
    0.6606735631424133,
    0.6849985127408533,
    0.6946491720924084,
    0.6939220676207158,
    0.6944178206695971,
    0.6857917176190633,
    0.6978219916052484,
    0.7022507188419209,
    0.6968304855074858,
    0.7023168192484384
  ],
  "epoch_times_sec": [
    1001.567195892334,
    982.8777861595154,
    983.2642185688019,
    983.4354903697968,
    983.2829740047455,
    983.4855713844299,
    983.7454659938812,
    984.3590061664581,
    984.1319835186005,
    984.71702003479,
    987.9674463272095,
    989.1208148002625,
    989.0691723823547
  ],
  "early_stop": {
    "enabled": true,
    "monitor": "val_loss",
    "best_epoch": 2,
    "best_value": 0.9262899736988216
  }
}