{
  "data_flag": "tissuemnist",
  "num_classes": 8,
  "class_names": [
    "Collecting Duct, Connecting Tubule",
    "Distal Convoluted Tubule",
    "Glomerular endothelial cells",
    "Interstitial endothelial cells",
    "Leukocytes",
    "Podocytes",
    "Proximal Tubule Segments",
    "Thick Ascending Limb"
  ],
  "is_ensemble": false,
  "metrics": {
    "accuracy": 0.6813028764805414,
    "balanced_accuracy": 0.6671169927540674,
    "auc": 0.9432563387795003
  },
  "confusion_matrix": [
    [
      9825,
      1984,
      56,
      326,
      312,
      197,
      1148,
      1317
    ],
    [
      317,
      1312,
      31,
      59,
      63,
      33,
      194,
      224
    ],
    [
      5,
      6,
      1192,
      94,
      132,
      228,
      3,
      17
    ],
    [
      84,
      53,
      273,
      2913,
      728,
      188,
      90,
      73
    ],
    [
      70,
      48,
      170,
      327,
      2449,
      126,
      95,
      84
    ],
    [
      31,
      20,
      590,
      81,
      160,
      1199,
      39,
      82
    ],
    [
      456,
      365,
      37,
      273,
      323,
      146,
      8257,
      1344
    ],
    [
      375,
      532,
      10,
      111,
      194,
      77,
      667,
      5065
    ]
  ],
  "counts": {
    "n_samples": 47280
  },
  "timing": {
    "eval_wall_sec": 122.7704381942749,
    "throughput_img_per_s": 385.10899444036346,
    "latency_ms_per_img": 2.5966674744982003
  }
}