{
  "data_flag": "tissuemnist",
  "num_classes": 8,
  "class_names": [
    "Collecting Duct, Connecting Tubule",
    "Distal Convoluted Tubule",
    "Glomerular endothelial cells",
    "Interstitial endothelial cells",
    "Leukocytes",
    "Podocytes",
    "Proximal Tubule Segments",
    "Thick Ascending Limb"
  ],
  "is_ensemble": false,
  "metrics": {
    "accuracy": 0.6725465313028764,
    "balanced_accuracy": 0.6576362766041088,
    "auc": 0.9380233322345417
  },
  "confusion_matrix": [
    [
      10000,
      1809,
      60,
      248,
      389,
      240,
      1293,
      1126
    ],
    [
      343,
      1321,
      25,
      55,
      59,
      43,
      214,
      173
    ],
    [
      7,
      2,
      1165,
      75,
      168,
      252,
      2,
      6
    ],
    [
      78,
      26,
      263,
      2852,
      827,
      243,
      55,
      58
    ],
    [
      72,
      64,
      174,
      293,
      2482,
      145,
      77,
      62
    ],
    [
      48,
      13,
      591,
      100,
      152,
      1246,
      28,
      24
    ],
    [
      494,
      366,
      44,
      359,
      345,
      275,
      8421,
      897
    ],
    [
      475,
      703,
      16,
      116,
      208,
      157,
      1045,
      4311
    ]
  ],
  "counts": {
    "n_samples": 47280
  },
  "timing": {
    "eval_wall_sec": 115.5830385684967,
    "throughput_img_per_s": 409.05655869205214,
    "latency_ms_per_img": 2.4446497159157508
  }
}