{
  "data_flag": "tissuemnist",
  "num_classes": 8,
  "class_names": [
    "Collecting Duct, Connecting Tubule",
    "Distal Convoluted Tubule",
    "Glomerular endothelial cells",
    "Interstitial endothelial cells",
    "Leukocytes",
    "Podocytes",
    "Proximal Tubule Segments",
    "Thick Ascending Limb"
  ],
  "is_ensemble": false,
  "metrics": {
    "accuracy": 0.6748942470389171,
    "balanced_accuracy": 0.6529166152771705,
    "auc": 0.9384634212073306
  },
  "confusion_matrix": [
    [
      10671,
      1345,
      21,
      322,
      334,
      627,
      914,
      931
    ],
    [
      470,
      1237,
      16,
      70,
      59,
      81,
      148,
      152
    ],
    [
      1,
      4,
      910,
      109,
      95,
      549,
      1,
      8
    ],
    [
      53,
      20,
      152,
      3138,
      530,
      429,
      42,
      38
    ],
    [
      68,
      33,
      124,
      499,
      2170,
      333,
      77,
      65
    ],
    [
      23,
      5,
      315,
      109,
      73,
      1637,
      11,
      29
    ],
    [
      780,
      365,
      16,
      433,
      259,
      441,
      7645,
      1262
    ],
    [
      662,
      665,
      5,
      125,
      201,
      296,
      576,
      4501
    ]
  ],
  "counts": {
    "n_samples": 47280
  },
  "timing": {
    "eval_wall_sec": 115.9084165096283,
    "throughput_img_per_s": 407.9082557052493,
    "latency_ms_per_img": 2.4515316520648964
  }
}