{
  "data_flag": "tissuemnist",
  "num_classes": 8,
  "class_names": [
    "Collecting Duct, Connecting Tubule",
    "Distal Convoluted Tubule",
    "Glomerular endothelial cells",
    "Interstitial endothelial cells",
    "Leukocytes",
    "Podocytes",
    "Proximal Tubule Segments",
    "Thick Ascending Limb"
  ],
  "is_ensemble": false,
  "metrics": {
    "accuracy": 0.6442893401015228,
    "balanced_accuracy": 0.6602277062848894,
    "auc": 0.9371990337102007
  },
  "confusion_matrix": [
    [
      7996,
      2734,
      51,
      362,
      352,
      440,
      1312,
      1918
    ],
    [
      198,
      1358,
      29,
      61,
      51,
      65,
      166,
      305
    ],
    [
      3,
      6,
      1192,
      80,
      82,
      310,
      1,
      3
    ],
    [
      38,
      24,
      331,
      3132,
      523,
      236,
      72,
      46
    ],
    [
      40,
      51,
      285,
      441,
      2164,
      204,
      116,
      68
    ],
    [
      23,
      9,
      549,
      89,
      94,
      1382,
      30,
      26
    ],
    [
      306,
      329,
      54,
      382,
      238,
      346,
      8095,
      1451
    ],
    [
      175,
      447,
      15,
      159,
      169,
      281,
      642,
      5143
    ]
  ],
  "counts": {
    "n_samples": 47280
  },
  "timing": {
    "eval_wall_sec": 115.44074726104736,
    "throughput_img_per_s": 409.56075841301725,
    "latency_ms_per_img": 2.4416401704959254
  }
}