{
  "run_name": "fold_2",
  "train_losses": [
    0.11369217553921043,
    0.038663965394254776,
    0.028920363141573036,
    0.01918372179660946,
    0.019261872993782164,
    0.018399515980854632,
    0.012829759611282498,
    0.015125049818365368,
    0.013579115695436485,
    0.011836899906455074,
    0.008836889892991166,
    0.00949505196424434,
    0.010406281422823668,
    0.009125110998589661,
    0.007975507638795534,
    0.008505619151954306,
    0.007574412998961634,
    0.0070958724662195894,
    0.0073868771249253765,
    0.005897965776559431,
    0.006020963437476894,
    0.0058195688624400645,
    0.005269612430667621
  ],
  "val_losses": [
    0.05524811447039247,
    0.03833943048026413,
    0.065353954449296,
    0.031031872719991953,
    0.04188116967771202,
    0.030559905770234763,
    0.03505055590160191,
    0.02798121101851575,
    0.04867906515905634,
    0.030148496279492974,
    0.03844216730271,
    0.031642448513070125,
    0.023788917876663616,
    0.02867755234974902,
    0.027999627876561135,
    0.032518010240281,
    0.03946581505355425,
    0.04138860549707897,
    0.03525780917820521,
    0.04032954414561391,
    0.024568788256146945,
    0.0332950828874018,
    0.028406442438135854
  ],
  "val_accs": [
    0.983,
    0.9883125,
    0.9798125,
    0.99075,
    0.987625,
    0.9910625,
    0.9901875,
    0.9918125,
    0.985375,
    0.9913125,
    0.9903125,
    0.9911875,
    0.993125,
    0.992,
    0.99175,
    0.9905625,
    0.9880625,
    0.989625,
    0.991,
    0.988125,
    0.99325,
    0.990125,
    0.9938125
  ],
  "epoch_times_sec": [
    548.4870307445526,
    540.9164202213287,
    540.4570679664612,
    540.5544302463531,
    540.5511419773102,
    540.4846687316895,
    540.445426940918,
    540.6147971153259,
    540.5603756904602,
    541.0573151111603,
    544.267858505249,
    541.626784324646,
    541.2200763225555,
    541.0887336730957,
    541.0064589977264,
    541.35973072052,
    541.3385779857635,
    541.3106889724731,
    541.3566408157349,
    542.5820758342743,
    543.4370374679565,
    539.8811581134796,
    540.3258862495422
  ],
  "early_stop": {
    "enabled": true,
    "monitor": "val_loss",
    "best_epoch": 12,
    "best_value": 0.023788917876663616
  }
}