{
  "run_name": "fold_1",
  "train_losses": [
    0.11528618490789086,
    0.03953311901539564,
    0.025116986260632985,
    0.023915889675845393,
    0.014549471882695798,
    0.01767705618072068,
    0.014238370799284894,
    0.01149289952206891,
    0.014242328737047501,
    0.00998988446124713,
    0.011960207216150593,
    0.010447373345232335,
    0.0069720895606587875,
    0.010354217833999427,
    0.008955518962378846,
    0.00842577043545316,
    0.008735752079985105,
    0.0073699051594594495,
    0.009828480224939994,
    0.0038537065962082123,
    0.006653745525836712,
    0.003644877655300661,
    0.005626081314709154,
    0.00683041316967865,
    0.0038906511774403044,
    0.005835341777623398,
    0.0038742136140717774,
    0.005831702794719604,
    0.004470452727808151,
    0.003331523498534807,
    0.004184881994031457,
    0.0043445320605824235,
    0.002936824115113268
  ],
  "val_losses": [
    0.07493788851052523,
    0.042483957629650834,
    0.04357970971241593,
    0.03551466957619414,
    0.0509802734979894,
    0.04040242594946176,
    0.03256904603401199,
    0.04381957943551242,
    0.03535442909575068,
    0.03604677204601467,
    0.03723109904269222,
    0.031237880348809994,
    0.02770963084185496,
    0.0257613050340442,
    0.028317831266205757,
    0.04226009135344066,
    0.03143823844171129,
    0.03171764224336948,
    0.028189141683280468,
    0.03648968764301389,
    0.02786650627304334,
    0.0408248297291575,
    0.02269852345401887,
    0.030651220434810965,
    0.024445489714998984,
    0.032458549708127976,
    0.031093468093080445,
    0.02282781280350173,
    0.02894053761882242,
    0.02236411076845252,
    0.038134822495514524,
    0.029953630315867487,
    0.03266500775370514
  ],
  "val_accs": [
    0.9765,
    0.9859375,
    0.9861875,
    0.98925,
    0.9855,
    0.988375,
    0.9914375,
    0.989625,
    0.991,
    0.99075,
    0.9905625,
    0.9918125,
    0.9926875,
    0.9935625,
    0.992375,
    0.989125,
    0.990875,
    0.9915,
    0.991875,
    0.9905,
    0.99275,
    0.98925,
    0.994,
    0.991875,
    0.994,
    0.9916875,
    0.9924375,
    0.994625,
    0.992625,
    0.99375,
    0.9908125,
    0.9934375,
    0.9928125
  ],
  "epoch_times_sec": [
    547.0658543109894,
    541.1568348407745,
    540.6836256980896,
    540.8731508255005,
    540.6675169467926,
    540.3333423137665,
    540.5103528499603,
    540.9641308784485,
    540.7556869983673,
    542.7166414260864,
    542.9243757724762,
    541.7791981697083,
    538.2975952625275,
    539.3019046783447,
    539.6774384975433,
    539.572909116745,
    540.1784307956696,
    539.7323639392853,
    540.0674545764923,
    541.2568640708923,
    540.3986394405365,
    540.2485208511353,
    540.1322319507599,
    540.235946893692,
    540.207857131958,
    540.4106268882751,
    540.2284560203552,
    540.4252457618713,
    540.2897772789001,
    540.5185070037842,
    545.305112361908,
    742.9481263160706,
    542.4212350845337
  ],
  "early_stop": {
    "enabled": true,
    "monitor": "val_loss",
    "best_epoch": 22,
    "best_value": 0.02269852345401887
  }
}