{
  "run_name": "fold_3",
  "train_losses": [
    0.11537453245744109,
    0.03856918915128335,
    0.02573314216849394,
    0.021483665063860825,
    0.01835705280234106,
    0.013230875694891437,
    0.015890024381864352,
    0.010409675277682254,
    0.01256857598721399,
    0.012160028271202463,
    0.011078582942980574,
    0.008210404665675014,
    0.00882198937573412,
    0.008593721256853313,
    0.008173722768813604,
    0.007492544226624887,
    0.009816605512576643,
    0.007091995852562831,
    0.00686619255199912,
    0.006667425476291101
  ],
  "val_losses": [
    0.05299600663408637,
    0.046870048074051734,
    0.11579650239646434,
    0.06344688796252013,
    0.05104731158539653,
    0.02921243744622916,
    0.030125901190098375,
    0.0425124915339984,
    0.03829443859867752,
    0.027988084536977112,
    0.03885353499127086,
    0.027035728363203816,
    0.041459455642849204,
    0.03102442155475728,
    0.03798297551320866,
    0.04705881563294679,
    0.02779335172707215,
    0.048420691184699535,
    0.0336419071246637,
    0.032469804100459444
  ],
  "val_accs": [
    0.98325,
    0.9834375,
    0.966125,
    0.9805625,
    0.985,
    0.992875,
    0.9906875,
    0.9875625,
    0.9876875,
    0.993,
    0.9901875,
    0.9923125,
    0.9876875,
    0.992,
    0.98975,
    0.9866875,
    0.992375,
    0.9856875,
    0.990375,
    0.990875
  ],
  "epoch_times_sec": [
    548.3683915138245,
    541.0356142520905,
    541.0080227851868,
    540.8786084651947,
    540.750569820404,
    540.4981546401978,
    540.513573884964,
    541.2118029594421,
    541.67835521698,
    541.6122047901154,
    541.7974584102631,
    541.8734445571899,
    541.7695546150208,
    542.3601891994476,
    542.1601910591125,
    541.6160447597504,
    543.1560387611389,
    542.9312019348145,
    542.8059225082397,
    542.6451253890991
  ],
  "early_stop": {
    "enabled": true,
    "monitor": "val_loss",
    "best_epoch": 9,
    "best_value": 0.027988084536977112
  }
}