{
  "run_name": "fold_4",
  "train_losses": [
    0.11537496852641925,
    0.04105726451147348,
    0.027213902556337415,
    0.022570285720052197,
    0.017253460378269664,
    0.02072554075892549,
    0.012632707998913247,
    0.013035276010166854,
    0.012993156996497418,
    0.011700267693173373,
    0.009889734112774022,
    0.011192732692143182,
    0.009314306319807656,
    0.005722135589952814,
    0.01080318048359186,
    0.007810944518118049,
    0.0072101726263208545,
    0.009448727246155614,
    0.0036397172930810484,
    0.008931657989698579,
    0.006327479547049734,
    0.008542232172141666,
    0.006234922645642655,
    0.003201006403840438,
    0.005997807128587738,
    0.005543319206466549
  ],
  "val_losses": [
    0.05245506678521633,
    0.044445306673645976,
    0.0483282728549093,
    0.03885634827706963,
    0.049709796585142615,
    0.0412900735498406,
    0.036510164465755224,
    0.03797056249529123,
    0.027621033321833237,
    0.02633609651948791,
    0.028026107042329385,
    0.030013801625929773,
    0.03319633930746932,
    0.021994812528893817,
    0.029852149022743107,
    0.020374427250702865,
    0.03145381915383041,
    0.020085411767591724,
    0.0542282784008421,
    0.04143293913872913,
    0.02944000751990825,
    0.027054034656379372,
    0.026273621003259903,
    0.030670041253382806,
    0.03641665587690659,
    0.02348316842294298
  ],
  "val_accs": [
    0.98375,
    0.9865,
    0.98475,
    0.988625,
    0.9841875,
    0.9886875,
    0.98825,
    0.9876875,
    0.9908125,
    0.9920625,
    0.9916875,
    0.991875,
    0.9916875,
    0.994,
    0.991875,
    0.993625,
    0.9905,
    0.99425,
    0.985,
    0.98825,
    0.9906875,
    0.9929375,
    0.992875,
    0.992375,
    0.9900625,
    0.993625
  ],
  "epoch_times_sec": [
    550.0402801036835,
    542.8318727016449,
    542.173700094223,
    542.4862537384033,
    542.279951095581,
    542.4537217617035,
    542.3153111934662,
    542.45862865448,
    542.4574439525604,
    542.2126331329346,
    542.2590205669403,
    542.6304214000702,
    541.6750934123993,
    541.9510540962219,
    541.7714750766754,
    541.83567070961,
    541.8105211257935,
    542.2776083946228,
    541.6872169971466,
    541.8573706150055,
    541.8268971443176,
    542.1001853942871,
    542.1174840927124,
    542.1323087215424,
    542.1951897144318,
    542.1390507221222
  ],
  "early_stop": {
    "enabled": true,
    "monitor": "val_loss",
    "best_epoch": 15,
    "best_value": 0.020374427250702865
  }
}