{
  "run_name": "fold_0",
  "train_losses": [
    0.11650913800485432,
    0.0402339764488861,
    0.02950480362656526,
    0.019554556294810028,
    0.018749707952491007,
    0.016212264732341282,
    0.014710589858121239,
    0.011328622304659803,
    0.013699377009645105,
    0.011441876635275548,
    0.011486458116909489,
    0.009661909184753313,
    0.009635200583070401,
    0.009490496637969045,
    0.009626307453072514,
    0.006704584985724068,
    0.007676856186109944,
    0.007322425948776072,
    0.006665400198471616,
    0.007435750293909223,
    0.005876876421709312,
    0.0076308323275879955,
    0.003097343074477976,
    0.006778223011751834,
    0.00530234012339497,
    0.005736365140139242
  ],
  "val_losses": [
    0.03913303467258811,
    0.09726678897812963,
    0.03621568979788572,
    0.04227626470010728,
    0.04487440100125968,
    0.024049386138096453,
    0.03152301523089409,
    0.03291091111768037,
    0.031125106763094663,
    0.03509009872446768,
    0.037107393101323397,
    0.03371113798813894,
    0.07617814372107387,
    0.02535325466352515,
    0.04177982339728624,
    0.022233091925852932,
    0.03010641693859361,
    0.03366190453839954,
    0.037563741170801225,
    0.023704854629701004,
    0.03637136742426082,
    0.028811814317828977,
    0.03365857603040058,
    0.022775190018466673,
    0.022798403025139122,
    0.02376346450392157
  ],
  "val_accs": [
    0.987125,
    0.97175,
    0.9876875,
    0.988,
    0.9864375,
    0.992625,
    0.9899375,
    0.9899375,
    0.9915,
    0.991125,
    0.989875,
    0.9909375,
    0.97775,
    0.992875,
    0.9885,
    0.9945,
    0.9920625,
    0.9915,
    0.9899375,
    0.993,
    0.9905,
    0.991875,
    0.9910625,
    0.9935,
    0.993,
    0.992625
  ],
  "epoch_times_sec": [
    547.5574719905853,
    541.474277973175,
    541.1637647151947,
    541.079108953476,
    541.8966310024261,
    541.8864016532898,
    542.3037405014038,
    542.3780326843262,
    542.0065593719482,
    542.2472598552704,
    542.0042428970337,
    542.2866854667664,
    542.3879301548004,
    542.3344147205353,
    542.3267817497253,
    542.4071047306061,
    542.4221470355988,
    542.2364614009857,
    542.3492777347565,
    542.7927799224854,
    542.5647485256195,
    544.8875603675842,
    543.438982963562,
    543.2679483890533,
    542.9835684299469,
    542.8350071907043
  ],
  "early_stop": {
    "enabled": true,
    "monitor": "val_loss",
    "best_epoch": 15,
    "best_value": 0.022233091925852932
  }
}