{
  "data_flag": "pathmnist",
  "num_classes": 9,
  "class_names": [
    "adipose",
    "background",
    "debris",
    "lymphocytes",
    "mucus",
    "smooth muscle",
    "normal colon mucosa",
    "cancer-associated stroma",
    "colorectal adenocarcinoma epithelium"
  ],
  "is_ensemble": false,
  "metrics": {
    "accuracy": 0.9714484679665738,
    "balanced_accuracy": 0.9607883767816838,
    "auc": 0.9984559312443311
  },
  "confusion_matrix": [
    [
      1330,
      0,
      0,
      0,
      5,
      2,
      1,
      0,
      0
    ],
    [
      0,
      847,
      0,
      0,
      0,
      0,
      0,
      0,
      0
    ],
    [
      0,
      0,
      339,
      0,
      0,
      0,
      0,
      0,
      0
    ],
    [
      0,
      0,
      0,
      634,
      0,
      0,
      0,
      0,
      0
    ],
    [
      8,
      1,
      0,
      0,
      1024,
      0,
      1,
      0,
      1
    ],
    [
      0,
      2,
      1,
      0,
      5,
      573,
      0,
      11,
      0
    ],
    [
      0,
      0,
      0,
      2,
      0,
      0,
      721,
      0,
      18
    ],
    [
      0,
      0,
      11,
      3,
      3,
      55,
      2,
      320,
      27
    ],
    [
      0,
      0,
      7,
      7,
      0,
      0,
      32,
      0,
      1187
    ]
  ],
  "counts": {
    "n_samples": 7180
  },
  "timing": {
    "eval_wall_sec": 17.82814598083496,
    "throughput_img_per_s": 402.7339695175489,
    "latency_ms_per_img": 2.483028688138574
  }
}