{
  "data_flag": "pathmnist",
  "num_classes": 9,
  "class_names": [
    "adipose",
    "background",
    "debris",
    "lymphocytes",
    "mucus",
    "smooth muscle",
    "normal colon mucosa",
    "cancer-associated stroma",
    "colorectal adenocarcinoma epithelium"
  ],
  "is_ensemble": false,
  "metrics": {
    "accuracy": 0.9566852367688022,
    "balanced_accuracy": 0.9466767552265138,
    "auc": 0.9980554384932544
  },
  "confusion_matrix": [
    [
      1327,
      1,
      1,
      0,
      5,
      3,
      1,
      0,
      0
    ],
    [
      0,
      847,
      0,
      0,
      0,
      0,
      0,
      0,
      0
    ],
    [
      0,
      0,
      339,
      0,
      0,
      0,
      0,
      0,
      0
    ],
    [
      0,
      0,
      0,
      634,
      0,
      0,
      0,
      0,
      0
    ],
    [
      15,
      28,
      0,
      0,
      979,
      0,
      3,
      8,
      2
    ],
    [
      0,
      0,
      46,
      0,
      0,
      506,
      0,
      39,
      1
    ],
    [
      0,
      0,
      0,
      1,
      1,
      0,
      726,
      0,
      13
    ],
    [
      0,
      0,
      21,
      0,
      4,
      48,
      4,
      334,
      10
    ],
    [
      0,
      0,
      22,
      8,
      0,
      0,
      26,
      0,
      1177
    ]
  ],
  "counts": {
    "n_samples": 7180
  },
  "timing": {
    "eval_wall_sec": 21.04727530479431,
    "throughput_img_per_s": 341.1367930538963,
    "latency_ms_per_img": 2.931375390639876
  }
}