{
  "data_flag": "pathmnist",
  "num_classes": 9,
  "class_names": [
    "adipose",
    "background",
    "debris",
    "lymphocytes",
    "mucus",
    "smooth muscle",
    "normal colon mucosa",
    "cancer-associated stroma",
    "colorectal adenocarcinoma epithelium"
  ],
  "is_ensemble": true,
  "metrics": {
    "accuracy": 0.9731197771587744,
    "balanced_accuracy": 0.9640162661519314,
    "auc": 0.9985321687150255
  },
  "confusion_matrix": [
    [
      1332,
      0,
      0,
      0,
      2,
      3,
      1,
      0,
      0
    ],
    [
      0,
      847,
      0,
      0,
      0,
      0,
      0,
      0,
      0
    ],
    [
      0,
      0,
      339,
      0,
      0,
      0,
      0,
      0,
      0
    ],
    [
      0,
      0,
      0,
      634,
      0,
      0,
      0,
      0,
      0
    ],
    [
      9,
      15,
      0,
      0,
      1010,
      0,
      0,
      0,
      1
    ],
    [
      0,
      0,
      0,
      0,
      0,
      569,
      0,
      23,
      0
    ],
    [
      0,
      0,
      0,
      2,
      1,
      0,
      727,
      0,
      11
    ],
    [
      0,
      0,
      8,
      1,
      2,
      55,
      0,
      334,
      21
    ],
    [
      0,
      0,
      6,
      5,
      0,
      0,
      27,
      0,
      1195
    ]
  ],
  "counts": {
    "n_samples": 7180
  },
  "timing": {
    "eval_wall_sec": 85.90864777565002,
    "throughput_img_per_s": 83.57715068162325,
    "latency_ms_per_img": 11.964992726413653
  }
}