{
  "data_flag": "pathmnist",
  "num_classes": 9,
  "class_names": [
    "adipose",
    "background",
    "debris",
    "lymphocytes",
    "mucus",
    "smooth muscle",
    "normal colon mucosa",
    "cancer-associated stroma",
    "colorectal adenocarcinoma epithelium"
  ],
  "is_ensemble": false,
  "metrics": {
    "accuracy": 0.966016713091922,
    "balanced_accuracy": 0.956970950148455,
    "auc": 0.9978908959791881
  },
  "confusion_matrix": [
    [
      1333,
      0,
      0,
      0,
      1,
      3,
      1,
      0,
      0
    ],
    [
      0,
      847,
      0,
      0,
      0,
      0,
      0,
      0,
      0
    ],
    [
      0,
      0,
      339,
      0,
      0,
      0,
      0,
      0,
      0
    ],
    [
      0,
      0,
      0,
      633,
      0,
      0,
      0,
      1,
      0
    ],
    [
      9,
      47,
      0,
      0,
      976,
      0,
      0,
      2,
      1
    ],
    [
      0,
      0,
      0,
      0,
      0,
      542,
      0,
      50,
      0
    ],
    [
      0,
      0,
      0,
      2,
      1,
      0,
      724,
      0,
      14
    ],
    [
      0,
      0,
      5,
      2,
      3,
      58,
      0,
      340,
      13
    ],
    [
      0,
      0,
      3,
      11,
      0,
      0,
      17,
      0,
      1202
    ]
  ],
  "counts": {
    "n_samples": 7180
  },
  "timing": {
    "eval_wall_sec": 17.80800151824951,
    "throughput_img_per_s": 403.18954334331045,
    "latency_ms_per_img": 2.4802230526809903
  }
}