{
  "run_name": "fold_3",
  "train_losses": [
    1.7593268950780232,
    1.575773599101048,
    1.4617724418640137,
    1.3702005112872404,
    1.2527892764876871,
    1.2773063989246594,
    1.1889172301572912,
    1.1496616099395005,
    1.100375473499298,
    1.0829223008716808,
    1.004421262180104,
    0.9208563203905143,
    0.8978480369436974,
    1.047734912704019,
    0.9311988739406362,
    0.8835969058906331,
    0.905050558202407,
    0.8240073650491004,
    0.8479611277580261,
    0.8103176957251979,
    0.7312036355336508,
    0.7132411599159241,
    0.8113690702354207,
    0.7261287488189399,
    0.5860513109786838,
    0.603752021111694,
    0.54292618468696,
    0.6310039676871955,
    0.6266217021381154,
    0.5518540593923307,
    0.5256208555371154,
    0.5396567325966031,
    0.507398855452444
  ],
  "val_losses": [
    4.376459176723774,
    1.4830113374269926,
    2.6016186750852146,
    1.3535179725060096,
    1.1073988263423626,
    1.3880143899184008,
    1.2856893906226525,
    1.244930313183711,
    1.4020221691865187,
    1.214660841685075,
    0.8572280636200538,
    0.9487116657770597,
    1.1637307084523714,
    0.9404871372076181,
    1.1742194524178138,
    0.9647997205074017,
    0.9597821556604825,
    1.5384078942812407,
    1.1517627330926747,
    1.010094193311838,
    0.8545774679917556,
    1.3311154200480535,
    0.8362896075615516,
    0.8835060779864972,
    0.8965831376039065,
    1.078545114168754,
    0.9682974173472478,
    1.2702464690575233,
    1.1510602419192975,
    0.919082909822464,
    1.0259588865133433,
    1.319647701886984,
    1.1119910753690279
  ],
  "val_accs": [
    0.1224739742804654,
    0.6668707899571341,
    0.6344151867728107,
    0.6772810777709737,
    0.5590936925903246,
    0.6601347213717085,
    0.5897121861604409,
    0.5352112676056338,
    0.4923453766074709,
    0.6858542559706062,
    0.6644213104715248,
    0.7189222290263318,
    0.5860379669320269,
    0.5958358848744642,
    0.6974892835272505,
    0.653398652786283,
    0.709736680955297,
    0.642375995101041,
    0.6601347213717085,
    0.7085119412124924,
    0.676056338028169,
    0.5315370483772198,
    0.7256582976117575,
    0.6362522963870177,
    0.747091243110839,
    0.7403551745254133,
    0.7158603796693203,
    0.7238211879975506,
    0.6956521739130435,
    0.6944274341702388,
    0.7532149418248623,
    0.6313533374157991,
    0.7630128597672995
  ],
  "epoch_times_sec": [
    8.466848134994507,
    6.315648317337036,
    6.170248031616211,
    6.288532257080078,
    6.2748863697052,
    6.036736965179443,
    6.219334125518799,
    6.165375471115112,
    6.274401664733887,
    6.183502197265625,
    6.203625917434692,
    6.187605619430542,
    6.328087329864502,
    6.374106168746948,
    6.16906213760376,
    6.375878095626831,
    6.238324165344238,
    6.24428129196167,
    6.382901906967163,
    6.094786882400513,
    6.155072927474976,
    6.300525665283203,
    6.224494934082031,
    6.241479158401489,
    6.162397623062134,
    6.321251392364502,
    6.378359794616699,
    6.209027290344238,
    6.200772523880005,
    6.173320770263672,
    6.242570161819458,
    6.306611776351929,
    6.1644697189331055
  ],
  "total_train_sec": 208.9808394908905,
  "early_stop": {
    "enabled": true,
    "monitor": "val_loss",
    "best_epoch": 22,
    "best_value": 0.8362896075615516
  }
}