{
  "run_name": "fold_2",
  "train_losses": [
    1.785127464462729,
    1.5624100226981967,
    1.471901718307944,
    1.3087374883539535,
    1.3347150624967088,
    1.2260223942644455,
    1.2440385923666113,
    1.1423839213801366,
    1.086264529648949,
    1.0351165030516831,
    0.9743712743123373,
    1.019075616901996,
    0.8933554034607083,
    0.9072580267401302,
    0.7959031713943855,
    0.8798941917279187,
    0.8642236403390473,
    0.8253092070420583,
    0.7828475166769588,
    0.7711159271352431,
    0.759745797105864,
    0.711816599556044,
    0.7198231722794327,
    0.6838849607635947,
    0.6093193432864021
  ],
  "val_losses": [
    1.7604130139717689,
    1.4620037078857422,
    1.6396224040251512,
    1.1896170331881597,
    1.8628351871783917,
    1.660201934667734,
    1.5810252794852624,
    1.6637055415373583,
    1.5825347716991718,
    1.2825131095372713,
    1.1303145335270808,
    1.4257079775516803,
    1.1502079917834356,
    1.4340111246475806,
    0.9970715137628409,
    1.1395851694620573,
    1.4335524073013892,
    1.0196569699507494,
    1.0677606876079853,
    1.0356935950425954,
    1.4398511785727282,
    1.026019545701834,
    1.125237925694539,
    1.3076933530660777,
    1.3657363607333257
  ],
  "val_accs": [
    0.642375995101041,
    0.6974892835272505,
    0.27311696264543783,
    0.6448254745866503,
    0.6656460502143294,
    0.6497244335578689,
    0.7140232700551132,
    0.642375995101041,
    0.5254133496631965,
    0.49785670545009186,
    0.6527862829148806,
    0.6166564605021433,
    0.6638089406001225,
    0.6858542559706062,
    0.674219228413962,
    0.7170851194121249,
    0.7440293937538273,
    0.6227801592161666,
    0.6938150642988365,
    0.6846295162278015,
    0.7250459277403551,
    0.6766687078995713,
    0.7372933251684017,
    0.7587262706674831,
    0.7121861604409063
  ],
  "epoch_times_sec": [
    8.43445348739624,
    6.1060590744018555,
    6.086462497711182,
    6.245077848434448,
    6.238142728805542,
    6.200062036514282,
    6.072500944137573,
    6.212141036987305,
    6.220953941345215,
    6.2526116371154785,
    6.098209857940674,
    6.212363004684448,
    6.1478376388549805,
    6.081917762756348,
    6.256913661956787,
    6.141570806503296,
    6.215901136398315,
    6.23154091835022,
    6.172889232635498,
    6.29672646522522,
    6.3332555294036865,
    6.101641654968262,
    6.082219839096069,
    6.262705564498901,
    6.265253067016602
  ],
  "total_train_sec": 157.64080142974854,
  "early_stop": {
    "enabled": true,
    "monitor": "val_loss",
    "best_epoch": 14,
    "best_value": 0.9970715137628409
  }
}