{
  "run_name": "fold_1",
  "train_losses": [
    1.6962584350623338,
    1.4450010785869523,
    1.3433046013701195,
    1.36596963335486,
    1.2433720277804954,
    1.1450906021922242,
    1.074441050781923,
    1.0415191206277585,
    1.0673089740323085,
    1.0124811705421,
    0.9650734324081272,
    0.8942772827896417,
    0.8872549674090218,
    0.920941016253303,
    0.8507218536208657,
    0.7650692644072514,
    0.8010742728616677,
    0.8751815218551486,
    0.7996124730390661,
    0.6913855461513295,
    0.6586132873507107,
    0.629957108520994,
    0.6719031363141303,
    0.5996911852967506,
    0.6076529522736868,
    0.5979214789820653,
    0.6015479535448784,
    0.49460427550708547
  ],
  "val_losses": [
    1.4216876075817988,
    1.3921253360234773,
    1.5226992552097027,
    1.2657656761316152,
    1.1142273957912738,
    1.6568993146602924,
    1.3068296496684735,
    0.9465047625394968,
    1.1601900458335876,
    1.0585813430639415,
    0.9525198019467868,
    1.6691668262848487,
    1.0169891256552477,
    1.0052968722123365,
    1.0444700442827666,
    1.0526857055150545,
    1.0126064282197218,
    0.8385632175665635,
    1.0103092101904063,
    1.0198664619372442,
    1.0810442566871643,
    1.4216912480501027,
    1.0771541320360625,
    1.0087433549074025,
    0.9878662320283743,
    1.0105685729246874,
    1.15446498302313,
    1.15112998852363
  ],
  "val_accs": [
    0.6644213104715248,
    0.6619718309859155,
    0.4647887323943662,
    0.6729944886711574,
    0.5235762400489896,
    0.51316595223515,
    0.6797305572565829,
    0.6962645437844458,
    0.548683404776485,
    0.6013472137170851,
    0.7072872014696877,
    0.6717697489283527,
    0.640538885486834,
    0.5235762400489896,
    0.6129822412737294,
    0.6191059399877527,
    0.6717697489283527,
    0.6674831598285365,
    0.6809552969993876,
    0.7091243110838946,
    0.6846295162278015,
    0.7452541334966319,
    0.6852418860992039,
    0.7281077770973668,
    0.6258420085731782,
    0.6693202694427434,
    0.6932026944274342,
    0.7507654623392529
  ],
  "epoch_times_sec": [
    8.400906562805176,
    6.199854373931885,
    6.216864109039307,
    6.1165149211883545,
    6.189596176147461,
    6.160260200500488,
    6.274948596954346,
    6.1585211753845215,
    6.1224987506866455,
    6.335774660110474,
    6.1562488079071045,
    6.14191460609436,
    6.164498805999756,
    6.3450608253479,
    6.292067050933838,
    6.147323369979858,
    6.151013612747192,
    6.153483867645264,
    6.204013109207153,
    6.012235403060913,
    6.128934144973755,
    5.998414039611816,
    6.115859270095825,
    6.012941598892212,
    6.141384840011597,
    5.993149518966675,
    6.085351943969727,
    6.0350236892700195
  ],
  "total_train_sec": 175.28087735176086,
  "early_stop": {
    "enabled": true,
    "monitor": "val_loss",
    "best_epoch": 17,
    "best_value": 0.8385632175665635
  }
}