{
  "run_name": "fold_4",
  "train_losses": [
    1.6913504834268607,
    1.4954671275381948,
    1.3386634541492837,
    1.299007913645576,
    1.2705157866664962,
    1.1717891003571304,
    1.1688063460237839,
    1.0414613356777267,
    1.059062300943861,
    0.9892146412064048,
    0.9605002882433873,
    0.9343399311981949,
    0.9482102966776081,
    0.8687720462387684,
    0.8860697185291964,
    0.742412874511644,
    0.7454888867396935,
    0.7357511777503818,
    0.752714009845958,
    0.8065058460422591,
    0.8260201315085093,
    0.7232068198568681,
    0.7320831213511673,
    0.63553638902365,
    0.5802215641620112,
    0.5829584919938854
  ],
  "val_losses": [
    1.8455091898257916,
    1.7418566208619337,
    1.400113004904527,
    1.9671982710178082,
    1.6646920946928172,
    1.0859230206562922,
    1.4727389629070575,
    1.0650193462005029,
    1.3950008062215953,
    1.1338752233065093,
    1.0570919742951026,
    1.4052223792442908,
    1.163748493561378,
    1.2455103580768292,
    1.645893170283391,
    1.0067888773404634,
    1.0285609456209035,
    1.2686706368739789,
    1.445136900131519,
    1.2368276256781359,
    1.098089105807818,
    1.400596572802617,
    1.008637547492981,
    1.4241471749085646,
    1.1928034929128795,
    1.2047845767094538
  ],
  "val_accs": [
    0.6582976117575016,
    0.33619105939987753,
    0.6062461726883037,
    0.3759951010410288,
    0.6981016533986528,
    0.6895284751990202,
    0.554194733619106,
    0.683404776484997,
    0.7023882424984691,
    0.5927740355174526,
    0.6289038579301899,
    0.5958358848744642,
    0.6656460502143294,
    0.6264543784445805,
    0.5713410900183711,
    0.6687078995713411,
    0.6693202694427434,
    0.6883037354562156,
    0.7728107777097367,
    0.6289038579301899,
    0.6797305572565829,
    0.5884874464176363,
    0.7146356399265156,
    0.7372933251684017,
    0.7066748315982854,
    0.704225352112676
  ],
  "epoch_times_sec": [
    8.967434883117676,
    6.151329040527344,
    6.272765159606934,
    6.141623020172119,
    6.193562746047974,
    6.157078504562378,
    6.264617443084717,
    6.262379169464111,
    6.317838668823242,
    6.231355905532837,
    6.161595344543457,
    6.088233232498169,
    6.029963493347168,
    6.372562408447266,
    6.013046979904175,
    6.139712572097778,
    6.33258843421936,
    6.264277458190918,
    6.25269627571106,
    6.231403112411499,
    6.329644441604614,
    6.223305702209473,
    6.198982238769531,
    6.221511363983154,
    6.070380926132202,
    6.052018642425537
  ],
  "total_train_sec": 164.7117211818695,
  "early_stop": {
    "enabled": true,
    "monitor": "val_loss",
    "best_epoch": 15,
    "best_value": 1.0067888773404634
  }
}