{
  "run_name": "fold_0",
  "train_losses": [
    1.7233014550863528,
    1.4953536823684095,
    1.4000926800802642,
    1.3381559170928656,
    1.3095496156636406,
    1.2575471833640455,
    1.1200585493854447,
    1.1022270111476673,
    1.079560234266169,
    1.0774031129537844,
    1.0164580964574628,
    0.972183932276333,
    0.9538965599209654,
    1.0202103327302372,
    0.9064977250847162,
    0.8364866235676933,
    0.8339675115604027,
    0.81320875415615,
    0.8135530118848763,
    0.8275076431386611,
    0.7768544075535793,
    0.7374559933064031,
    0.7461721061491499,
    0.7025039458976072,
    0.7125735236149208
  ],
  "val_losses": [
    2.225587248802185,
    2.1513114984218893,
    1.4470900022066557,
    1.2684959815098689,
    1.894106965798598,
    1.173232206931481,
    2.201238623032203,
    1.1023779282203088,
    1.8555324719502375,
    1.3529949830128596,
    1.4852371445068946,
    1.047895495708172,
    1.0249187441972585,
    1.0758858414796681,
    0.8632564865625821,
    1.2479221178935125,
    1.1264739953554594,
    1.3487359377054067,
    1.081580680150252,
    1.1655173164147596,
    1.033029088607201,
    1.1608114655201252,
    1.1177070094988897,
    1.2793205838937025,
    1.2180079175875738
  ],
  "val_accs": [
    0.5581395348837209,
    0.642594859241126,
    0.6493268053855569,
    0.3935128518971848,
    0.6872705018359853,
    0.6664626682986536,
    0.4339045287637699,
    0.6695226438188494,
    0.6940024479804161,
    0.652998776009792,
    0.6517747858017136,
    0.5862913096695227,
    0.6132190942472461,
    0.7062423500611995,
    0.6297429620563035,
    0.5593635250917993,
    0.7337821297429621,
    0.6560587515299877,
    0.572827417380661,
    0.5201958384332925,
    0.7111383108935129,
    0.6285189718482252,
    0.6015911872705019,
    0.6646266829865362,
    0.6829865361077111
  ],
  "epoch_times_sec": [
    9.271831035614014,
    5.946581125259399,
    6.095336675643921,
    6.027775287628174,
    6.1880943775177,
    6.157611131668091,
    6.040803670883179,
    5.989735126495361,
    5.960579872131348,
    6.176378011703491,
    6.047990083694458,
    6.166412115097046,
    6.22419810295105,
    6.210361957550049,
    6.060181617736816,
    5.959921598434448,
    6.182005167007446,
    6.176132440567017,
    6.196854829788208,
    6.212580680847168,
    6.234495401382446,
    6.192997217178345,
    6.194089412689209,
    6.15342378616333,
    6.0952959060668945
  ],
  "total_train_sec": 156.81531405448914,
  "early_stop": {
    "enabled": true,
    "monitor": "val_loss",
    "best_epoch": 14,
    "best_value": 0.8632564865625821
  }
}