{
  "data_flag": "dermamnist-e",
  "num_classes": 7,
  "class_names": [
    "actinic keratoses and intraepithelial carcinoma",
    "basal cell carcinoma",
    "benign keratosis-like lesions",
    "dermatofibroma",
    "melanoma",
    "melanocytic nevi",
    "vascular lesions"
  ],
  "is_ensemble": false,
  "metrics": {
    "accuracy": 0.6439444076770351,
    "balanced_accuracy": 0.5461799756301842,
    "auc": 0.8918400214817671
  },
  "confusion_matrix": [
    [
      16,
      4,
      14,
      6,
      3,
      0,
      0
    ],
    [
      18,
      53,
      12,
      4,
      0,
      1,
      5
    ],
    [
      12,
      10,
      142,
      2,
      15,
      29,
      7
    ],
    [
      7,
      3,
      4,
      26,
      0,
      0,
      4
    ],
    [
      13,
      4,
      53,
      13,
      35,
      49,
      4
    ],
    [
      4,
      12,
      83,
      67,
      28,
      677,
      37
    ],
    [
      0,
      10,
      0,
      1,
      0,
      0,
      24
    ]
  ],
  "counts": {
    "n_samples": 1511
  },
  "timing": {
    "eval_wall_sec": 0.7953214645385742,
    "throughput_img_per_s": 1899.860707112494,
    "latency_ms_per_img": 0.5263543775900558
  }
}