{
  "data_flag": "dermamnist-e",
  "num_classes": 7,
  "class_names": [
    "actinic keratoses and intraepithelial carcinoma",
    "basal cell carcinoma",
    "benign keratosis-like lesions",
    "dermatofibroma",
    "melanoma",
    "melanocytic nevi",
    "vascular lesions"
  ],
  "is_ensemble": false,
  "metrics": {
    "accuracy": 0.6366644606221046,
    "balanced_accuracy": 0.5907500369827492,
    "auc": 0.9055109036527881
  },
  "confusion_matrix": [
    [
      14,
      16,
      9,
      2,
      2,
      0,
      0
    ],
    [
      3,
      80,
      6,
      0,
      1,
      1,
      2
    ],
    [
      12,
      20,
      140,
      4,
      19,
      21,
      1
    ],
    [
      5,
      9,
      1,
      27,
      0,
      0,
      2
    ],
    [
      10,
      10,
      54,
      3,
      72,
      18,
      4
    ],
    [
      6,
      49,
      119,
      14,
      94,
      608,
      18
    ],
    [
      0,
      13,
      0,
      1,
      0,
      0,
      21
    ]
  ],
  "counts": {
    "n_samples": 1511
  },
  "timing": {
    "eval_wall_sec": 0.7361454963684082,
    "throughput_img_per_s": 2052.5833649110737,
    "latency_ms_per_img": 0.48719093075341374
  }
}