{
  "data_flag": "dermamnist-e",
  "num_classes": 7,
  "class_names": [
    "actinic keratoses and intraepithelial carcinoma",
    "basal cell carcinoma",
    "benign keratosis-like lesions",
    "dermatofibroma",
    "melanoma",
    "melanocytic nevi",
    "vascular lesions"
  ],
  "is_ensemble": false,
  "metrics": {
    "accuracy": 0.5982792852415619,
    "balanced_accuracy": 0.6105609969708281,
    "auc": 0.9020831566653794
  },
  "confusion_matrix": [
    [
      22,
      7,
      6,
      3,
      5,
      0,
      0
    ],
    [
      13,
      44,
      6,
      20,
      4,
      4,
      2
    ],
    [
      25,
      7,
      96,
      5,
      60,
      19,
      5
    ],
    [
      1,
      2,
      0,
      34,
      1,
      5,
      1
    ],
    [
      11,
      1,
      17,
      5,
      128,
      6,
      3
    ],
    [
      3,
      13,
      43,
      12,
      244,
      555,
      38
    ],
    [
      0,
      4,
      0,
      4,
      1,
      1,
      25
    ]
  ],
  "counts": {
    "n_samples": 1511
  },
  "timing": {
    "eval_wall_sec": 1.633833885192871,
    "throughput_img_per_s": 924.8186206039112,
    "latency_ms_per_img": 1.0812931073414105
  }
}