{
  "data_flag": "dermamnist-e",
  "num_classes": 7,
  "class_names": [
    "actinic keratoses and intraepithelial carcinoma",
    "basal cell carcinoma",
    "benign keratosis-like lesions",
    "dermatofibroma",
    "melanoma",
    "melanocytic nevi",
    "vascular lesions"
  ],
  "is_ensemble": false,
  "metrics": {
    "accuracy": 0.6247518199867638,
    "balanced_accuracy": 0.6242492922942772,
    "auc": 0.9133556107349448
  },
  "confusion_matrix": [
    [
      26,
      4,
      4,
      6,
      3,
      0,
      0
    ],
    [
      15,
      40,
      6,
      16,
      4,
      1,
      11
    ],
    [
      24,
      14,
      111,
      7,
      38,
      21,
      2
    ],
    [
      5,
      2,
      1,
      30,
      0,
      5,
      1
    ],
    [
      17,
      0,
      28,
      7,
      95,
      17,
      7
    ],
    [
      22,
      14,
      78,
      29,
      133,
      610,
      22
    ],
    [
      0,
      3,
      0,
      0,
      0,
      0,
      32
    ]
  ],
  "counts": {
    "n_samples": 1511
  },
  "timing": {
    "eval_wall_sec": 0.6658751964569092,
    "throughput_img_per_s": 2269.193999175762,
    "latency_ms_per_img": 0.440685106854341
  }
}