{
  "run_name": "fold_4",
  "train_losses": [
    0.12355458894028114,
    0.05085198122721452,
    0.04381266401077692,
    0.032861316576600075,
    0.02405634207221178,
    0.03172488544637767,
    0.02657290818527914,
    0.029133374390837092,
    0.02140185826171476,
    0.019818946522159073,
    0.01406500969404498,
    0.011901305809330482,
    0.012890111019190114,
    0.020588403809457444,
    0.025340469697347053,
    0.012966718542604493,
    0.007715658508599377,
    0.012437038213157883,
    0.015350675402889745,
    0.012552851631950874,
    0.010686804665825687,
    0.012480805905607458
  ],
  "val_losses": [
    0.054207252604620795,
    0.31862486473151613,
    0.14535873809031077,
    0.04714171455374786,
    0.036921110802463124,
    0.04410053177603653,
    0.032611005806497166,
    0.03692314188395228,
    0.08787491864391736,
    0.061021950628076284,
    0.03349815628358296,
    0.023933717648365667,
    0.04434623196721077,
    0.04809322567390544,
    0.10356019330876214,
    0.02691864681297115,
    0.05890933610498905,
    0.03977095681641783,
    0.12067944662911552,
    0.05012101719954184,
    0.059692313628537316,
    0.06855653758559908
  ],
  "val_accs": [
    0.972520908004779,
    0.8040621266427718,
    0.8888888888888888,
    0.977299880525687,
    0.97610513739546,
    0.9796893667861409,
    0.985663082437276,
    0.97610513739546,
    0.927120669056153,
    0.956989247311828,
    0.982078853046595,
    0.983273596176822,
    0.965352449223417,
    0.97610513739546,
    0.9713261648745519,
    0.983273596176822,
    0.985663082437276,
    0.986857825567503,
    0.9605734767025089,
    0.9689366786140979,
    0.974910394265233,
    0.977299880525687
  ],
  "epoch_times_sec": [
    5.016296625137329,
    3.613438367843628,
    3.6804816722869873,
    3.6412956714630127,
    3.5195627212524414,
    3.6189799308776855,
    3.5650265216827393,
    3.499629020690918,
    3.6401610374450684,
    3.5902249813079834,
    3.590207099914551,
    3.600715398788452,
    3.663620948791504,
    3.7487640380859375,
    3.5394532680511475,
    3.56665301322937,
    3.678908348083496,
    3.6002533435821533,
    3.6172478199005127,
    3.54020619392395,
    3.599381446838379,
    3.6141695976257324
  ],
  "total_train_sec": 81.28651881217957,
  "early_stop": {
    "enabled": true,
    "monitor": "val_loss",
    "best_epoch": 11,
    "best_value": 0.023933717648365667
  }
}