{
  "run_name": "fold_1",
  "train_losses": [
    0.11465528091559044,
    0.049113609398213715,
    0.03471561571439871,
    0.03776455324931213,
    0.029127579146566298,
    0.032068895462613836,
    0.025803167995316192,
    0.024834739295049355,
    0.027640418113710787,
    0.0172502829406697,
    0.015286808654379386,
    0.023573761250680454,
    0.0155557557546462,
    0.0173458330010852,
    0.013768273965419771,
    0.013146068994851353,
    0.013255840176358245,
    0.010015008675579268,
    0.010851774293069657,
    0.006176486246449013,
    0.01855640613939613,
    0.01924656094230998
  ],
  "val_losses": [
    0.07564901933073997,
    0.048694588776145666,
    0.12184089635099683,
    0.04939651356211731,
    0.10157195052930287,
    0.06008109131029674,
    0.032846279974494665,
    0.0739982428827456,
    0.11668649209397179,
    0.03405272801007543,
    0.04819732877824988,
    0.018889116921595166,
    0.023863604059442878,
    0.034025377460888455,
    0.0314127412358565,
    0.060316836927086115,
    0.02516559333473976,
    0.038161870823907,
    0.038001656000103266,
    0.06243812585515635,
    0.02738900189953191,
    0.05972451477178505
  ],
  "val_accs": [
    0.965352449223417,
    0.978494623655914,
    0.8745519713261649,
    0.951015531660693,
    0.9163679808841099,
    0.9438470728793309,
    0.97610513739546,
    0.967741935483871,
    0.9581839904420549,
    0.978494623655914,
    0.980884109916368,
    0.985663082437276,
    0.986857825567503,
    0.972520908004779,
    0.98805256869773,
    0.980884109916368,
    0.98805256869773,
    0.977299880525687,
    0.98805256869773,
    0.984468339307049,
    0.974910394265233,
    0.9796893667861409
  ],
  "epoch_times_sec": [
    5.046862363815308,
    3.6566126346588135,
    3.721749782562256,
    3.670039415359497,
    3.6908254623413086,
    3.594554901123047,
    3.682861328125,
    3.6207938194274902,
    3.638657331466675,
    3.748098134994507,
    3.7675764560699463,
    3.6682560443878174,
    3.557249069213867,
    3.7134974002838135,
    3.6786463260650635,
    3.7491400241851807,
    3.5860085487365723,
    3.637068748474121,
    3.5861220359802246,
    3.6614086627960205,
    3.676335096359253,
    3.5732712745666504
  ],
  "total_train_sec": 82.45751810073853,
  "early_stop": {
    "enabled": true,
    "monitor": "val_loss",
    "best_epoch": 11,
    "best_value": 0.018889116921595166
  }
}