{
  "run_name": "fold_2",
  "train_losses": [
    0.11339545751420352,
    0.045826985858953916,
    0.04177328277952396,
    0.030525855272291944,
    0.0294218877187142,
    0.026193742407485843,
    0.026350530428596988,
    0.02193589829123364,
    0.013085329394715909,
    0.013855745648750318,
    0.016209178237029567,
    0.018940160552469585,
    0.012277594301849604,
    0.021353914832266476,
    0.013136454105663758,
    0.01039932065983661,
    0.009729313722345978,
    0.02096617936443251,
    0.01723335697226083
  ],
  "val_losses": [
    0.8515884450503758,
    0.09865665861538478,
    0.05147317105105945,
    0.06920141407421657,
    0.055886171758174896,
    0.03892517409154347,
    0.04466187049235616,
    0.04312928340264729,
    0.03173779257174049,
    0.10053683923823493,
    0.04041726687656982,
    0.05181822979024479,
    0.03711401165596077,
    0.12408192242894854,
    0.03517148716907416,
    0.04041431870843683,
    0.04587422737053463,
    0.06608422739165169,
    0.06623224701200213
  ],
  "val_accs": [
    0.6678614097968937,
    0.9080047789725209,
    0.978494623655914,
    0.9498207885304659,
    0.953405017921147,
    0.9796893667861409,
    0.9689366786140979,
    0.974910394265233,
    0.982078853046595,
    0.9629629629629629,
    0.974910394265233,
    0.972520908004779,
    0.974910394265233,
    0.959378733572282,
    0.977299880525687,
    0.972520908004779,
    0.977299880525687,
    0.937873357228196,
    0.948626045400239
  ],
  "epoch_times_sec": [
    5.061298608779907,
    3.6798202991485596,
    3.5780513286590576,
    3.572801351547241,
    3.45443058013916,
    3.50898814201355,
    3.7160587310791016,
    3.6340677738189697,
    3.659353494644165,
    3.72478985786438,
    3.58022403717041,
    3.6422479152679443,
    3.585303783416748,
    3.698092222213745,
    3.6985883712768555,
    3.6094677448272705,
    3.6489334106445312,
    3.6401631832122803,
    3.549374580383301
  ],
  "total_train_sec": 70.79773545265198,
  "early_stop": {
    "enabled": true,
    "monitor": "val_loss",
    "best_epoch": 8,
    "best_value": 0.03173779257174049
  }
}