{
  "run_name": "fold_0",
  "train_losses": [
    0.14393859370969808,
    0.04791076989987722,
    0.04454816802619742,
    0.03481114852743653,
    0.03498306050180243,
    0.02380830477564954,
    0.020850366259065386,
    0.01848431434840537,
    0.020942928090405006,
    0.014298310100387495,
    0.01875238586217165,
    0.01662377315089823,
    0.015881947743204925,
    0.01120327592182618,
    0.01002497408234586,
    0.01607022604618508,
    0.010213416454812082,
    0.012593612442008005,
    0.01396103927310413,
    0.014554577145295648,
    0.016142197517463222,
    0.018919069113997884,
    0.01136588655376377,
    0.017460729026844583,
    0.01658109455064942,
    0.00562822058922253,
    0.0055131643491152385,
    0.006348442427294616,
    0.011145047199813863
  ],
  "val_losses": [
    0.37747203026499065,
    0.14482308604887553,
    0.04308939033320972,
    0.03553839772939682,
    0.030023377388715744,
    0.037220212897019725,
    0.02680183108896017,
    0.03620538408202784,
    0.14211833902767726,
    0.02836497367492744,
    0.02443002723157406,
    0.03489230240562132,
    0.03933039068111351,
    0.0553722328373364,
    0.030699446930416992,
    0.079227833875588,
    0.025383791686700925,
    0.06092758223946605,
    0.022504038909184083,
    0.04448036051222256,
    0.036429100802966526,
    0.044542345883590836,
    0.12994996245418275,
    0.16234533275876725,
    0.023585864276226078,
    0.028190272128475562,
    0.037481176966269104,
    0.025871296546288898,
    0.03912879513310535
  ],
  "val_accs": [
    0.7741935483870968,
    0.9498207885304659,
    0.961768219832736,
    0.980884109916368,
    0.9796893667861409,
    0.967741935483871,
    0.973715651135006,
    0.97610513739546,
    0.951015531660693,
    0.972520908004779,
    0.983273596176822,
    0.984468339307049,
    0.970131421744325,
    0.972520908004779,
    0.972520908004779,
    0.967741935483871,
    0.982078853046595,
    0.978494623655914,
    0.977299880525687,
    0.96415770609319,
    0.9713261648745519,
    0.970131421744325,
    0.9605734767025089,
    0.8936678614097969,
    0.982078853046595,
    0.978494623655914,
    0.984468339307049,
    0.982078853046595,
    0.982078853046595
  ],
  "epoch_times_sec": [
    5.355101585388184,
    3.715331554412842,
    3.636146068572998,
    3.7581186294555664,
    3.6460344791412354,
    3.6472814083099365,
    3.5588741302490234,
    3.6639530658721924,
    3.572951316833496,
    3.798576593399048,
    3.775212526321411,
    3.7926135063171387,
    3.863138437271118,
    3.7642650604248047,
    3.579613447189331,
    3.6280505657196045,
    3.7554140090942383,
    3.7470862865448,
    3.612579107284546,
    3.7791473865509033,
    3.7774810791015625,
    3.8118133544921875,
    3.7016162872314453,
    3.7807724475860596,
    3.7467494010925293,
    3.7623746395111084,
    3.657982587814331,
    3.594374179840088,
    3.67445969581604
  ],
  "total_train_sec": 110.00540089607239,
  "early_stop": {
    "enabled": true,
    "monitor": "val_loss",
    "best_epoch": 18,
    "best_value": 0.022504038909184083
  }
}