{
  "run_name": "fold_3",
  "train_losses": [
    0.1316895499252356,
    0.049893334651222594,
    0.039342657304727115,
    0.027621388327903472,
    0.03104742315526192,
    0.02989385285987877,
    0.02908788499637292,
    0.020907494920090988,
    0.015386486578231247,
    0.013871484780863214,
    0.017179589637985025,
    0.02448878541158942,
    0.019825002733761303,
    0.019042851976477183,
    0.016253581297440596,
    0.01542733502216064,
    0.009178167070226314,
    0.00848299856387222
  ],
  "val_losses": [
    0.12830364810568945,
    0.04138362514121192,
    0.042222436517477036,
    0.05215681151353887,
    0.15043542640549795,
    0.04153295659593174,
    0.039973734478865354,
    0.03634357445740274,
    0.04541685299149582,
    0.04992713433291231,
    0.0522802549946521,
    0.05630502583725112,
    0.06315276625433139,
    0.042744251034621684,
    0.05937086045742035,
    0.07902339739458901,
    0.04301974709544863,
    0.07222590568874564
  ],
  "val_accs": [
    0.8817204301075269,
    0.965352449223417,
    0.9629629629629629,
    0.967741935483871,
    0.945041816009558,
    0.9581839904420549,
    0.970131421744325,
    0.9713261648745519,
    0.978494623655914,
    0.9713261648745519,
    0.9796893667861409,
    0.9438470728793309,
    0.9796893667861409,
    0.967741935483871,
    0.97610513739546,
    0.970131421744325,
    0.978494623655914,
    0.973715651135006
  ],
  "epoch_times_sec": [
    5.052834987640381,
    3.615351915359497,
    3.620697498321533,
    3.5898776054382324,
    3.6828629970550537,
    3.568855047225952,
    3.851184129714966,
    3.826453685760498,
    3.7122278213500977,
    3.552277088165283,
    3.7192697525024414,
    3.753883123397827,
    3.5400872230529785,
    3.6256885528564453,
    3.565171480178833,
    3.671840190887451,
    3.495237112045288,
    3.6198813915252686
  ],
  "total_train_sec": 67.51994609832764,
  "early_stop": {
    "enabled": true,
    "monitor": "val_loss",
    "best_epoch": 7,
    "best_value": 0.03634357445740274
  }
}