{
  "data_flag": "pneumoniamnist",
  "num_classes": 2,
  "class_names": [
    "normal",
    "pneumonia"
  ],
  "is_ensemble": false,
  "metrics": {
    "accuracy": 0.9166666666666666,
    "balanced_accuracy": 0.8905982905982905,
    "auc": 0.9911461757615603
  },
  "confusion_matrix": [
    [
      184,
      50
    ],
    [
      2,
      388
    ]
  ],
  "counts": {
    "n_samples": 624
  },
  "timing": {
    "eval_wall_sec": 0.40792059898376465,
    "throughput_img_per_s": 1529.7094619750628,
    "latency_ms_per_img": 0.653718908627828
  }
}