{
  "data_flag": "pneumoniamnist",
  "num_classes": 2,
  "class_names": [
    "normal",
    "pneumonia"
  ],
  "is_ensemble": false,
  "metrics": {
    "accuracy": 0.9375,
    "balanced_accuracy": 0.9192307692307693,
    "auc": 0.9885930309007231
  },
  "confusion_matrix": [
    [
      198,
      36
    ],
    [
      3,
      387
    ]
  ],
  "counts": {
    "n_samples": 624
  },
  "timing": {
    "eval_wall_sec": 0.4357779026031494,
    "throughput_img_per_s": 1431.9220783626083,
    "latency_ms_per_img": 0.698362023402483
  }
}