{
  "data_flag": "pneumoniamnist",
  "num_classes": 2,
  "class_names": [
    "normal",
    "pneumonia"
  ],
  "is_ensemble": false,
  "metrics": {
    "accuracy": 0.9487179487179487,
    "balanced_accuracy": 0.9341880341880342,
    "auc": 0.9912886259040106
  },
  "confusion_matrix": [
    [
      205,
      29
    ],
    [
      3,
      387
    ]
  ],
  "counts": {
    "n_samples": 624
  },
  "timing": {
    "eval_wall_sec": 0.42864298820495605,
    "throughput_img_per_s": 1455.7569286579203,
    "latency_ms_per_img": 0.6869278657130706
  }
}