{
  "data_flag": "pneumoniamnist",
  "num_classes": 2,
  "class_names": [
    "normal",
    "pneumonia"
  ],
  "is_ensemble": true,
  "metrics": {
    "accuracy": 0.9342948717948718,
    "balanced_accuracy": 0.9132478632478633,
    "auc": 0.992713127328512
  },
  "confusion_matrix": [
    [
      194,
      40
    ],
    [
      1,
      389
    ]
  ],
  "counts": {
    "n_samples": 624
  },
  "timing": {
    "eval_wall_sec": 0.8433189392089844,
    "throughput_img_per_s": 739.9335779003126,
    "latency_ms_per_img": 1.351472658988757
  }
}