{
  "run_name": "fold_4",
  "train_losses": [
    1.560913074016571,
    1.189817151427269,
    1.0498727768659593,
    0.9177855640649796,
    0.8474544301629067,
    0.7050494350492954,
    0.6566261626780033,
    0.6041971504688263,
    0.4949693247675896,
    0.4186940021812916,
    0.5688484609127045,
    0.5949833579361439,
    0.5463932812213897,
    0.36341979168355465,
    0.33715471960604193,
    0.3180349115282297,
    0.4202472368255258,
    0.4206154294312,
    0.30390436127781867,
    0.23000344261527061,
    0.18578588925302028,
    0.16315361764281988,
    0.12696898989379407,
    0.10002501364797353,
    0.07125327307730914,
    0.05923539218492806,
    0.06789378323592246,
    0.05955072771757841
  ],
  "val_losses": [
    2.102440747347745,
    0.9976223490430957,
    1.0134124168279497,
    1.3659281910143115,
    1.0673071940916337,
    1.3086144056499258,
    1.501526711920054,
    0.9492531109558926,
    1.1467280354541303,
    1.1033854106499348,
    1.2831019000272632,
    1.3947738601061495,
    1.174374152906239,
    1.6858853154064326,
    0.9924482014982707,
    1.3879429480816312,
    2.2110439172141594,
    0.9314839960372244,
    1.2665058421394364,
    1.3005393200626052,
    1.5017586896428838,
    1.161235723845576,
    1.516499654812006,
    1.2466298721030233,
    1.3721032034073604,
    1.2780437361064039,
    1.6242326606287945,
    1.5741002613791684
  ],
  "val_accs": [
    0.28024980483996875,
    0.6128024980483997,
    0.667447306791569,
    0.44730679156908665,
    0.6994535519125683,
    0.5433255269320844,
    0.6424668227946917,
    0.7431693989071039,
    0.7525370804059328,
    0.7236533957845434,
    0.7236533957845434,
    0.6026541764246682,
    0.7135050741608119,
    0.7431693989071039,
    0.7314597970335676,
    0.7736143637782982,
    0.624512099921936,
    0.6705698672911787,
    0.6869633099141296,
    0.6705698672911787,
    0.7291178766588603,
    0.7111631537861046,
    0.7423887587822015,
    0.7892271662763466,
    0.7978142076502732,
    0.7884465261514442,
    0.7993754879000781,
    0.8009367681498829
  ],
  "epoch_times_sec": [
    6.23619532585144,
    4.482583045959473,
    4.5797131061553955,
    4.64153790473938,
    4.5566370487213135,
    4.6808717250823975,
    4.71051287651062,
    4.643007278442383,
    4.740842819213867,
    4.590075969696045,
    4.718103408813477,
    4.679168701171875,
    4.761488437652588,
    4.760153532028198,
    4.723026275634766,
    4.628209352493286,
    4.651551961898804,
    4.648035049438477,
    4.701119422912598,
    4.712296009063721,
    4.850388288497925,
    4.763059854507446,
    4.834021806716919,
    4.619731187820435,
    4.643908500671387,
    4.631652116775513,
    4.702326059341431,
    4.594173431396484
  ],
  "total_train_sec": 133.15901017189026,
  "early_stop": {
    "enabled": true,
    "monitor": "val_loss",
    "best_epoch": 17,
    "best_value": 0.9314839960372244
  }
}