{
  "run_name": "fold_2",
  "train_losses": [
    1.5059651598334312,
    1.0745545744895935,
    0.9419452607631683,
    0.8296552389860153,
    0.767345267534256,
    0.7682017095386982,
    0.6287500970065594,
    0.5483499646186829,
    0.4834934763610363,
    0.5049736730754375,
    0.3760655503720045,
    0.3003000240772963,
    0.2946720026433468,
    0.26930662542581557,
    0.2688932251185179,
    0.3549162704497576,
    0.2646461818367243
  ],
  "val_losses": [
    2.517186999320984,
    1.165976426818154,
    1.4010982567613774,
    1.2023148915984414,
    1.1409565643830732,
    2.061485453085466,
    1.0577539747411555,
    1.763420126654885,
    1.3999861858107827,
    1.6256141445853494,
    1.0984713272614912,
    1.204331167719581,
    1.2778019417415967,
    1.4282196164131165,
    2.23228058218956,
    1.395450402389873,
    1.5481541122902522
  ],
  "val_accs": [
    0.3533541341653666,
    0.5733229329173167,
    0.41341653666146644,
    0.6599063962558502,
    0.6177847113884556,
    0.6450858034321373,
    0.7550702028081123,
    0.6294851794071763,
    0.5530421216848674,
    0.6521060842433697,
    0.7308892355694228,
    0.7675507020280812,
    0.7581903276131046,
    0.6840873634945398,
    0.7160686427457098,
    0.6131045241809673,
    0.7012480499219969
  ],
  "epoch_times_sec": [
    6.295023679733276,
    4.602787733078003,
    4.671586036682129,
    4.6242945194244385,
    4.761063814163208,
    4.722835540771484,
    4.656100034713745,
    4.719197511672974,
    4.665823459625244,
    4.685054540634155,
    4.612184524536133,
    4.736796140670776,
    4.796671390533447,
    4.673239231109619,
    4.82129693031311,
    4.753023386001587,
    4.815587043762207
  ],
  "total_train_sec": 82.11045360565186,
  "early_stop": {
    "enabled": true,
    "monitor": "val_loss",
    "best_epoch": 6,
    "best_value": 1.0577539747411555
  }
}