{
  "run_name": "fold_0",
  "train_losses": [
    1.6002144157886504,
    1.21101316511631,
    1.0839536786079407,
    0.9321721270680428,
    0.8179276779294014,
    0.7476572938263416,
    0.7681293040513992,
    0.5832513056695461,
    0.48488993719220164,
    0.4171613272279501,
    0.573150047659874,
    0.6278289824724197,
    0.39545542523264887,
    0.31310278326272967,
    0.2996696218848228,
    0.3765139415860176,
    0.4174040161073208,
    0.2502834670245647
  ],
  "val_losses": [
    4.088666807521474,
    1.3379731665958057,
    1.1386903944340618,
    1.4744984157044778,
    0.9213934933597391,
    1.1022111856463281,
    1.3151643384586682,
    0.9116340858692472,
    1.9019873900847002,
    0.970771602270278,
    2.0251255577260796,
    1.0653472163460471,
    1.1852658580649982,
    1.2774114659564062,
    1.4497465220364658,
    1.5884230468760838,
    0.9507621411572803,
    1.1413448879664594
  ],
  "val_accs": [
    0.25117004680187205,
    0.4141965678627145,
    0.5335413416536662,
    0.6762870514820593,
    0.7020280811232449,
    0.5920436817472698,
    0.6521060842433697,
    0.6911076443057722,
    0.5756630265210608,
    0.7098283931357254,
    0.6271450858034321,
    0.5858034321372855,
    0.608424336973479,
    0.672386895475819,
    0.6887675507020281,
    0.6177847113884556,
    0.6755070202808112,
    0.7098283931357254
  ],
  "epoch_times_sec": [
    7.09494948387146,
    4.646252155303955,
    4.502967834472656,
    4.583618879318237,
    4.773557186126709,
    4.571667194366455,
    4.80894923210144,
    4.76412296295166,
    4.643965721130371,
    4.761345148086548,
    4.7821385860443115,
    4.598957538604736,
    4.453807830810547,
    4.6378467082977295,
    4.538059711456299,
    4.6612091064453125,
    4.747779369354248,
    4.629627704620361
  ],
  "total_train_sec": 86.73902606964111,
  "early_stop": {
    "enabled": true,
    "monitor": "val_loss",
    "best_epoch": 7,
    "best_value": 0.9116340858692472
  }
}