{
  "run_name": "fold_1",
  "train_losses": [
    1.420510007441044,
    1.1387800008058548,
    1.0501783028244973,
    0.8613390624523163,
    0.7905573852360248,
    0.6508526720106602,
    0.728310602158308,
    0.6420369386672974,
    0.5487451560795307,
    0.41392962299287317,
    0.41232229955494404,
    0.3503670681267977,
    0.355262685008347,
    0.4791667014360428,
    0.35743922274559736,
    0.38241731747984886,
    0.312488454207778,
    0.20991796031594276
  ],
  "val_losses": [
    2.143197092142972,
    1.3564020761034705,
    1.0767101049423218,
    1.2877574205737223,
    1.2163668932731857,
    1.1248208704319866,
    1.7462881478396328,
    0.9148041389205239,
    0.9454352865842256,
    1.3979626135392622,
    1.5677014396271922,
    1.013433543541892,
    2.5836811607534234,
    1.1902819336815313,
    1.355244617147202,
    1.239851095459678,
    0.9972171329639175,
    1.329013770827177
  ],
  "val_accs": [
    0.6840873634945398,
    0.41809672386895474,
    0.5117004680187207,
    0.7020280811232449,
    0.734009360374415,
    0.5912636505460218,
    0.5366614664586583,
    0.6123244929797191,
    0.7371294851794071,
    0.7238689547581904,
    0.6950078003120125,
    0.7519500780031201,
    0.6037441497659907,
    0.7464898595943837,
    0.7433697347893916,
    0.6770670826833073,
    0.6817472698907956,
    0.7363494539781591
  ],
  "epoch_times_sec": [
    6.385748863220215,
    4.723301887512207,
    4.804596900939941,
    4.8146257400512695,
    4.801645517349243,
    4.7739012241363525,
    4.881973505020142,
    4.769830226898193,
    4.827554941177368,
    4.85786771774292,
    4.7492969036102295,
    4.535960674285889,
    4.704000473022461,
    4.807321071624756,
    4.552802324295044,
    4.825622320175171,
    4.704972505569458,
    4.705530881881714
  ],
  "total_train_sec": 87.69100451469421,
  "early_stop": {
    "enabled": true,
    "monitor": "val_loss",
    "best_epoch": 7,
    "best_value": 0.9148041389205239
  }
}