{
  "run_name": "fold_3",
  "train_losses": [
    1.5103923827409744,
    1.2074727237224578,
    0.9335481926798821,
    0.8517931953072548,
    0.8474481374025344,
    0.7400070436298847,
    0.7010075122117996,
    0.6823967777192592,
    0.5775956615805626,
    0.5228995732963085,
    0.39990978464484217,
    0.3564106859266758,
    0.36834228970110416,
    0.32290492951869965,
    0.2695831011980772,
    0.2417958989739418,
    0.4031415171921253,
    0.469853475689888,
    0.4866441398859024,
    0.3646111499518156
  ],
  "val_losses": [
    2.9957325783642856,
    1.2609927898103541,
    1.219636849381707,
    2.3464561050588433,
    1.5861459428613836,
    1.771636962890625,
    1.5231465263800188,
    1.4470316117460078,
    1.5331886898387561,
    1.0562203225087037,
    1.4998784905130214,
    1.5237553878263994,
    1.226410449905829,
    1.7004852457479998,
    1.7459362853657117,
    3.396844191984697,
    2.9389526410536333,
    1.9600872018120505,
    2.0963806973939594,
    1.2126371741972186
  ],
  "val_accs": [
    0.6502732240437158,
    0.492583918813427,
    0.5846994535519126,
    0.2529274004683841,
    0.6120218579234973,
    0.7041373926619828,
    0.5534738485558157,
    0.6010928961748634,
    0.5362997658079626,
    0.7103825136612022,
    0.6494925839188135,
    0.6541764246682279,
    0.6783762685402029,
    0.624512099921936,
    0.7213114754098361,
    0.6424668227946917,
    0.5277127244340359,
    0.6830601092896175,
    0.3473848555815769,
    0.6986729117876659
  ],
  "epoch_times_sec": [
    6.474478721618652,
    4.800987958908081,
    4.7750244140625,
    4.812568187713623,
    4.776552438735962,
    4.796900749206543,
    4.805636167526245,
    4.7441887855529785,
    4.797222852706909,
    4.751032590866089,
    4.669603109359741,
    4.655148506164551,
    4.629025220870972,
    4.688928842544556,
    4.7178795337677,
    4.809478521347046,
    4.782439470291138,
    4.674887418746948,
    4.74678373336792,
    4.6480231285095215
  ],
  "total_train_sec": 97.11819005012512,
  "early_stop": {
    "enabled": true,
    "monitor": "val_loss",
    "best_epoch": 9,
    "best_value": 1.0562203225087037
  }
}