{
  "data_flag": "dermamnist",
  "num_classes": 7,
  "class_names": [
    "actinic keratoses and intraepithelial carcinoma",
    "basal cell carcinoma",
    "benign keratosis-like lesions",
    "dermatofibroma",
    "melanoma",
    "melanocytic nevi",
    "vascular lesions"
  ],
  "is_ensemble": false,
  "metrics": {
    "accuracy": 0.7306733167082294,
    "balanced_accuracy": 0.7168396426825752,
    "auc": 0.9374790735172464
  },
  "confusion_matrix": [
    [
      51,
      3,
      6,
      2,
      3,
      1,
      0
    ],
    [
      13,
      78,
      0,
      4,
      3,
      4,
      1
    ],
    [
      32,
      8,
      122,
      5,
      26,
      26,
      1
    ],
    [
      1,
      1,
      0,
      16,
      1,
      4,
      0
    ],
    [
      14,
      6,
      17,
      6,
      143,
      33,
      4
    ],
    [
      18,
      41,
      58,
      20,
      164,
      1031,
      9
    ],
    [
      0,
      2,
      1,
      1,
      0,
      1,
      24
    ]
  ],
  "counts": {
    "n_samples": 2005
  },
  "timing": {
    "eval_wall_sec": 1.4808955192565918,
    "throughput_img_per_s": 1353.9105047778849,
    "latency_ms_per_img": 0.7386012564870782
  }
}