{
  "data_flag": "dermamnist",
  "num_classes": 7,
  "class_names": [
    "actinic keratoses and intraepithelial carcinoma",
    "basal cell carcinoma",
    "benign keratosis-like lesions",
    "dermatofibroma",
    "melanoma",
    "melanocytic nevi",
    "vascular lesions"
  ],
  "is_ensemble": true,
  "metrics": {
    "accuracy": 0.7640897755610973,
    "balanced_accuracy": 0.7347900883442282,
    "auc": 0.955340282493654
  },
  "confusion_matrix": [
    [
      57,
      2,
      6,
      0,
      1,
      0,
      0
    ],
    [
      20,
      74,
      3,
      1,
      2,
      3,
      0
    ],
    [
      32,
      5,
      138,
      7,
      20,
      18,
      0
    ],
    [
      2,
      1,
      0,
      17,
      0,
      3,
      0
    ],
    [
      17,
      2,
      27,
      4,
      113,
      58,
      2
    ],
    [
      31,
      26,
      78,
      10,
      85,
      1108,
      3
    ],
    [
      0,
      1,
      1,
      1,
      0,
      1,
      25
    ]
  ],
  "counts": {
    "n_samples": 2005
  },
  "timing": {
    "eval_wall_sec": 2.2307937145233154,
    "throughput_img_per_s": 898.7832388744363,
    "latency_ms_per_img": 1.1126153189642471
  }
}