{
  "data_flag": "dermamnist",
  "num_classes": 7,
  "class_names": [
    "actinic keratoses and intraepithelial carcinoma",
    "basal cell carcinoma",
    "benign keratosis-like lesions",
    "dermatofibroma",
    "melanoma",
    "melanocytic nevi",
    "vascular lesions"
  ],
  "is_ensemble": false,
  "metrics": {
    "accuracy": 0.6937655860349127,
    "balanced_accuracy": 0.7002255698441209,
    "auc": 0.9374110654378328
  },
  "confusion_matrix": [
    [
      47,
      4,
      10,
      3,
      1,
      0,
      1
    ],
    [
      13,
      74,
      5,
      2,
      4,
      3,
      2
    ],
    [
      14,
      8,
      155,
      8,
      25,
      10,
      0
    ],
    [
      0,
      2,
      2,
      14,
      3,
      2,
      0
    ],
    [
      11,
      4,
      39,
      3,
      150,
      14,
      2
    ],
    [
      30,
      27,
      142,
      12,
      196,
      928,
      6
    ],
    [
      0,
      0,
      2,
      0,
      0,
      4,
      23
    ]
  ],
  "counts": {
    "n_samples": 2005
  },
  "timing": {
    "eval_wall_sec": 0.9080095291137695,
    "throughput_img_per_s": 2208.126606288933,
    "latency_ms_per_img": 0.4528725830991369
  }
}