{
  "data_flag": "dermamnist",
  "num_classes": 7,
  "class_names": [
    "actinic keratoses and intraepithelial carcinoma",
    "basal cell carcinoma",
    "benign keratosis-like lesions",
    "dermatofibroma",
    "melanoma",
    "melanocytic nevi",
    "vascular lesions"
  ],
  "is_ensemble": false,
  "metrics": {
    "accuracy": 0.6234413965087282,
    "balanced_accuracy": 0.6429605173800681,
    "auc": 0.9265046661858359
  },
  "confusion_matrix": [
    [
      60,
      1,
      3,
      0,
      2,
      0,
      0
    ],
    [
      48,
      39,
      5,
      4,
      7,
      0,
      0
    ],
    [
      52,
      2,
      125,
      7,
      27,
      6,
      1
    ],
    [
      8,
      1,
      0,
      12,
      1,
      1,
      0
    ],
    [
      29,
      0,
      32,
      6,
      131,
      23,
      2
    ],
    [
      118,
      21,
      128,
      36,
      170,
      857,
      11
    ],
    [
      0,
      2,
      0,
      1,
      0,
      0,
      26
    ]
  ],
  "counts": {
    "n_samples": 2005
  },
  "timing": {
    "eval_wall_sec": 0.8133728504180908,
    "throughput_img_per_s": 2465.0441663615743,
    "latency_ms_per_img": 0.4056722445975515
  }
}