{
  "data_flag": "dermamnist",
  "num_classes": 7,
  "class_names": [
    "actinic keratoses and intraepithelial carcinoma",
    "basal cell carcinoma",
    "benign keratosis-like lesions",
    "dermatofibroma",
    "melanoma",
    "melanocytic nevi",
    "vascular lesions"
  ],
  "is_ensemble": false,
  "metrics": {
    "accuracy": 0.7675810473815461,
    "balanced_accuracy": 0.6417443052403469,
    "auc": 0.938647373155044
  },
  "confusion_matrix": [
    [
      46,
      4,
      10,
      3,
      1,
      2,
      0
    ],
    [
      8,
      76,
      8,
      3,
      0,
      8,
      0
    ],
    [
      15,
      5,
      137,
      19,
      8,
      36,
      0
    ],
    [
      2,
      2,
      0,
      15,
      0,
      4,
      0
    ],
    [
      7,
      3,
      41,
      8,
      53,
      110,
      1
    ],
    [
      13,
      28,
      64,
      22,
      21,
      1193,
      0
    ],
    [
      0,
      1,
      1,
      2,
      0,
      6,
      19
    ]
  ],
  "counts": {
    "n_samples": 2005
  },
  "timing": {
    "eval_wall_sec": 0.8271644115447998,
    "throughput_img_per_s": 2423.9437432462696,
    "latency_ms_per_img": 0.4125508287006483
  }
}