{
  "flag": "amos22",
  "timestamp": "20251126_180253",
  "task_type": "multi-class",
  "num_classes": 11,
  "test_size": 1789,
  "calib_size": 8211,
  "test_accuracy": 0.5936277249860257,
  "calibration_method": "temperature",
  "methods": {
    "GPS": {
      "time_seconds": 174.69461761415005,
      "auc": 0.7593857583599499,
      "threshold": 0.00021554122352100013,
      "balanced_accuracy": 0.694522157202548,
      "specificity": 0.8363136176066025,
      "sensitivity": 0.5527306967984934
    }
  },
  "all_metrics_file": "./uq_benchmark_results/all_metrics_amos22_20251126_180253.npz"
}