{
  "flag": "breastmnist",
  "timestamp": "20251119_153221",
  "task_type": "binary-class",
  "num_classes": 2,
  "test_size": 156,
  "calib_size": 125,
  "test_accuracy": 0.9102564102564102,
  "calibration_method": "platt",
  "methods": {
    "KNN_Raw": {
      "time_seconds": 6.961589284706861,
      "auc": 0.6745472837022133,
      "threshold": 3.19367472610518,
      "balanced_accuracy": 0.6946680080482898,
      "specificity": 0.6428571428571429,
      "sensitivity": 0.7464788732394366
    }
  },
  "all_metrics_file": "./uq_benchmark_results/all_metrics_breastmnist_20251119_153221.npz"
}