{
  "flag": "breastmnist",
  "timestamp": "20251125_141521",
  "task_type": "binary-class",
  "num_classes": 2,
  "test_size": 156,
  "calib_size": 125,
  "test_accuracy": 0.9102564102564102,
  "calibration_method": "platt",
  "methods": {
    "KNN_SHAP": {
      "time_seconds": 32.01671635778621,
      "auc": 0.6619718309859155,
      "threshold": 2.2460633493850084,
      "balanced_accuracy": 0.6765593561368208,
      "specificity": 0.5714285714285714,
      "sensitivity": 0.7816901408450704
    }
  },
  "all_metrics_file": "./uq_benchmark_results/all_metrics_breastmnist_20251125_141521.npz"
}