{
  "flag": "amos22",
  "timestamp": "20251126_173344",
  "task_type": "multi-class",
  "num_classes": 11,
  "test_size": 1789,
  "calib_size": 8211,
  "test_accuracy": 0.5936277249860257,
  "calibration_method": "temperature",
  "methods": {
    "TTA": {
      "time_seconds": 34.95176397357136,
      "auc": 0.6782471628367228,
      "threshold": 0.03558032828829543,
      "balanced_accuracy": 0.6427149470128511,
      "specificity": 0.9078404401650619,
      "sensitivity": 0.3775894538606403
    }
  },
  "all_metrics_file": "./uq_benchmark_results/all_metrics_amos22_20251126_173344.npz"
}