{
  "flag": "breastmnist",
  "timestamp": "20251119_160801",
  "task_type": "binary-class",
  "num_classes": 2,
  "test_size": 156,
  "calib_size": 125,
  "test_accuracy": 0.9102564102564102,
  "calibration_method": "platt",
  "methods": {
    "KNN_SHAP": {
      "time_seconds": 7.891450310125947,
      "auc": -0.48893360160965793,
      "threshold": 3.2751562499320515,
      "balanced_accuracy": 0.5980885311871227,
      "specificity": 0.42857142857142855,
      "sensitivity": 0.7676056338028169
    }
  },
  "all_metrics_file": "./uq_benchmark_results/all_metrics_breastmnist_20251119_160801.npz"
}