{
  "flag": "breastmnist",
  "timestamp": "20251119_171056",
  "task_type": "binary-class",
  "num_classes": 2,
  "test_size": 156,
  "calib_size": 125,
  "test_accuracy": 0.9102564102564102,
  "calibration_method": "platt",
  "methods": {
    "KNN_SHAP": {
      "time_seconds": 8.998842320404947,
      "auc": 0.6891348088531187,
      "threshold": 4.91340716808606,
      "balanced_accuracy": 0.7344064386317908,
      "specificity": 0.7857142857142857,
      "sensitivity": 0.6830985915492958
    }
  },
  "all_metrics_file": "./uq_benchmark_results/all_metrics_breastmnist_20251119_171056.npz"
}