{
  "flag": "dermamnist-e",
  "timestamp": "20251112_114536",
  "task_type": "multi-class",
  "num_classes": 7,
  "test_size": 1511,
  "calib_size": 2042,
  "test_accuracy": 0.7028457974851092,
  "calibration_method": "temperature",
  "methods": {
    "MSR": {
      "time_seconds": 0.0002327060792595148,
      "auc": 0.8096145860858405,
      "threshold": 0.3631696105003357,
      "balanced_accuracy": 0.7458025576820639,
      "specificity": 0.8663697104677061,
      "sensitivity": 0.6252354048964218
    },
    "MSR_temperature": {
      "time_seconds": 3.0988266160711646,
      "auc": 0.8219563038180682,
      "threshold": 0.3303050696849823,
      "balanced_accuracy": 0.7499863685360647,
      "specificity": 0.8351893095768375,
      "sensitivity": 0.664783427495292
    },
    "Ensembling": {
      "time_seconds": 0.000986022874712944,
      "auc": 0.7507518276647414,
      "threshold": 0.06886194883078657,
      "balanced_accuracy": 0.705448181562711,
      "specificity": 0.8864142538975501,
      "sensitivity": 0.524482109227872
    }
  }
}