{
  "flag": "amos22",
  "timestamp": "20251126_173050",
  "task_type": "multi-class",
  "num_classes": 11,
  "test_size": 1789,
  "calib_size": 8211,
  "test_accuracy": 0.5936277249860257,
  "calibration_method": "temperature",
  "methods": {
    "MSR_temperature": {
      "time_seconds": 1.0088035850785673,
      "auc": 0.7401952403526088,
      "threshold": 0.004450411535799503,
      "balanced_accuracy": 0.6880596937599246,
      "specificity": 0.7565337001375516,
      "sensitivity": 0.6195856873822976
    }
  },
  "all_metrics_file": "./uq_benchmark_results/all_metrics_amos22_20251126_173050.npz"
}