{
  "flag": "pneumoniamnist",
  "timestamp": "20251112_113219",
  "task_type": "binary-class",
  "num_classes": 2,
  "test_size": 624,
  "calib_size": 1047,
  "test_accuracy": 0.9118589743589743,
  "calibration_method": "platt",
  "methods": {
    "MSR": {
      "time_seconds": 0.00015255389735102654,
      "auc": 0.888927943760984,
      "threshold": 0.001998199848458171,
      "balanced_accuracy": 0.8165521648825691,
      "specificity": 0.8545454545454545,
      "sensitivity": 0.7785588752196837
    },
    "MSR_platt": {
      "time_seconds": 0.009708825033158064,
      "auc": 0.91043297651382,
      "threshold": 0.31715644621524397,
      "balanced_accuracy": 0.8479150023965489,
      "specificity": 0.8909090909090909,
      "sensitivity": 0.804920913884007
    },
    "Ensembling": {
      "time_seconds": 0.000431976979598403,
      "auc": 0.8812589870586355,
      "threshold": 0.002643524180297573,
      "balanced_accuracy": 0.8174308995047133,
      "specificity": 0.8545454545454545,
      "sensitivity": 0.7803163444639719
    }
  }
}