{
  "flag": "organamnist",
  "timestamp": "20251112_113851",
  "task_type": "multi-class",
  "num_classes": 11,
  "test_size": 17778,
  "calib_size": 8211,
  "test_accuracy": 0.9756440544493193,
  "calibration_method": "temperature",
  "methods": {
    "MSR": {
      "time_seconds": 0.0014229831285774708,
      "auc": 0.9570304984364982,
      "threshold": 0.010536887682974339,
      "balanced_accuracy": 0.8988091822190207,
      "specificity": 0.9076212471131639,
      "sensitivity": 0.8899971173248775
    },
    "MSR_temperature": {
      "time_seconds": 1.0507936240173876,
      "auc": 0.9599827438939548,
      "threshold": 0.004391831811517477,
      "balanced_accuracy": 0.894066083163513,
      "specificity": 0.9260969976905312,
      "sensitivity": 0.8620351686364947
    },
    "Ensembling": {
      "time_seconds": 0.012463839957490563,
      "auc": 0.9532203741885401,
      "threshold": 0.004780483676350025,
      "balanced_accuracy": 0.8974715011281046,
      "specificity": 0.8914549653579676,
      "sensitivity": 0.9034880368982415
    }
  }
}