{
  "flag": "breastmnist",
  "timestamp": "20251112_133313",
  "task_type": "binary-class",
  "num_classes": 2,
  "test_size": 156,
  "calib_size": 125,
  "test_accuracy": 0.9102564102564102,
  "calibration_method": "platt",
  "methods": {
    "GPS": {
      "time_seconds": 78.24359526112676,
      "auc": 0.5256539235412475,
      "threshold": 0.14439465385489725,
      "balanced_accuracy": 0.56841046277666,
      "specificity": 0.7142857142857143,
      "sensitivity": 0.4225352112676056
    }
  }
}