{
  "flag": "breastmnist",
  "timestamp": "20251112_113146",
  "task_type": "binary-class",
  "num_classes": 2,
  "test_size": 156,
  "calib_size": 125,
  "test_accuracy": 0.9102564102564102,
  "calibration_method": "platt",
  "methods": {
    "MSR": {
      "time_seconds": 0.00013538403436541557,
      "auc": 0.8038229376257545,
      "threshold": 0.013286200352013111,
      "balanced_accuracy": 0.7635814889336017,
      "specificity": 0.9285714285714286,
      "sensitivity": 0.5985915492957746
    },
    "MSR_platt": {
      "time_seconds": 0.010282279923558235,
      "auc": 0.7032193158953723,
      "threshold": 0.47690516569422364,
      "balanced_accuracy": 0.7132796780684105,
      "specificity": 0.7857142857142857,
      "sensitivity": 0.6408450704225352
    },
    "Ensembling": {
      "time_seconds": 0.00019970093853771687,
      "auc": 0.789738430583501,
      "threshold": 0.020350430616785074,
      "balanced_accuracy": 0.7706237424547284,
      "specificity": 0.9285714285714286,
      "sensitivity": 0.6126760563380281
    }
  }
}