{
  "flag": "tissuemnist",
  "timestamp": "20251112_131029",
  "task_type": "multi-class",
  "num_classes": 8,
  "test_size": 47280,
  "calib_size": 37822,
  "test_accuracy": 0.6761209813874789,
  "calibration_method": "temperature",
  "methods": {
    "MSR": {
      "time_seconds": 0.0035153909120708704,
      "auc": 0.7749461788545974,
      "threshold": 0.3673964738845825,
      "balanced_accuracy": 0.7065225080660192,
      "specificity": 0.7955332070789525,
      "sensitivity": 0.617511809053086
    },
    "MSR_temperature": {
      "time_seconds": 3.814725876087323,
      "auc": 0.7814514425570102,
      "threshold": 0.372958242893219,
      "balanced_accuracy": 0.7105868035305813,
      "specificity": 0.7700646509501731,
      "sensitivity": 0.6511089561109895
    },
    "Ensembling": {
      "time_seconds": 0.02752111107110977,
      "auc": 0.6965481361283746,
      "threshold": 0.04810574839731427,
      "balanced_accuracy": 0.6475478437527258,
      "specificity": 0.7854763926075883,
      "sensitivity": 0.5096192948978634
    }
  }
}