{
  "flag": "organamnist",
  "timestamp": "20251124_235003",
  "task_type": "multi-class",
  "num_classes": 11,
  "test_size": 17778,
  "calib_size": 8211,
  "test_accuracy": 0.9756440544493193,
  "calibration_method": "temperature",
  "methods": {
    "MSR": {
      "time_seconds": 0.0015844632871448994,
      "auc": 0.9570303652875318,
      "threshold": 0.010536887682974339,
      "balanced_accuracy": 0.8988091822190207,
      "specificity": 0.9076212471131639,
      "sensitivity": 0.8899971173248775
    }
  },
  "all_metrics_file": "./uq_benchmark_results/all_metrics_organamnist_20251124_235003.npz"
}