{
  "flag": "breastmnist",
  "timestamp": "20251114_161714",
  "task_type": "binary-class",
  "num_classes": 2,
  "test_size": 156,
  "calib_size": 125,
  "test_accuracy": 0.9102564102564102,
  "calibration_method": "platt",
  "methods": {
    "GPS": {
      "time_seconds": 90.1399278130848,
      "auc": 0.6282696177062375,
      "threshold": 0.2296212613582611,
      "balanced_accuracy": 0.6383299798792756,
      "specificity": 0.6428571428571429,
      "sensitivity": 0.6338028169014085
    }
  }
}