{
  "flag": "pneumoniamnist",
  "timestamp": "20251125_142308",
  "task_type": "binary-class",
  "num_classes": 2,
  "test_size": 624,
  "calib_size": 1047,
  "test_accuracy": 0.9118589743589743,
  "calibration_method": "platt",
  "methods": {
    "KNN_SHAP": {
      "time_seconds": 137.80383780784905,
      "auc": 0.9199233104329765,
      "threshold": 1.90287323797768,
      "balanced_accuracy": 0.8578526921233424,
      "specificity": 0.8545454545454545,
      "sensitivity": 0.8611599297012302
    }
  },
  "all_metrics_file": "./uq_benchmark_results/all_metrics_pneumoniamnist_20251125_142308.npz"
}