{
  "flag": "amos22",
  "timestamp": "20251126_173225",
  "task_type": "multi-class",
  "num_classes": 11,
  "test_size": 1789,
  "calib_size": 8211,
  "test_accuracy": 0.5936277249860257,
  "calibration_method": "temperature",
  "methods": {
    "Ensembling": {
      "time_seconds": 0.0025845621712505817,
      "auc": 0.7107298005113498,
      "threshold": 0.0009847760235458525,
      "balanced_accuracy": 0.6695595240870693,
      "specificity": 0.7317744154057771,
      "sensitivity": 0.6073446327683616
    }
  },
  "all_metrics_file": "./uq_benchmark_results/all_metrics_amos22_20251126_173225.npz"
}