{
  "flag": "breastmnist",
  "timestamp": "20251121_173827",
  "task_type": "binary-class",
  "num_classes": 2,
  "test_size": 156,
  "calib_size": 125,
  "test_accuracy": 0.9102564102564102,
  "calibration_method": "platt",
  "methods": {
    "KNN_SHAP": {
      "time_seconds": 13.327894617803395,
      "auc": 0.9954728370221329,
      "threshold": 14.902051158710465,
      "balanced_accuracy": 0.9894366197183099,
      "specificity": 1.0,
      "sensitivity": 0.9788732394366197
    }
  },
  "all_metrics_file": "./uq_benchmark_results/all_metrics_breastmnist_20251121_173827.npz"
}