{
  "flag": "breastmnist",
  "timestamp": "20251114_165350",
  "task_type": "binary-class",
  "num_classes": 2,
  "test_size": 156,
  "calib_size": 125,
  "test_accuracy": 0.9102564102564102,
  "calibration_method": "platt",
  "methods": {
    "GPS": {
      "time_seconds": 67.2520755562,
      "auc": 0.8279678068410463,
      "threshold": 0.12833426892757416,
      "balanced_accuracy": 0.8158953722334004,
      "specificity": 0.8571428571428571,
      "sensitivity": 0.7746478873239436
    }
  }
}