{
  "flag": "pneumoniamnist",
  "timestamp": "20251125_143051",
  "task_type": "binary-class",
  "num_classes": 2,
  "test_size": 624,
  "calib_size": 1047,
  "test_accuracy": 0.9118589743589743,
  "calibration_method": "platt",
  "methods": {
    "MSR": {
      "time_seconds": 0.00016748812049627304,
      "auc": 0.888927943760984,
      "threshold": 0.001998199848458171,
      "balanced_accuracy": 0.8165521648825691,
      "specificity": 0.8545454545454545,
      "sensitivity": 0.7785588752196837
    }
  },
  "all_metrics_file": "./uq_benchmark_results/all_metrics_pneumoniamnist_20251125_143051.npz"
}