{
  "flag": "amos22",
  "timestamp": "20251126_171936",
  "task_type": "multi-class",
  "num_classes": 11,
  "test_size": 1789,
  "calib_size": 8211,
  "test_accuracy": 0.5936277249860257,
  "calibration_method": "temperature",
  "methods": {
    "MSR": {
      "time_seconds": 0.00028202589601278305,
      "auc": 0.719650577535314,
      "threshold": 0.0007396821165457368,
      "balanced_accuracy": 0.6725462844235137,
      "specificity": 0.8074277854195323,
      "sensitivity": 0.5376647834274952
    }
  },
  "all_metrics_file": "./uq_benchmark_results/all_metrics_amos22_20251126_171936.npz"
}