{
  "run_name": "fold_0",
  "train_losses": [
    0.24037476071813366,
    0.061741348498939884,
    0.03828824324426712,
    0.034542745834581744,
    0.024669726976464603,
    0.02714827389770554,
    0.02206805671891935,
    0.02199629707694117,
    0.01768194877964543,
    0.015229600619799236,
    0.010666435315295255,
    0.015142276513460574,
    0.02099650522839192,
    0.015653306902068623,
    0.014644835894174724,
    0.011867900797161393,
    0.010704256947680936,
    0.0077563086594086275,
    0.010715679868337689,
    0.010580633275055448,
    0.016166118529753422,
    0.012305478314839613,
    0.013448423897421008,
    0.004974042963441893,
    0.011991970530690128,
    0.013174532369305533,
    0.007420904722207098,
    0.005949599256569715
  ],
  "val_losses": [
    0.045332082585668544,
    0.03717217737450699,
    0.017213434403219787,
    0.017268708131698136,
    0.03685048723519348,
    0.012418948356939054,
    0.009028774848508253,
    0.01087039974813722,
    0.007296379710807819,
    0.00913567890668638,
    0.016746022070825105,
    0.02648928754404102,
    0.01824384683584047,
    0.009215177149825693,
    0.00676475021666536,
    0.006583701547114458,
    0.01845673920918743,
    0.004323004768144956,
    0.015730609944970532,
    0.012233965992521365,
    0.009030469948197754,
    0.01232775510398651,
    0.0063886973987893345,
    0.004375788018143018,
    0.011868465534150646,
    0.005379499290000961,
    0.007936263244403826,
    0.006565904354756158
  ],
  "val_accs": [
    0.9852336733140509,
    0.9869082052062719,
    0.9933018724311159,
    0.9937585629471761,
    0.9923884913989953,
    0.9960420155274775,
    0.9978687775917187,
    0.9977165474196986,
    0.9981732379357589,
    0.9969553965595981,
    0.9945197138072766,
    0.9926929517430355,
    0.9949764043233369,
    0.9978687775917187,
    0.9989343887958594,
    0.9974120870756584,
    0.9952808646673771,
    0.9986299284518192,
    0.9951286344953569,
    0.9972598569036383,
    0.9975643172476785,
    0.9969553965595981,
    0.9978687775917187,
    0.9989343887958594,
    0.9958897853554575,
    0.9978687775917187,
    0.9981732379357589,
    0.998477698279799
  ],
  "epoch_times_sec": [
    227.40494060516357,
    223.11169600486755,
    222.81184005737305,
    222.57831239700317,
    222.5174036026001,
    222.53006720542908,
    223.11462926864624,
    222.58908534049988,
    222.60991549491882,
    222.38851308822632,
    222.6829707622528,
    222.6250557899475,
    222.53119039535522,
    222.65939950942993,
    222.65155506134033,
    222.53850078582764,
    222.64453434944153,
    222.5778932571411,
    222.01599192619324,
    222.05468702316284,
    221.9257972240448,
    222.07850050926208,
    221.7821569442749,
    222.2181785106659,
    221.76232624053955,
    222.11168670654297,
    222.18494081497192,
    222.4901065826416
  ],
  "early_stop": {
    "enabled": true,
    "monitor": "val_loss",
    "best_epoch": 17,
    "best_value": 0.004323004768144956
  }
}