{
  "run_name": "fold_4",
  "train_losses": [
    0.23710126375546758,
    0.059088657996535905,
    0.046057323885105556,
    0.029940623534091902,
    0.02625239266456478,
    0.026609348733197456,
    0.020210434885819147,
    0.019394745981398794,
    0.018368573465933243,
    0.016366254065139137,
    0.017878175197815826,
    0.009102813194529302,
    0.013965155774915975,
    0.013019742186451395,
    0.01831618065265949,
    0.008915172381293164,
    0.009145104500250599,
    0.0173741289730767,
    0.010773597137333755,
    0.010818497016864305,
    0.00813223721668438
  ],
  "val_losses": [
    0.050770539872066985,
    0.030800315142233702,
    0.020773239552307688,
    0.022012708571561682,
    0.018965479963624694,
    0.01231826314059297,
    0.015840626380933236,
    0.007331579515289903,
    0.009604577410813869,
    0.009695754542035912,
    0.00453994834769929,
    0.005510105950715038,
    0.013995970388004913,
    0.006790142002379086,
    0.007971997208392471,
    0.007593284083532292,
    0.0068232813557518035,
    0.004532290441091836,
    0.004073131876505898,
    0.00986250868464815,
    0.004762495905439889
  ],
  "val_accs": [
    0.9844701583434835,
    0.988733252131547,
    0.9939098660170523,
    0.9937576126674786,
    0.993605359317905,
    0.995584652862363,
    0.9949756394640682,
    0.998020706455542,
    0.9968026796589525,
    0.9964981729598051,
    0.9990864799025578,
    0.9981729598051157,
    0.995584652862363,
    0.9978684531059683,
    0.9983252131546894,
    0.9968026796589525,
    0.9969549330085262,
    0.9992387332521315,
    0.9989342265529841,
    0.9971071863580999,
    0.9990864799025578
  ],
  "epoch_times_sec": [
    230.65505862236023,
    222.64283061027527,
    222.28058886528015,
    222.7233943939209,
    222.59575486183167,
    222.4479751586914,
    222.44579243659973,
    222.26940250396729,
    222.23209929466248,
    222.09699845314026,
    222.06757259368896,
    222.03222036361694,
    222.17514562606812,
    222.2502419948578,
    221.98767232894897,
    221.91588163375854,
    222.15270829200745,
    221.9455909729004,
    222.0944700241089,
    221.78801012039185,
    222.2190351486206
  ],
  "early_stop": {
    "enabled": true,
    "monitor": "val_loss",
    "best_epoch": 10,
    "best_value": 0.00453994834769929
  }
}