{
  "run_name": "fold_2",
  "train_losses": [
    0.22621371293872855,
    0.06234555689013463,
    0.043960744373482484,
    0.029494858300123706,
    0.025893588093075504,
    0.015220302003579177,
    0.029133395658218878,
    0.01819348252459828,
    0.013847506775699434,
    0.02187323189853002,
    0.01805714024524701,
    0.009764948862717556,
    0.024705152304405145,
    0.013996208320920434,
    0.010436452113731993,
    0.008487443408078381,
    0.008712855308592326,
    0.01896805752559215,
    0.010009375477373244,
    0.011369996507389896,
    0.014015543705521506,
    0.009439943000774637,
    0.005606441401506398,
    0.009647785200568436
  ],
  "val_losses": [
    0.04788730682716699,
    0.07482818481155039,
    0.016602972975561122,
    0.02461614092186901,
    0.014566730444070551,
    0.010513817147930617,
    0.013119664451776097,
    0.012152854156836099,
    0.033562024267323444,
    0.007780813668514505,
    0.011179250013168298,
    0.01936118812398105,
    0.018204244948077344,
    0.005091231819902304,
    0.00654445761515451,
    0.012256847147233007,
    0.009489870938613112,
    0.013517558420933136,
    0.012539191778453439,
    0.023665868130039784,
    0.011102046305317251,
    0.00985737862863397,
    0.007226880896426301,
    0.016093755629125343
  ],
  "val_accs": [
    0.9869062119366626,
    0.9739646772228989,
    0.9945188794153471,
    0.9939098660170523,
    0.9958891595615104,
    0.9971071863580999,
    0.9963459196102314,
    0.9971071863580999,
    0.9908647990255786,
    0.9978684531059683,
    0.9964981729598051,
    0.994062119366626,
    0.9954323995127893,
    0.9983252131546894,
    0.9983252131546894,
    0.9977161997563947,
    0.9984774665042631,
    0.9964981729598051,
    0.9958891595615104,
    0.9939098660170523,
    0.997563946406821,
    0.9986297198538368,
    0.998020706455542,
    0.9964981729598051
  ],
  "epoch_times_sec": [
    229.6057801246643,
    223.0218436717987,
    222.72326183319092,
    222.5345754623413,
    222.74153566360474,
    222.323668718338,
    222.57520842552185,
    222.40890669822693,
    222.58767318725586,
    222.1370668411255,
    222.37809228897095,
    222.40781331062317,
    222.33415508270264,
    222.35650849342346,
    222.0329077243805,
    222.27090215682983,
    222.5081250667572,
    222.4118447303772,
    222.44504237174988,
    222.25677013397217,
    222.44815230369568,
    222.41185760498047,
    222.30927062034607,
    222.45332145690918
  ],
  "early_stop": {
    "enabled": true,
    "monitor": "val_loss",
    "best_epoch": 13,
    "best_value": 0.005091231819902304
  }
}