{
  "run_name": "fold_3",
  "train_losses": [
    0.22216929578764794,
    0.061014785445540044,
    0.04107096195969607,
    0.03163934675612584,
    0.021656178757823406,
    0.026392110507965486,
    0.01962999904778026,
    0.020537140343507124,
    0.01352302082492941,
    0.01446919532772299,
    0.00979845878208264,
    0.020871110146202587,
    0.015738707224788134,
    0.015385198372171643,
    0.0110466148451476,
    0.011855013109240234,
    0.011801371003707742,
    0.011998163470754171,
    0.01506211358917872,
    0.014745408575035396,
    0.012813566818054064,
    0.011640065437513796,
    0.004731472942980838,
    0.009019882276530035,
    0.005976391626190224,
    0.0091736200832221,
    0.009980292160968471,
    0.006069701872784451,
    0.008842587636727215,
    0.008351655323864452,
    0.006121477924072647,
    0.003496725264873872,
    0.006020457890734467,
    0.006596192337798874
  ],
  "val_losses": [
    0.045328873092814574,
    0.02340360325687405,
    0.02638479336204595,
    0.010961578390858817,
    0.018923003556763802,
    0.01491178115240659,
    0.010038621818514067,
    0.013124070515692797,
    0.008147935294398717,
    0.012335943927898085,
    0.014094873772245371,
    0.0164127905047544,
    0.01833956937425306,
    0.011705288121859763,
    0.005896701188946606,
    0.012130780387254337,
    0.008684567428735935,
    0.008804333971703571,
    0.010527702985840751,
    0.008799986251041147,
    0.012203097012791988,
    0.00547074609584698,
    0.006009733337358031,
    0.0033467323193156436,
    0.010830035833758515,
    0.012762739384034563,
    0.008527162437304944,
    0.006433838493734391,
    0.007272047295946067,
    0.006942528040534289,
    0.00827952640047243,
    0.006086724361408463,
    0.012292286562767384,
    0.011207478700358682
  ],
  "val_accs": [
    0.9864494518879415,
    0.9919305724725944,
    0.993605359317905,
    0.9981729598051157,
    0.9952801461632156,
    0.9948233861144945,
    0.997563946406821,
    0.9958891595615104,
    0.9981729598051157,
    0.9968026796589525,
    0.9949756394640682,
    0.9968026796589525,
    0.9972594397076736,
    0.9978684531059683,
    0.9992387332521315,
    0.9974116930572473,
    0.9986297198538368,
    0.9984774665042631,
    0.9971071863580999,
    0.9984774665042631,
    0.9971071863580999,
    0.9981729598051157,
    0.9987819732034104,
    0.9989342265529841,
    0.9971071863580999,
    0.9971071863580999,
    0.9978684531059683,
    0.9978684531059683,
    0.9987819732034104,
    0.9981729598051157,
    0.998020706455542,
    0.9992387332521315,
    0.9978684531059683,
    0.997563946406821
  ],
  "epoch_times_sec": [
    229.35616302490234,
    221.99762749671936,
    222.41452836990356,
    222.29402685165405,
    222.33669257164001,
    222.3245666027069,
    222.35981059074402,
    222.39264011383057,
    222.23610067367554,
    222.16554808616638,
    222.2479202747345,
    222.21550393104553,
    222.25082349777222,
    222.927143573761,
    223.22586154937744,
    221.84867024421692,
    221.6891987323761,
    222.0320746898651,
    221.88261127471924,
    221.7549283504486,
    221.78847789764404,
    221.64370036125183,
    221.82617855072021,
    221.7541642189026,
    221.8331995010376,
    221.79335021972656,
    221.73708748817444,
    221.7829418182373,
    221.8071734905243,
    221.7853229045868,
    221.96445155143738,
    222.09779858589172,
    221.6805818080902,
    221.79037857055664
  ],
  "early_stop": {
    "enabled": true,
    "monitor": "val_loss",
    "best_epoch": 23,
    "best_value": 0.0033467323193156436
  }
}