{
  "run_name": "fold_1",
  "train_losses": [
    0.24070928605224517,
    0.06336840369334497,
    0.03880933941111631,
    0.02685962751135131,
    0.03092952854572622,
    0.024200627768796983,
    0.02243317549016911,
    0.015803479044439586,
    0.015760181161252763,
    0.01981507331579249,
    0.01897375522885316,
    0.008079093259230754,
    0.014775505365081197,
    0.01852327025909253,
    0.012577055152072462,
    0.007483960189050326,
    0.01394916285680553,
    0.014082260103313142,
    0.008806524737020077,
    0.011826789088617274,
    0.0094197570354697,
    0.0162485489071678,
    0.00669582295405393,
    0.015411061447282343,
    0.007408635530761046,
    0.0076065982401589925
  ],
  "val_losses": [
    0.03467678370342185,
    0.024497211919717453,
    0.01707558292532839,
    0.013035098191443717,
    0.01539579658382249,
    0.017634554049760175,
    0.009069055656805504,
    0.004102310890877215,
    0.006933013282673168,
    0.013396285726415418,
    0.012919266037920879,
    0.007630684021230782,
    0.008809525863608928,
    0.00728744469120351,
    0.011733741085719993,
    0.002710550005203703,
    0.00893645933044756,
    0.007878368816834201,
    0.0075246439117111034,
    0.003510259284059904,
    0.009550139349398213,
    0.018775255653385274,
    0.005565628203762333,
    0.008411711172612519,
    0.014028701285858076,
    0.0020276815773799125
  ],
  "val_accs": [
    0.9899512789281364,
    0.9913215590742996,
    0.993605359317905,
    0.9960414129110841,
    0.9952801461632156,
    0.9937576126674786,
    0.9966504263093788,
    0.9989342265529841,
    0.9983252131546894,
    0.9960414129110841,
    0.9942143727161997,
    0.9971071863580999,
    0.9977161997563947,
    0.9972594397076736,
    0.995584652862363,
    0.9992387332521315,
    0.9968026796589525,
    0.9974116930572473,
    0.9977161997563947,
    0.9984774665042631,
    0.9978684531059683,
    0.994062119366626,
    0.9981729598051157,
    0.9969549330085262,
    0.9946711327649208,
    0.9992387332521315
  ],
  "epoch_times_sec": [
    229.19917941093445,
    223.10542607307434,
    222.5523862838745,
    222.53424739837646,
    222.49372744560242,
    222.46326088905334,
    222.7245111465454,
    222.56884956359863,
    222.47625851631165,
    222.83803749084473,
    222.96527314186096,
    223.0120861530304,
    223.33539533615112,
    222.73789620399475,
    222.68548321723938,
    222.86518812179565,
    223.10604691505432,
    222.7245123386383,
    222.8866322040558,
    222.99472999572754,
    222.99281334877014,
    222.45524072647095,
    222.70221543312073,
    223.16450691223145,
    222.80976629257202,
    222.81022310256958
  ],
  "early_stop": {
    "enabled": true,
    "monitor": "val_loss",
    "best_epoch": 15,
    "best_value": 0.002710550005203703
  }
}