{
  "data_flag": "organamnist",
  "num_classes": 11,
  "class_names": [
    "bladder",
    "femur-left",
    "femur-right",
    "heart",
    "kidney-left",
    "kidney-right",
    "liver",
    "lung-left",
    "lung-right",
    "pancreas",
    "spleen"
  ],
  "is_ensemble": false,
  "metrics": {
    "accuracy": 0.9707503656204297,
    "balanced_accuracy": 0.9667104471994091,
    "auc": 0.9995237971492713
  },
  "confusion_matrix": [
    [
      944,
      1,
      0,
      0,
      29,
      12,
      0,
      0,
      0,
      50,
      0
    ],
    [
      0,
      757,
      20,
      0,
      6,
      1,
      0,
      0,
      0,
      0,
      0
    ],
    [
      0,
      11,
      772,
      0,
      3,
      7,
      0,
      0,
      0,
      0,
      0
    ],
    [
      0,
      0,
      0,
      737,
      0,
      0,
      0,
      47,
      0,
      0,
      1
    ],
    [
      38,
      30,
      2,
      0,
      1873,
      22,
      0,
      0,
      0,
      56,
      43
    ],
    [
      1,
      0,
      0,
      0,
      65,
      1895,
      0,
      0,
      0,
      1,
      3
    ],
    [
      0,
      0,
      0,
      0,
      0,
      0,
      3238,
      0,
      47,
      0,
      0
    ],
    [
      0,
      0,
      0,
      0,
      0,
      0,
      0,
      1747,
      0,
      0,
      0
    ],
    [
      0,
      0,
      0,
      0,
      0,
      0,
      1,
      0,
      1812,
      0,
      0
    ],
    [
      0,
      0,
      0,
      0,
      0,
      0,
      0,
      0,
      0,
      1621,
      1
    ],
    [
      0,
      0,
      0,
      0,
      6,
      0,
      0,
      15,
      0,
      1,
      1862
    ]
  ],
  "counts": {
    "n_samples": 17778
  },
  "timing": {
    "eval_wall_sec": 43.60702300071716,
    "throughput_img_per_s": 407.6866242326981,
    "latency_ms_per_img": 2.452864382985553
  }
}