{
  "data_flag": "organamnist",
  "num_classes": 11,
  "class_names": [
    "bladder",
    "femur-left",
    "femur-right",
    "heart",
    "kidney-left",
    "kidney-right",
    "liver",
    "lung-left",
    "lung-right",
    "pancreas",
    "spleen"
  ],
  "is_ensemble": false,
  "metrics": {
    "accuracy": 0.9685003937450782,
    "balanced_accuracy": 0.9619489147177487,
    "auc": 0.9991140338041923
  },
  "confusion_matrix": [
    [
      910,
      2,
      0,
      0,
      31,
      19,
      0,
      0,
      0,
      68,
      6
    ],
    [
      0,
      727,
      35,
      0,
      20,
      2,
      0,
      0,
      0,
      0,
      0
    ],
    [
      0,
      1,
      776,
      0,
      16,
      0,
      0,
      0,
      0,
      0,
      0
    ],
    [
      0,
      0,
      0,
      747,
      0,
      0,
      0,
      32,
      0,
      0,
      6
    ],
    [
      7,
      4,
      0,
      0,
      1871,
      18,
      0,
      9,
      0,
      17,
      138
    ],
    [
      6,
      0,
      6,
      0,
      61,
      1890,
      0,
      0,
      0,
      0,
      2
    ],
    [
      0,
      0,
      0,
      0,
      0,
      0,
      3254,
      0,
      31,
      0,
      0
    ],
    [
      0,
      0,
      0,
      0,
      0,
      0,
      0,
      1747,
      0,
      0,
      0
    ],
    [
      0,
      0,
      0,
      0,
      0,
      0,
      2,
      0,
      1811,
      0,
      0
    ],
    [
      1,
      0,
      0,
      0,
      0,
      0,
      0,
      0,
      0,
      1610,
      11
    ],
    [
      1,
      0,
      0,
      0,
      4,
      0,
      0,
      3,
      0,
      1,
      1875
    ]
  ],
  "counts": {
    "n_samples": 17778
  },
  "timing": {
    "eval_wall_sec": 46.80703639984131,
    "throughput_img_per_s": 379.81468957219164,
    "latency_ms_per_img": 2.6328628867049897
  }
}