{
  "data_flag": "organamnist",
  "num_classes": 11,
  "class_names": [
    "bladder",
    "femur-left",
    "femur-right",
    "heart",
    "kidney-left",
    "kidney-right",
    "liver",
    "lung-left",
    "lung-right",
    "pancreas",
    "spleen"
  ],
  "is_ensemble": false,
  "metrics": {
    "accuracy": 0.9668691641354483,
    "balanced_accuracy": 0.9602219871465668,
    "auc": 0.9992063525031849
  },
  "confusion_matrix": [
    [
      927,
      1,
      2,
      0,
      27,
      10,
      0,
      0,
      0,
      69,
      0
    ],
    [
      0,
      714,
      60,
      0,
      10,
      0,
      0,
      0,
      0,
      0,
      0
    ],
    [
      0,
      1,
      763,
      0,
      27,
      2,
      0,
      0,
      0,
      0,
      0
    ],
    [
      0,
      0,
      0,
      766,
      0,
      0,
      0,
      18,
      0,
      0,
      1
    ],
    [
      13,
      5,
      4,
      0,
      1884,
      20,
      0,
      0,
      0,
      26,
      112
    ],
    [
      24,
      0,
      0,
      0,
      80,
      1843,
      0,
      0,
      0,
      1,
      17
    ],
    [
      0,
      0,
      0,
      0,
      0,
      0,
      3277,
      0,
      8,
      0,
      0
    ],
    [
      0,
      0,
      0,
      0,
      0,
      0,
      0,
      1746,
      0,
      0,
      1
    ],
    [
      0,
      0,
      0,
      0,
      0,
      0,
      6,
      0,
      1807,
      0,
      0
    ],
    [
      0,
      0,
      0,
      2,
      4,
      0,
      0,
      0,
      0,
      1598,
      18
    ],
    [
      1,
      0,
      0,
      0,
      18,
      0,
      0,
      0,
      0,
      1,
      1864
    ]
  ],
  "counts": {
    "n_samples": 17778
  },
  "timing": {
    "eval_wall_sec": 43.33616614341736,
    "throughput_img_per_s": 410.23472037570696,
    "latency_ms_per_img": 2.4376288752062862
  }
}