{
  "data_flag": "organamnist",
  "num_classes": 11,
  "class_names": [
    "bladder",
    "femur-left",
    "femur-right",
    "heart",
    "kidney-left",
    "kidney-right",
    "liver",
    "lung-left",
    "lung-right",
    "pancreas",
    "spleen"
  ],
  "is_ensemble": false,
  "metrics": {
    "accuracy": 0.9706378670266622,
    "balanced_accuracy": 0.9695758736359096,
    "auc": 0.9992255757157877
  },
  "confusion_matrix": [
    [
      977,
      0,
      2,
      0,
      11,
      16,
      0,
      0,
      0,
      30,
      0
    ],
    [
      0,
      765,
      10,
      0,
      6,
      3,
      0,
      0,
      0,
      0,
      0
    ],
    [
      0,
      3,
      782,
      0,
      3,
      5,
      0,
      0,
      0,
      0,
      0
    ],
    [
      3,
      0,
      0,
      745,
      0,
      0,
      0,
      34,
      0,
      2,
      1
    ],
    [
      38,
      14,
      0,
      2,
      1791,
      27,
      0,
      0,
      0,
      44,
      148
    ],
    [
      3,
      3,
      0,
      0,
      60,
      1897,
      0,
      0,
      0,
      0,
      2
    ],
    [
      0,
      0,
      0,
      0,
      0,
      0,
      3254,
      0,
      31,
      0,
      0
    ],
    [
      0,
      0,
      0,
      0,
      0,
      0,
      0,
      1747,
      0,
      0,
      0
    ],
    [
      0,
      0,
      0,
      0,
      0,
      0,
      4,
      0,
      1809,
      0,
      0
    ],
    [
      0,
      0,
      0,
      1,
      10,
      0,
      0,
      0,
      0,
      1609,
      2
    ],
    [
      0,
      0,
      0,
      0,
      0,
      0,
      0,
      0,
      0,
      4,
      1880
    ]
  ],
  "counts": {
    "n_samples": 17778
  },
  "timing": {
    "eval_wall_sec": 43.562509059906006,
    "throughput_img_per_s": 408.10321498130804,
    "latency_ms_per_img": 2.450360505113399
  }
}