{
  "data_flag": "organamnist",
  "num_classes": 11,
  "class_names": [
    "bladder",
    "femur-left",
    "femur-right",
    "heart",
    "kidney-left",
    "kidney-right",
    "liver",
    "lung-left",
    "lung-right",
    "pancreas",
    "spleen"
  ],
  "is_ensemble": true,
  "metrics": {
    "accuracy": 0.9766565417932276,
    "balanced_accuracy": 0.9725659811458357,
    "auc": 0.9996814066314037
  },
  "confusion_matrix": [
    [
      961,
      0,
      0,
      0,
      16,
      14,
      0,
      0,
      0,
      45,
      0
    ],
    [
      0,
      741,
      33,
      0,
      8,
      2,
      0,
      0,
      0,
      0,
      0
    ],
    [
      0,
      0,
      785,
      0,
      6,
      2,
      0,
      0,
      0,
      0,
      0
    ],
    [
      0,
      0,
      0,
      751,
      0,
      0,
      0,
      34,
      0,
      0,
      0
    ],
    [
      15,
      6,
      0,
      0,
      1890,
      13,
      0,
      0,
      0,
      32,
      108
    ],
    [
      4,
      0,
      0,
      0,
      39,
      1920,
      0,
      0,
      0,
      0,
      2
    ],
    [
      0,
      0,
      0,
      0,
      0,
      0,
      3261,
      0,
      24,
      0,
      0
    ],
    [
      0,
      0,
      0,
      0,
      0,
      0,
      0,
      1747,
      0,
      0,
      0
    ],
    [
      0,
      0,
      0,
      0,
      0,
      0,
      4,
      0,
      1809,
      0,
      0
    ],
    [
      0,
      0,
      0,
      0,
      0,
      0,
      0,
      0,
      0,
      1620,
      2
    ],
    [
      0,
      0,
      0,
      0,
      2,
      0,
      0,
      3,
      0,
      1,
      1878
    ]
  ],
  "counts": {
    "n_samples": 17778
  },
  "timing": {
    "eval_wall_sec": 212.40250205993652,
    "throughput_img_per_s": 83.69957899546465,
    "latency_ms_per_img": 11.947491397228964
  }
}