{
  "data_flag": "organamnist",
  "num_classes": 11,
  "class_names": [
    "bladder",
    "femur-left",
    "femur-right",
    "heart",
    "kidney-left",
    "kidney-right",
    "liver",
    "lung-left",
    "lung-right",
    "pancreas",
    "spleen"
  ],
  "is_ensemble": false,
  "metrics": {
    "accuracy": 0.9712566092923839,
    "balanced_accuracy": 0.9675213109978881,
    "auc": 0.9993053686615192
  },
  "confusion_matrix": [
    [
      996,
      0,
      0,
      0,
      11,
      19,
      0,
      0,
      0,
      9,
      1
    ],
    [
      0,
      720,
      37,
      0,
      7,
      20,
      0,
      0,
      0,
      0,
      0
    ],
    [
      0,
      2,
      784,
      0,
      1,
      6,
      0,
      0,
      0,
      0,
      0
    ],
    [
      0,
      0,
      0,
      745,
      0,
      0,
      0,
      39,
      0,
      1,
      0
    ],
    [
      33,
      3,
      0,
      0,
      1809,
      77,
      0,
      0,
      0,
      33,
      109
    ],
    [
      19,
      0,
      0,
      0,
      17,
      1929,
      0,
      0,
      0,
      0,
      0
    ],
    [
      0,
      0,
      0,
      0,
      0,
      0,
      3272,
      0,
      13,
      0,
      0
    ],
    [
      0,
      0,
      0,
      0,
      0,
      0,
      0,
      1747,
      0,
      0,
      0
    ],
    [
      0,
      0,
      0,
      0,
      0,
      0,
      7,
      0,
      1806,
      0,
      0
    ],
    [
      0,
      0,
      0,
      0,
      0,
      0,
      1,
      0,
      0,
      1621,
      0
    ],
    [
      16,
      0,
      0,
      0,
      7,
      6,
      0,
      13,
      0,
      4,
      1838
    ]
  ],
  "counts": {
    "n_samples": 17778
  },
  "timing": {
    "eval_wall_sec": 43.384684562683105,
    "throughput_img_per_s": 409.7759423446763,
    "latency_ms_per_img": 2.4403580021758975
  }
}