{
  "run_name": "fold_0",
  "train_losses": [
    0.22987506818198453,
    0.14750149947300195,
    0.1219716365457738,
    0.10152081071180524,
    0.09331382410996723,
    0.07843076662795684,
    0.06545993733063148,
    0.06124181037703305,
    0.05267851952077776,
    0.039785016908666704,
    0.04159658590620883,
    0.04168329174826593,
    0.034341365042574665,
    0.028757290769404562,
    0.0267675673852067
  ],
  "val_losses": [
    0.1905795462319956,
    0.13612070553662145,
    0.2601638677091721,
    0.13522101278581164,
    0.13126143695348325,
    0.15952312064302318,
    0.1988240499049425,
    0.17852959653143496,
    0.14352195807184806,
    0.1449356915374451,
    0.2061974702964482,
    0.169130373006577,
    0.2818325217196937,
    0.16494861121892052,
    0.2031875232111334
  ],
  "val_accs": [
    0.9435083669936526,
    0.9624927870744374,
    0.9626081938834391,
    0.9619734564339296,
    0.9580496249278707,
    0.9594922100403924,
    0.9246393537218696,
    0.9507789959607617,
    0.9648586266589729,
    0.9624927870744374,
    0.9649740334679746,
    0.9658395845354876,
    0.9696480092325447,
    0.9422388920946336,
    0.970398153491056
  ],
  "epoch_times_sec": [
    67.80906081199646,
    55.094029903411865,
    55.31962203979492,
    55.07235670089722,
    54.94961619377136,
    55.184847593307495,
    55.38028120994568,
    55.289987564086914,
    55.6998085975647,
    55.514209032058716,
    55.605528354644775,
    55.4074227809906,
    55.621622800827026,
    55.38169860839844,
    55.54430174827576
  ],
  "total_train_sec": 843.2925248146057,
  "early_stop": {
    "enabled": true,
    "monitor": "val_loss",
    "best_epoch": 4,
    "best_value": 0.13126143695348325
  }
}