{
  "run_name": "fold_1",
  "train_losses": [
    0.2176859410145697,
    0.1435275673349827,
    0.12322863072928131,
    0.10632040917653032,
    0.09272785544009834,
    0.07537098396776068,
    0.06972235507226777,
    0.05899108776929418,
    0.04966061233776121,
    0.049450937020308346,
    0.04057120089462223,
    0.03776923374379615,
    0.031034201438032614,
    0.03231662491662686,
    0.03469636752536992,
    0.026078793542193206
  ],
  "val_losses": [
    0.19157233891789527,
    0.1467441631042782,
    0.2010137077201815,
    0.14364423094700804,
    0.1616912128075081,
    0.1359794987091685,
    0.17334530469687545,
    0.1627863538588452,
    0.15747151574503412,
    0.16208429040168137,
    0.22264605219585493,
    0.1929361171719125,
    0.21254264744108214,
    0.23663200886221603,
    0.23297036207719324,
    0.2693227235885227
  ],
  "val_accs": [
    0.9361800346220427,
    0.9572417772648586,
    0.9444893248701673,
    0.9661281015579919,
    0.9559145989613387,
    0.9679169070975188,
    0.9411425274091172,
    0.9630698211194461,
    0.9569532602423543,
    0.9638776687824582,
    0.9702827466820543,
    0.9728793998845932,
    0.9461627236006924,
    0.9706866705135603,
    0.972533179457588,
    0.9417195614541258
  ],
  "epoch_times_sec": [
    68.75816631317139,
    55.03154754638672,
    55.35186815261841,
    55.2891685962677,
    55.08489227294922,
    55.06577014923096,
    55.08688759803772,
    55.04272985458374,
    55.19017505645752,
    55.02351641654968,
    54.9878044128418,
    54.91174364089966,
    54.96263122558594,
    55.18556022644043,
    54.892446994781494,
    54.98365545272827
  ],
  "total_train_sec": 895.4145476818085,
  "early_stop": {
    "enabled": true,
    "monitor": "val_loss",
    "best_epoch": 5,
    "best_value": 0.1359794987091685
  }
}