{
  "run_name": "fold_4",
  "train_losses": [
    0.21714478842018933,
    0.1503738789765815,
    0.12349845553694944,
    0.10369126454801358,
    0.09444096859788967,
    0.0779330930095889,
    0.07054119397388589,
    0.056956329609331106,
    0.05496577990917892,
    0.04699394758317323,
    0.037495987820129174,
    0.0375328189919336,
    0.035943112152330786,
    0.028544100458615815,
    0.033207102581990326,
    0.024207765671063915,
    0.02921708472115685
  ],
  "val_losses": [
    0.24114726670086384,
    0.16837898743174531,
    0.18358139162335327,
    0.17661725455785499,
    0.16299165497698329,
    0.16545054426088052,
    0.15314851496505605,
    0.18619310045409398,
    0.15489942545536906,
    0.16570786824997732,
    0.16378882095929892,
    0.19718729867599905,
    0.18568459561313777,
    0.25544752101824786,
    0.22592851569489164,
    0.21605836927397726,
    0.2243118025978808
  ],
  "val_accs": [
    0.9394079289053032,
    0.9631831034681747,
    0.9428703329678574,
    0.9664146805932252,
    0.967107161405736,
    0.9484101794679439,
    0.963009983265047,
    0.9710889260776733,
    0.9608171273587628,
    0.9450631888741416,
    0.9666455075307289,
    0.9698193779214034,
    0.9730509550464539,
    0.9702810317964107,
    0.9728778348433262,
    0.9686652432338854,
    0.9679727624213745
  ],
  "epoch_times_sec": [
    69.43649363517761,
    55.178136587142944,
    55.08764052391052,
    55.08549165725708,
    55.084177017211914,
    55.12896656990051,
    54.685099840164185,
    55.196131229400635,
    55.069146394729614,
    55.71306920051575,
    55.81993794441223,
    55.79055166244507,
    55.71489906311035,
    55.51742649078369,
    55.39400124549866,
    55.47560787200928,
    55.50176000595093
  ],
  "total_train_sec": 955.4669873714447,
  "early_stop": {
    "enabled": true,
    "monitor": "val_loss",
    "best_epoch": 6,
    "best_value": 0.15314851496505605
  }
}