{
  "run_name": "fold_3",
  "train_losses": [
    0.2251535188716573,
    0.14729016321726734,
    0.1261352246141753,
    0.10888054725918885,
    0.09182553921349333,
    0.07805898956190141,
    0.0666637068266624,
    0.057676575293802344,
    0.053292790850858564,
    0.04647091886393602,
    0.04195681105233564,
    0.035669504693242794,
    0.035146573406959196
  ],
  "val_losses": [
    0.2052557625095634,
    0.19765157849692247,
    0.12132126965340884,
    0.13416788950288558,
    0.12976113164468722,
    0.1282956278472043,
    0.22019685158396468,
    0.1707945008049993,
    0.15444734488504336,
    0.13602148932884173,
    0.1896822654765428,
    0.20626965610940448,
    0.16596681543845027
  ],
  "val_accs": [
    0.9501990882335969,
    0.9550464539211726,
    0.9674534018119915,
    0.9552195741243003,
    0.9597206994056207,
    0.9602400600150037,
    0.9244618847019447,
    0.9624906226556639,
    0.9609902475618904,
    0.9646257718275723,
    0.9567199492180738,
    0.9698770846557794,
    0.9683767095620058
  ],
  "epoch_times_sec": [
    69.09648776054382,
    54.65098476409912,
    55.21344876289368,
    55.31726264953613,
    55.161081075668335,
    54.70737600326538,
    54.88291645050049,
    54.97239017486572,
    55.10342049598694,
    55.05678153038025,
    54.864558935165405,
    54.97838568687439,
    54.90878701210022
  ],
  "total_train_sec": 729.3848645687103,
  "early_stop": {
    "enabled": true,
    "monitor": "val_loss",
    "best_epoch": 2,
    "best_value": 0.12132126965340884
  }
}