{
  "run_name": "fold_2",
  "train_losses": [
    0.2236003230864702,
    0.15203412350563267,
    0.1267700356546645,
    0.1077275951711423,
    0.09158715895289304,
    0.07650228034078303,
    0.06771599707777255,
    0.057541936339015165,
    0.05322565308207381,
    0.04739180519658721,
    0.04402986006073605,
    0.037370187187371104,
    0.0349005836631514,
    0.03199899993607062,
    0.030499453572668273,
    0.030291082024403854,
    0.026467529112331536
  ],
  "val_losses": [
    0.16065598303890405,
    0.13647610551732428,
    0.13279611772090635,
    0.13003119985189507,
    0.165400134789867,
    0.15371275456238756,
    0.12870779055554202,
    0.17076798339429147,
    0.2077787725823274,
    0.186025775366408,
    0.13558385851245155,
    0.1508297050741556,
    0.23082702902748303,
    0.24904196349191754,
    0.17846364005441395,
    0.17328463419450119,
    0.2516415166490547
  ],
  "val_accs": [
    0.9414276646084598,
    0.9582203243118472,
    0.9617404351087772,
    0.9628945697962952,
    0.9702233250620348,
    0.965375959374459,
    0.9713774597495528,
    0.9707426856714179,
    0.9690691903745167,
    0.9309250389520457,
    0.9604708869525074,
    0.9707426856714179,
    0.8863177332794737,
    0.9649720122338277,
    0.9623175024525362,
    0.9594321657337411,
    0.9723007674995672
  ],
  "epoch_times_sec": [
    70.53687500953674,
    55.2920241355896,
    56.350196838378906,
    56.161160945892334,
    56.08777189254761,
    55.288039684295654,
    55.451151609420776,
    55.63106870651245,
    55.32301354408264,
    55.20982789993286,
    55.527592182159424,
    55.37738227844238,
    55.22347021102905,
    55.38396334648132,
    54.96052002906799,
    55.162970542907715,
    54.871010303497314
  ],
  "total_train_sec": 958.4214115142822,
  "early_stop": {
    "enabled": true,
    "monitor": "val_loss",
    "best_epoch": 6,
    "best_value": 0.12870779055554202
  }
}