{
  "data_flag": "octmnist",
  "num_classes": 4,
  "class_names": [
    "choroidal neovascularization",
    "diabetic macular edema",
    "drusen",
    "normal"
  ],
  "is_ensemble": false,
  "metrics": {
    "accuracy": 0.899,
    "balanced_accuracy": 0.8989999999999999,
    "auc": 0.9851673333333333
  },
  "confusion_matrix": [
    [
      249,
      0,
      1,
      0
    ],
    [
      17,
      233,
      0,
      0
    ],
    [
      56,
      1,
      190,
      3
    ],
    [
      6,
      2,
      15,
      227
    ]
  ],
  "counts": {
    "n_samples": 1000
  },
  "timing": {
    "eval_wall_sec": 5.592202186584473,
    "throughput_img_per_s": 178.82043006223387,
    "latency_ms_per_img": 5.592202186584473
  }
}