{
  "data_flag": "octmnist",
  "num_classes": 4,
  "class_names": [
    "choroidal neovascularization",
    "diabetic macular edema",
    "drusen",
    "normal"
  ],
  "is_ensemble": false,
  "metrics": {
    "accuracy": 0.909,
    "balanced_accuracy": 0.9089999999999999,
    "auc": 0.9875813333333333
  },
  "confusion_matrix": [
    [
      248,
      1,
      1,
      0
    ],
    [
      17,
      233,
      0,
      0
    ],
    [
      57,
      1,
      185,
      7
    ],
    [
      4,
      0,
      3,
      243
    ]
  ],
  "counts": {
    "n_samples": 1000
  },
  "timing": {
    "eval_wall_sec": 0.5692708492279053,
    "throughput_img_per_s": 1756.6330708067824,
    "latency_ms_per_img": 0.5692708492279053
  }
}