{
  "run_name": "fold_3",
  "train_losses": [
    0.31666576268335256,
    0.22527011393083662,
    0.20370588275371543,
    0.18228711069048117,
    0.17795301393104812,
    0.16830580199238418,
    0.1579217900104182,
    0.15233811480122816,
    0.146073141349518,
    0.14551275935704505,
    0.13568148490461435,
    0.13521914639438978,
    0.12539515116887584,
    0.12425387551606419,
    0.12095096852576527,
    0.11693444496974649,
    0.11560107888866962,
    0.11084229913667687,
    0.1074908540680802,
    0.10523818380101643,
    0.09712730531907955,
    0.09563136879813565,
    0.09758078327786782,
    0.09150537649240127,
    0.08718225295856183,
    0.0887051604153112,
    0.08464555964576809,
    0.08268187193192414,
    0.08658476008309259,
    0.07526794596532717
  ],
  "val_losses": [
    0.1792478091777028,
    0.14668543470838669,
    0.14005556348508102,
    0.1431969128180633,
    0.14586162786326506,
    0.13983568948965464,
    0.11722327462528703,
    0.12603040051792874,
    0.13363358968514896,
    0.11586347769437876,
    0.12876440431296884,
    0.1214974273525669,
    0.1375676104626396,
    0.12317421499434879,
    0.13187410848958925,
    0.12809630635117789,
    0.12623644161725858,
    0.11502083492891987,
    0.12245705818652185,
    0.10930636062744313,
    0.115910409234769,
    0.11581333550301066,
    0.128443855884508,
    0.11655906566814636,
    0.14075745042578788,
    0.11419921088592916,
    0.1258654865099875,
    0.11416777702784385,
    0.12847192822456002,
    0.1321827529067155
  ],
  "val_accs": [
    0.9404466501240695,
    0.9632408102025506,
    0.9651451324369554,
    0.9538923192336546,
    0.9632408102025506,
    0.9616250216400254,
    0.961855848577529,
    0.9542962663742859,
    0.969473137515148,
    0.9669340412026084,
    0.9649143054994518,
    0.9698193779214034,
    0.9720122338276876,
    0.9649143054994518,
    0.9743205032027238,
    0.9685498297651336,
    0.9728778348433262,
    0.9702810317964107,
    0.9721276472964395,
    0.9726470079058226,
    0.9720699405620636,
    0.9702810317964107,
    0.9759939984996249,
    0.9733394887183334,
    0.974147382999596,
    0.972416180968319,
    0.9748975705464827,
    0.9693577240463962,
    0.9759939984996249,
    0.9764556523746322
  ],
  "epoch_times_sec": [
    596.4976525306702,
    584.6078813076019,
    584.289402961731,
    584.4273386001587,
    584.4706373214722,
    584.6858325004578,
    584.2746710777283,
    584.1237983703613,
    583.649055480957,
    583.8757612705231,
    584.4110617637634,
    584.7337989807129,
    584.5282714366913,
    584.5939335823059,
    584.4054777622223,
    584.5752320289612,
    584.3455235958099,
    584.0961980819702,
    584.3668015003204,
    584.6396007537842,
    584.497186422348,
    584.81623005867,
    584.2763352394104,
    584.2589383125305,
    584.0882477760315,
    584.8659515380859,
    585.4210042953491,
    584.5488457679749,
    584.6387822628021,
    584.8571169376373
  ],
  "early_stop": {
    "enabled": true,
    "monitor": "val_loss",
    "best_epoch": 19,
    "best_value": 0.10930636062744313
  }
}