{
  "run_name": "fold_0",
  "train_losses": [
    0.3171093701397927,
    0.223077963084958,
    0.19673316791073855,
    0.18156540257451592,
    0.17306998056801126,
    0.16364993919332824,
    0.1594836743355334,
    0.15214767916884228,
    0.1428015296783925,
    0.14198337326037147,
    0.1365330336006779,
    0.13038752647118795,
    0.12630959581217482,
    0.12413141333173064,
    0.1171889069162317,
    0.11477616066586455,
    0.11008750802311452,
    0.10731557066078021,
    0.10775692375522437,
    0.10263524211016946,
    0.09839838308881953,
    0.09383714129071527,
    0.09465496157283197,
    0.09291086396461512,
    0.08884823452998654,
    0.08614711169736185,
    0.08400591436290875,
    0.08377563458449884,
    0.07961171693400279,
    0.07601690395200637
  ],
  "val_losses": [
    0.1923079333687819,
    0.1621227571025998,
    0.1675891025177812,
    0.14868420146478784,
    0.13932373539189416,
    0.14513695231078336,
    0.14644374067358246,
    0.14507596136790374,
    0.15043532036661894,
    0.12294649409546167,
    0.11921451638973454,
    0.1536644309019671,
    0.12715652148570894,
    0.11736242948277315,
    0.1163620516975973,
    0.132576439542985,
    0.12122803699124156,
    0.1338315960787241,
    0.11976025216990789,
    0.11192054237097725,
    0.14079716409208867,
    0.1200053132550261,
    0.12074042528059464,
    0.11579734425082484,
    0.11857140032597105,
    0.12939228381095289,
    0.1264839330575264,
    0.12019328783339871,
    0.14189374504994604,
    0.12543355105106224
  ],
  "val_accs": [
    0.9523946912867859,
    0.9580496249278707,
    0.9439699942296595,
    0.9662435083669937,
    0.9523946912867859,
    0.9619734564339296,
    0.9684362377380266,
    0.9666474321984997,
    0.9653779572994806,
    0.9658395845354876,
    0.9642238892094633,
    0.9590882862088863,
    0.972533179457588,
    0.9682054241200231,
    0.9709174841315638,
    0.9735718407386036,
    0.9698211194460473,
    0.9705135603000578,
    0.9701096364685516,
    0.9709751875360646,
    0.9733410271206001,
    0.9739757645701096,
    0.9740911713791114,
    0.9718407386035776,
    0.9747259088286209,
    0.9717253317945759,
    0.9721869590305828,
    0.9743796884016157,
    0.9747259088286209,
    0.9718407386035776
  ],
  "epoch_times_sec": [
    591.0824224948883,
    584.0686905384064,
    583.8982002735138,
    583.7054724693298,
    584.1758353710175,
    584.0331242084503,
    584.2724270820618,
    587.1478383541107,
    585.553308725357,
    585.841677904129,
    585.5078389644623,
    585.3650760650635,
    582.3974533081055,
    582.0889763832092,
    582.1169669628143,
    582.2484188079834,
    582.1779263019562,
    582.2406725883484,
    582.5257382392883,
    582.8438017368317,
    584.2716584205627,
    585.8622307777405,
    585.0495893955231,
    580.0140609741211,
    580.8680801391602,
    580.8441934585571,
    581.6896135807037,
    581.8311338424683,
    581.3015887737274,
    581.8968577384949
  ],
  "early_stop": {
    "enabled": true,
    "monitor": "val_loss",
    "best_epoch": 19,
    "best_value": 0.11192054237097725
  }
}