{
  "run_name": "fold_4",
  "train_losses": [
    0.32417170677227986,
    0.22142461700074043,
    0.20268315430235617,
    0.18491596594186727,
    0.17712053388211843,
    0.17024513799377394,
    0.1624608841257165,
    0.1563236553576316,
    0.14589086256566808,
    0.1433249517762347,
    0.138849308450236,
    0.135936345770388,
    0.12632290285448589,
    0.12517936899236964,
    0.12192760515709675,
    0.11650424243471118,
    0.11654123282376837,
    0.10880986986702618,
    0.10593855926859051,
    0.10573764691264381,
    0.1017732429244369,
    0.09758600741285182,
    0.09562674594794292,
    0.08770889548897114,
    0.09190314227743135,
    0.08810549650269581,
    0.08308999475616541,
    0.0834133395891683,
    0.07448465844798532,
    0.07992948023892305,
    0.07587188534564797,
    0.07200473276981834,
    0.07188044948160877,
    0.06987457511391243,
    0.06753750493124795,
    0.061288534724749176,
    0.06624856122422161,
    0.061422797823506715
  ],
  "val_losses": [
    0.17251776788684473,
    0.14370577488522582,
    0.14949723860796355,
    0.18100883234764137,
    0.1417261892959232,
    0.16635815903885806,
    0.13086308460276114,
    0.1252972161895756,
    0.1157459329962696,
    0.11737092226740259,
    0.1190805810598949,
    0.12308561603747056,
    0.10985334057693452,
    0.12195986972119874,
    0.1315225934863118,
    0.12364639703890987,
    0.1124809784997981,
    0.10268697231127445,
    0.1022135449582104,
    0.11301159101499504,
    0.10745270027261439,
    0.1097243800529293,
    0.11069301700738568,
    0.10664162687775419,
    0.10819554946754703,
    0.11655722463243254,
    0.1154941539140652,
    0.09759551297962044,
    0.10730129902571538,
    0.1232105089488366,
    0.1100900849290147,
    0.09881462785142603,
    0.10304998963558774,
    0.1260971867110864,
    0.11158352929012506,
    0.10947155336294166,
    0.1222522618451457,
    0.13502125442114035
  ],
  "val_accs": [
    0.9529690114836401,
    0.9614519014368977,
    0.9549310404524208,
    0.9215188412487737,
    0.9525650643430088,
    0.9706272722026661,
    0.972993248312078,
    0.9669917479369843,
    0.9641641179525651,
    0.9697039644526516,
    0.9640487044838133,
    0.9726470079058226,
    0.9675688152807432,
    0.967741935483871,
    0.9709158058745455,
    0.9701656183276588,
    0.9713774597495528,
    0.9708580991401696,
    0.9734549021870852,
    0.9722430607651913,
    0.9714928732183046,
    0.9750129840152346,
    0.9738011425933406,
    0.9669917479369843,
    0.9754169311558659,
    0.9761671187027526,
    0.9767441860465116,
    0.9742627964683479,
    0.9768595995152635,
    0.9738011425933406,
    0.977090426452767,
    0.9751283974839864,
    0.9733971954527093,
    0.9784176813434128,
    0.9766864793121357,
    0.9761094119683768,
    0.9764556523746322,
    0.9768018927808876
  ],
  "epoch_times_sec": [
    597.897430896759,
    584.948958158493,
    584.3668141365051,
    584.2715039253235,
    584.6414706707001,
    584.0773138999939,
    582.2751567363739,
    581.2301549911499,
    581.5774102210999,
    582.37384724617,
    584.2776622772217,
    585.1723127365112,
    585.3238215446472,
    584.9256236553192,
    584.688928604126,
    584.5543065071106,
    585.0616204738617,
    585.2290985584259,
    584.565550327301,
    584.6888039112091,
    584.9228055477142,
    584.9855706691742,
    584.8966970443726,
    584.5089592933655,
    584.8296222686768,
    585.0779130458832,
    585.4276351928711,
    585.246910572052,
    585.1102347373962,
    585.0710563659668,
    585.5430743694305,
    585.2013289928436,
    585.0430693626404,
    584.9793126583099,
    585.4855687618256,
    584.8039536476135,
    584.243358373642,
    584.6339244842529
  ],
  "early_stop": {
    "enabled": true,
    "monitor": "val_loss",
    "best_epoch": 27,
    "best_value": 0.09759551297962044
  }
}