{
  "run_name": "fold_2",
  "train_losses": [
    0.31901650109724866,
    0.22816977023101553,
    0.19892910514715315,
    0.1866659591723453,
    0.1773742465256936,
    0.17079389368745865,
    0.16308370069636247,
    0.1547228281928373,
    0.15013003441482536,
    0.14352241639756075,
    0.1351513328078697,
    0.1381757012757452,
    0.13219220001831886,
    0.1274540687915055,
    0.12440713550542368,
    0.11971873327693743,
    0.11431682279743578,
    0.11310954362763656,
    0.11104041693782177,
    0.10560381451716291,
    0.10589484112499156,
    0.10349626880821744,
    0.09941964459682716,
    0.09807462407333377,
    0.091018487603051,
    0.0904037546047333,
    0.08537537075340337,
    0.08750168123723741,
    0.08105973687792833,
    0.08244437030542226,
    0.08071084265556347,
    0.07769383905447033,
    0.07368822313812698,
    0.07191511862410542,
    0.07014030616159389,
    0.06803472739990689,
    0.06373139745953375,
    0.06320501707674617,
    0.06426228718761895,
    0.05919410354114142,
    0.058809443889952955
  ],
  "val_losses": [
    0.16117283127227267,
    0.14284082879492646,
    0.1279440661596168,
    0.12994640245706907,
    0.12687396896288589,
    0.13447241111493466,
    0.12448573916556309,
    0.11417164382199048,
    0.11744324947828869,
    0.11294562913685086,
    0.11992434531809709,
    0.13076411433149468,
    0.11234709197621247,
    0.1161881286316181,
    0.10595736244118449,
    0.10759490876882569,
    0.1128159652184249,
    0.11766349493109786,
    0.10850396823299015,
    0.09806557965950033,
    0.11528298033273353,
    0.10011984781312189,
    0.0973549726072451,
    0.09604334353865779,
    0.10433782470600171,
    0.09648570375148008,
    0.10709056111159151,
    0.10086680753258118,
    0.11474209633486608,
    0.09877850450186249,
    0.09391907071690969,
    0.09370551664455096,
    0.09682080850445417,
    0.11425007076847883,
    0.10627008781677179,
    0.11296317349706386,
    0.12646502692404385,
    0.10426168368031964,
    0.10215525848082556,
    0.10643728122212304,
    0.1042187014726131
  ],
  "val_accs": [
    0.9422355588897224,
    0.9586242714524785,
    0.9575278434993364,
    0.9634716371400542,
    0.9592590455306135,
    0.9562582953430665,
    0.9641064112181892,
    0.9656067863119626,
    0.9568353626868256,
    0.9710889260776733,
    0.9743782099370997,
    0.9725893011714467,
    0.959489872468117,
    0.9620866755150326,
    0.973628022390213,
    0.97183911362456,
    0.9699347913901553,
    0.9724738877026949,
    0.9726470079058226,
    0.9758785850308731,
    0.9767441860465116,
    0.9765710658433839,
    0.973628022390213,
    0.9734549021870852,
    0.9772058399215189,
    0.9742050897339719,
    0.9769173062496394,
    0.9742627964683479,
    0.979456402562179,
    0.9758785850308731,
    0.9750706907496105,
    0.9778406139996537,
    0.9785908015465404,
    0.9787639217496682,
    0.9778983207340297,
    0.9780714409371574,
    0.9795141092965549,
    0.9776097870621502,
    0.9787062150152923,
    0.979456402562179,
    0.9798603497028103
  ],
  "epoch_times_sec": [
    595.6286816596985,
    584.5569341182709,
    584.2811932563782,
    583.9771144390106,
    583.9598696231842,
    583.966076374054,
    584.099152803421,
    583.7965033054352,
    584.7504167556763,
    584.2563099861145,
    582.3503696918488,
    582.9163882732391,
    583.2925443649292,
    583.2104680538177,
    583.3911159038544,
    583.2002384662628,
    583.1456663608551,
    583.1838166713715,
    583.5085558891296,
    583.3883571624756,
    583.4920747280121,
    583.6909811496735,
    583.4518404006958,
    583.9575371742249,
    584.1010575294495,
    584.1541302204132,
    584.2408030033112,
    584.1911981105804,
    584.0038077831268,
    584.2614340782166,
    584.2496519088745,
    584.219099521637,
    584.0941607952118,
    584.053459405899,
    584.4076914787292,
    584.5104949474335,
    584.5799806118011,
    584.1189095973969,
    584.5647070407867,
    584.4133205413818,
    584.8100986480713
  ],
  "early_stop": {
    "enabled": true,
    "monitor": "val_loss",
    "best_epoch": 30,
    "best_value": 0.09391907071690969
  }
}