{
  "run_name": "fold_1",
  "train_losses": [
    0.31208096688061704,
    0.2241039386119529,
    0.2013131151816119,
    0.1817361074292137,
    0.17557178355440317,
    0.16632331701785236,
    0.16006313918161985,
    0.15269921321836702,
    0.15004428114696305,
    0.1416955802149555,
    0.13671251355716893,
    0.13263472560466136,
    0.12516170183867992,
    0.1255305334406496,
    0.11994878006870223,
    0.11648319281311664,
    0.10985174227505869,
    0.11100444787922745,
    0.10770220852115572,
    0.10282756334595079,
    0.10144837933414086,
    0.10153631151263372
  ],
  "val_losses": [
    0.17054521984195545,
    0.1552029028569283,
    0.14877380904259532,
    0.1611964067531265,
    0.14634780765474015,
    0.13871198019418013,
    0.15977616091997757,
    0.19286506827415514,
    0.1313824251672469,
    0.12322879276537717,
    0.1354312540235646,
    0.11460100178920116,
    0.11426427206696284,
    0.13864910757600127,
    0.13913694940984628,
    0.12211734354667972,
    0.1362946466858237,
    0.12742384945553503,
    0.1294102156151084,
    0.12945461367131725,
    0.12153714033337047,
    0.11920810904132446
  ],
  "val_accs": [
    0.9444893248701673,
    0.9601269474899019,
    0.9642815926139642,
    0.9402769763416041,
    0.9585112521638777,
    0.9606462781304097,
    0.969532602423543,
    0.9677437968840161,
    0.9678592036930179,
    0.9551067512983266,
    0.9667628390075015,
    0.963935372186959,
    0.9652048470859781,
    0.9730525100980958,
    0.9630698211194461,
    0.9732256203115984,
    0.9647432198499711,
    0.9703404500865551,
    0.9724754760530872,
    0.9721869590305828,
    0.972129255626082,
    0.972071552221581
  ],
  "epoch_times_sec": [
    590.2293200492859,
    581.958242893219,
    581.7643768787384,
    582.0191023349762,
    581.7205471992493,
    581.9395048618317,
    581.9652090072632,
    581.7039346694946,
    582.1363573074341,
    585.6420161724091,
    584.6013116836548,
    584.4573676586151,
    583.5435473918915,
    583.3759694099426,
    583.0373375415802,
    582.906378030777,
    582.7565734386444,
    583.1555333137512,
    582.9596107006073,
    582.766758441925,
    583.71728348732,
    583.8662295341492
  ],
  "early_stop": {
    "enabled": true,
    "monitor": "val_loss",
    "best_epoch": 11,
    "best_value": 0.11460100178920116
  }
}