{
  "run_name": "fold_1",
  "train_losses": [
    0.153844790901171,
    0.04952390977385931,
    0.03666308925589319,
    0.017977836503499618,
    0.02264889430768629,
    0.020674210610350865,
    0.01210814297686206,
    0.004543401650108735,
    0.010005385965739218,
    0.002962536009212405,
    0.022539207752818518,
    0.021275738008936482,
    0.004153448940473381,
    0.0017241249565059418,
    0.00046823716572317806,
    0.00017207526147791302,
    0.006087845158410302,
    0.03920430500804242,
    0.005195984390770829,
    0.000893136083165545,
    0.0009623748003544212,
    0.0006030534434180814,
    0.000326834707499163,
    0.013671189759131777,
    0.02548395050109276,
    0.007164118233715005,
    0.005375989933227396,
    0.007072055672874629,
    0.0175067758751982
  ],
  "val_losses": [
    0.11726897138242538,
    0.08147830884151447,
    0.0593044119887054,
    0.014503043894504887,
    0.13602416668660366,
    0.0212543029360509,
    0.010459726294357097,
    0.00898904490573981,
    0.013359278024941327,
    0.005821966741398053,
    0.4103077231691434,
    0.013386574452782112,
    0.007190189744007442,
    0.005380170005030147,
    0.005279591618869535,
    0.005205788211198454,
    0.15261436633479136,
    0.024896028794151228,
    0.004772706128024906,
    0.004383546625411747,
    0.006423936750147382,
    0.0045212427359003346,
    0.00732436676160721,
    0.12325501151812765,
    0.16334430983093065,
    0.023520995205427216,
    0.01607815223052547,
    0.04014595735386068,
    0.01748701953217208
  ],
  "val_accs": [
    0.9637637028014616,
    0.9706151035322778,
    0.9815773447015834,
    0.9937576126674786,
    0.9661997563946407,
    0.993148599269184,
    0.9966504263093788,
    0.9964981729598051,
    0.9951278928136419,
    0.9981729598051157,
    0.8676918392204629,
    0.9951278928136419,
    0.998020706455542,
    0.9984774665042631,
    0.9981729598051157,
    0.9984774665042631,
    0.949299634591961,
    0.9923873325213155,
    0.998020706455542,
    0.9984774665042631,
    0.9978684531059683,
    0.9987819732034104,
    0.998020706455542,
    0.9631546894031668,
    0.9756394640682094,
    0.9949756394640682,
    0.9952801461632156,
    0.9875152253349574,
    0.9920828258221681
  ],
  "epoch_times_sec": [
    30.58046579360962,
    21.067002058029175,
    21.24251127243042,
    21.111406326293945,
    21.33903932571411,
    21.35636281967163,
    21.47255516052246,
    21.358553886413574,
    21.253854513168335,
    21.27670693397522,
    21.39357042312622,
    21.337419509887695,
    21.360291957855225,
    21.247415781021118,
    21.19680166244507,
    21.116222620010376,
    21.21085262298584,
    21.34017062187195,
    21.176908016204834,
    21.287267684936523,
    21.575007915496826,
    21.215481758117676,
    21.306140661239624,
    21.11193084716797,
    21.22047472000122,
    21.317627668380737,
    21.334603786468506,
    21.19304132461548,
    21.17271065711975
  ],
  "total_train_sec": 627.0386407375336,
  "early_stop": {
    "enabled": true,
    "monitor": "val_loss",
    "best_epoch": 18,
    "best_value": 0.004772706128024906
  }
}