{
  "run_name": "fold_2",
  "train_losses": [
    0.16136427699792677,
    0.06087294159593379,
    0.025759822653504315,
    0.01795692347776622,
    0.03432043709553687,
    0.007474951479916188,
    0.02180405680967563,
    0.004803178553567438,
    0.00573285882277471,
    0.02620965428763955,
    0.011173047255277463,
    0.01557759903282603,
    0.0063409901671281944,
    0.0023028697442829824,
    0.0018678324151640082,
    0.03079890440770591,
    0.009479038492902808,
    0.0015705441299759535,
    0.0011602306737342322,
    0.004810592555889055,
    0.029295538922611386,
    0.003424192728748383,
    0.0003712242498428478,
    0.00011854190132042986,
    0.0010571317622362784,
    0.026040952440387895,
    0.00661199179594405,
    0.000655500174961406,
    0.00011481261114579133,
    7.689643421921263e-05,
    4.16331273000407e-05,
    3.218807793162829e-05,
    0.0017049297779965678,
    0.025800841375823395,
    0.0064038381469622326,
    0.0016498662234126398,
    0.009277238926249704,
    0.005567867054464952,
    0.0014541334316917772
  ],
  "val_losses": [
    0.12607054698925751,
    0.13043925830592903,
    0.02863480749566896,
    0.23206520897264665,
    0.01278356600960251,
    0.13700320126596266,
    0.030263283683990057,
    0.01101265540287736,
    0.26660518548809564,
    0.025499962800845075,
    0.01853499674885265,
    0.015613249340766253,
    0.011140010343996646,
    0.01015715129450165,
    0.008857629507754329,
    0.08371120216683127,
    0.010769886756721601,
    0.007594600972040028,
    0.013229457049279657,
    0.06276781168148424,
    0.018210145852488216,
    0.011269933612451356,
    0.009006263268562319,
    0.008320008692303068,
    0.016200251375301795,
    0.02893941402838279,
    0.009184388578852612,
    0.0064171249204824,
    0.004877482772389368,
    0.004489333431916538,
    0.004563497733327127,
    0.004493172285182167,
    0.026068784622531475,
    0.03883332738321489,
    0.008641860180082754,
    0.011048066331428484,
    0.029306570315384306,
    0.00929931672353982,
    0.00924999838044344
  ],
  "val_accs": [
    0.9550852618757613,
    0.9587393422655298,
    0.994062119366626,
    0.9645249695493301,
    0.9963459196102314,
    0.9630024360535931,
    0.9925395858708892,
    0.9974116930572473,
    0.9304202192448234,
    0.9934531059683313,
    0.9942143727161997,
    0.9957369062119367,
    0.9964981729598051,
    0.9966504263093788,
    0.9974116930572473,
    0.9747259439707674,
    0.9969549330085262,
    0.9983252131546894,
    0.9964981729598051,
    0.9805115712545676,
    0.9960414129110841,
    0.9972594397076736,
    0.9978684531059683,
    0.9978684531059683,
    0.9969549330085262,
    0.9907125456760049,
    0.9971071863580999,
    0.998020706455542,
    0.9984774665042631,
    0.9986297198538368,
    0.9984774665042631,
    0.9984774665042631,
    0.9913215590742996,
    0.9885809987819733,
    0.9972594397076736,
    0.9968026796589525,
    0.9907125456760049,
    0.9978684531059683,
    0.9978684531059683
  ],
  "epoch_times_sec": [
    31.519883394241333,
    21.2392840385437,
    21.28663659095764,
    21.402363777160645,
    21.506211757659912,
    21.64357829093933,
    21.24074077606201,
    21.485637426376343,
    21.668519258499146,
    21.382758617401123,
    21.117242336273193,
    21.333026885986328,
    21.198549270629883,
    21.318159580230713,
    21.2236750125885,
    21.49084734916687,
    21.358623027801514,
    21.400684356689453,
    21.304636240005493,
    21.34032416343689,
    21.40674090385437,
    21.242059469223022,
    21.355881929397583,
    21.28341054916382,
    21.283649682998657,
    21.509920597076416,
    21.43299651145935,
    21.331210374832153,
    21.286518573760986,
    21.546573400497437,
    21.236847639083862,
    21.35287570953369,
    21.39171028137207,
    21.40407681465149,
    21.24643301963806,
    21.48485827445984,
    21.447974681854248,
    21.495609283447266,
    21.548421144485474
  ],
  "total_train_sec": 844.8322277069092,
  "early_stop": {
    "enabled": true,
    "monitor": "val_loss",
    "best_epoch": 28,
    "best_value": 0.004877482772389368
  }
}