{
  "run_name": "fold_0",
  "train_losses": [
    0.15365398909851183,
    0.04658505556105477,
    0.03157565774134837,
    0.04973833914278302,
    0.013819757513645128,
    0.006283458456661121,
    0.011269334416620706,
    0.04670518897587388,
    0.011858930898597464,
    0.005965330237299118,
    0.005950644880191781,
    0.015794836155922583,
    0.007456579647685696,
    0.003921458326614101,
    0.0021071444481649227,
    0.015410854958587683
  ],
  "val_losses": [
    0.10279739956156565,
    0.04492852593270632,
    0.0721818834829789,
    0.033025927850618385,
    0.013581167060272912,
    0.011423016283795452,
    0.10187571227120665,
    0.036537833511829376,
    0.03738473224578998,
    0.015134498336220322,
    0.04587673647284436,
    0.024928968990235053,
    0.012241267458683489,
    0.01356554856045897,
    0.03150262274217452,
    0.16044428221021706
  ],
  "val_accs": [
    0.9684883543918404,
    0.9878215862383924,
    0.9852336733140509,
    0.9894961181306134,
    0.9963464758715177,
    0.9974120870756584,
    0.970924037144162,
    0.9873648957223322,
    0.9911706500228346,
    0.9972598569036383,
    0.9876693560663724,
    0.9922362612269752,
    0.9961942456994977,
    0.9952808646673771,
    0.9923884913989953,
    0.9558532501141727
  ],
  "epoch_times_sec": [
    29.68093705177307,
    20.912727117538452,
    21.055330276489258,
    21.066100597381592,
    21.215480089187622,
    21.19951581954956,
    21.250070333480835,
    21.231631755828857,
    21.13370442390442,
    21.174504280090332,
    21.081308126449585,
    20.973439693450928,
    21.157488584518433,
    21.37827229499817,
    21.31111216545105,
    21.302342891693115
  ],
  "total_train_sec": 347.6727247238159,
  "early_stop": {
    "enabled": true,
    "monitor": "val_loss",
    "best_epoch": 5,
    "best_value": 0.011423016283795452
  }
}