{
  "run_name": "fold_4",
  "train_losses": [
    0.17322749513678434,
    0.05017721299195617,
    0.029225825550170934,
    0.02095204927311165,
    0.02739583391798433,
    0.018574585628173337,
    0.015628572671941097,
    0.007104911150342626,
    0.006913019569836296,
    0.015155741132841242,
    0.008618736044977928,
    0.012645827790703794,
    0.015923309768479114,
    0.006086958883572994,
    0.0062569767630853545,
    0.007775545597275884,
    0.004686468319560823,
    0.02879444836289622,
    0.007876771454370678,
    0.002417694869650515,
    0.001073656842513961,
    0.00017774137424245365,
    0.000653186346487085,
    0.00020202517162338487,
    9.290018537751344e-05,
    4.990705184388012e-05,
    2.9927897564237622e-05,
    2.2249225103833607e-05,
    1.5094728511452025e-05,
    1.2851101589825613e-05,
    1.3205400214302223e-05,
    9.515111300915146e-06
  ],
  "val_losses": [
    0.09371842590805429,
    0.03616399563347491,
    0.018296415379154496,
    0.027113377584520586,
    0.05797623791910995,
    0.023515538381896198,
    0.053082041812068874,
    0.013625883952045115,
    0.01712113390763429,
    0.01424388361182047,
    0.020347814700821452,
    0.04224079025152605,
    0.011513321478848692,
    0.012978269014218733,
    0.014191660302580763,
    0.010830535924836883,
    0.04654199776366742,
    0.029651493757578116,
    0.016969524729190128,
    0.01913759883071993,
    0.006404318986811246,
    0.005253223937832383,
    0.009232054389491177,
    0.008629919808421632,
    0.006396878990909836,
    0.006329897973338178,
    0.005082563896501951,
    0.005234427751972248,
    0.005415067240877036,
    0.005691253062067721,
    0.005956757826884412,
    0.006437457382552781
  ],
  "val_accs": [
    0.9671132764920828,
    0.9885809987819733,
    0.9933008526187577,
    0.9922350791717418,
    0.9830998781973204,
    0.9894945188794153,
    0.9849269183922046,
    0.9961936662606578,
    0.9954323995127893,
    0.9954323995127893,
    0.9937576126674786,
    0.9866017052375152,
    0.9960414129110841,
    0.9958891595615104,
    0.9960414129110841,
    0.9971071863580999,
    0.9864494518879415,
    0.994062119366626,
    0.9963459196102314,
    0.995584652862363,
    0.9983252131546894,
    0.9987819732034104,
    0.997563946406821,
    0.998020706455542,
    0.9986297198538368,
    0.9986297198538368,
    0.9989342265529841,
    0.9987819732034104,
    0.9989342265529841,
    0.9989342265529841,
    0.9989342265529841,
    0.9990864799025578
  ],
  "epoch_times_sec": [
    31.195039749145508,
    21.296000242233276,
    20.95425009727478,
    21.381617069244385,
    21.301000595092773,
    21.38579773902893,
    21.329623222351074,
    21.41708207130432,
    21.108840465545654,
    21.48535394668579,
    21.209556818008423,
    21.20984125137329,
    21.129736185073853,
    21.259412050247192,
    21.15355896949768,
    21.189693927764893,
    21.225515365600586,
    21.19384741783142,
    21.362223625183105,
    21.36213207244873,
    21.37926936149597,
    21.26917028427124,
    21.360068798065186,
    21.34183359146118,
    21.3195538520813,
    21.318222522735596,
    21.07105565071106,
    21.2388596534729,
    21.25786328315735,
    21.223946809768677,
    21.239532470703125,
    21.288378953933716
  ],
  "total_train_sec": 691.2215521335602,
  "early_stop": {
    "enabled": true,
    "monitor": "val_loss",
    "best_epoch": 21,
    "best_value": 0.005253223937832383
  }
}