{
  "run_name": "fold_3",
  "train_losses": [
    0.1569711668462288,
    0.05119072705529994,
    0.025064712907925883,
    0.025145696218852407,
    0.02680962587914021,
    0.029671528172486167,
    0.01007970436405186,
    0.0045583692808577325,
    0.010633735675574138,
    0.01040537927676668,
    0.02815650274278596,
    0.010251694371556102,
    0.0059203080212549735,
    0.00663369257384968,
    0.01495872038805562,
    0.013176262426163814,
    0.007396054223393482,
    0.006051952364844222
  ],
  "val_losses": [
    0.19980608886824205,
    0.036858351148951515,
    0.031393625952589974,
    0.05499088380915614,
    0.04021915325966592,
    0.01960046290948342,
    0.02587034864252648,
    0.010047065071725788,
    0.017559923325069785,
    0.012465978483585506,
    0.05489334712127367,
    0.02641645307113112,
    0.02278032820098675,
    0.02100122727726837,
    0.013416798603709769,
    0.02790038244389647,
    0.01006253465521485,
    0.04063464181840223
  ],
  "val_accs": [
    0.938489646772229,
    0.9859926918392204,
    0.9902557856272838,
    0.9823386114494519,
    0.9879719853836785,
    0.9929963459196103,
    0.9913215590742996,
    0.9971071863580999,
    0.9929963459196103,
    0.9961936662606578,
    0.982795371498173,
    0.9908647990255786,
    0.9929963459196103,
    0.9954323995127893,
    0.9974116930572473,
    0.9928440925700366,
    0.9977161997563947,
    0.988733252131547
  ],
  "epoch_times_sec": [
    30.840190649032593,
    21.206915616989136,
    21.190582990646362,
    21.39859700202942,
    21.17466449737549,
    21.42374849319458,
    21.30206799507141,
    21.221426725387573,
    21.32446599006653,
    21.144480228424072,
    21.338980674743652,
    21.21089744567871,
    21.061525583267212,
    21.339069604873657,
    21.277695655822754,
    21.11732769012451,
    21.34218144416809,
    21.44272518157959
  ],
  "total_train_sec": 392.94126749038696,
  "early_stop": {
    "enabled": true,
    "monitor": "val_loss",
    "best_epoch": 7,
    "best_value": 0.010047065071725788
  }
}