{
  "data_flag": "organamnist",
  "num_classes": 11,
  "class_names": [
    "bladder",
    "femur-left",
    "femur-right",
    "heart",
    "kidney-left",
    "kidney-right",
    "liver",
    "lung-left",
    "lung-right",
    "pancreas",
    "spleen"
  ],
  "is_ensemble": false,
  "metrics": {
    "accuracy": 0.9679379007762403,
    "balanced_accuracy": 0.9614549890103411,
    "auc": 0.99925390846985
  },
  "confusion_matrix": [
    [
      980,
      3,
      1,
      0,
      11,
      22,
      1,
      0,
      0,
      16,
      2
    ],
    [
      0,
      734,
      35,
      0,
      12,
      2,
      0,
      0,
      0,
      1,
      0
    ],
    [
      1,
      22,
      749,
      0,
      4,
      17,
      0,
      0,
      0,
      0,
      0
    ],
    [
      0,
      0,
      0,
      724,
      1,
      4,
      0,
      40,
      0,
      0,
      16
    ],
    [
      34,
      6,
      14,
      0,
      1853,
      45,
      0,
      0,
      0,
      26,
      86
    ],
    [
      9,
      0,
      0,
      3,
      62,
      1883,
      0,
      0,
      0,
      8,
      0
    ],
    [
      0,
      0,
      0,
      0,
      0,
      0,
      3252,
      0,
      33,
      0,
      0
    ],
    [
      0,
      0,
      0,
      0,
      0,
      0,
      0,
      1744,
      0,
      0,
      3
    ],
    [
      1,
      0,
      0,
      0,
      0,
      0,
      1,
      0,
      1811,
      0,
      0
    ],
    [
      0,
      0,
      0,
      0,
      6,
      0,
      1,
      0,
      0,
      1607,
      8
    ],
    [
      3,
      0,
      0,
      1,
      8,
      0,
      0,
      0,
      0,
      1,
      1871
    ]
  ],
  "counts": {
    "n_samples": 17778
  },
  "timing": {
    "eval_wall_sec": 6.03947639465332,
    "throughput_img_per_s": 2943.632665861342,
    "latency_ms_per_img": 0.33971630074549
  }
}