{
  "data_flag": "organamnist",
  "num_classes": 11,
  "class_names": [
    "bladder",
    "femur-left",
    "femur-right",
    "heart",
    "kidney-left",
    "kidney-right",
    "liver",
    "lung-left",
    "lung-right",
    "pancreas",
    "spleen"
  ],
  "is_ensemble": false,
  "metrics": {
    "accuracy": 0.9697941275734053,
    "balanced_accuracy": 0.9630322579199654,
    "auc": 0.999176987409463
  },
  "confusion_matrix": [
    [
      997,
      2,
      0,
      0,
      14,
      14,
      0,
      0,
      0,
      9,
      0
    ],
    [
      2,
      742,
      14,
      0,
      19,
      7,
      0,
      0,
      0,
      0,
      0
    ],
    [
      24,
      1,
      752,
      0,
      6,
      10,
      0,
      0,
      0,
      0,
      0
    ],
    [
      29,
      0,
      0,
      711,
      9,
      12,
      0,
      7,
      0,
      5,
      12
    ],
    [
      22,
      0,
      10,
      0,
      1881,
      41,
      0,
      0,
      0,
      4,
      106
    ],
    [
      7,
      0,
      0,
      1,
      55,
      1887,
      0,
      0,
      0,
      12,
      3
    ],
    [
      0,
      0,
      0,
      0,
      0,
      6,
      3270,
      0,
      9,
      0,
      0
    ],
    [
      0,
      0,
      0,
      0,
      0,
      0,
      0,
      1747,
      0,
      0,
      0
    ],
    [
      0,
      0,
      0,
      0,
      0,
      2,
      1,
      0,
      1810,
      0,
      0
    ],
    [
      9,
      0,
      0,
      0,
      8,
      0,
      0,
      0,
      0,
      1599,
      6
    ],
    [
      16,
      0,
      0,
      0,
      11,
      1,
      0,
      11,
      0,
      0,
      1845
    ]
  ],
  "counts": {
    "n_samples": 17778
  },
  "timing": {
    "eval_wall_sec": 6.6677772998809814,
    "throughput_img_per_s": 2666.2558151600733,
    "latency_ms_per_img": 0.375057784895994
  }
}