{
  "data_flag": "organamnist",
  "num_classes": 11,
  "class_names": [
    "bladder",
    "femur-left",
    "femur-right",
    "heart",
    "kidney-left",
    "kidney-right",
    "liver",
    "lung-left",
    "lung-right",
    "pancreas",
    "spleen"
  ],
  "is_ensemble": false,
  "metrics": {
    "accuracy": 0.9669254134323321,
    "balanced_accuracy": 0.9611888874495115,
    "auc": 0.9988846310531446
  },
  "confusion_matrix": [
    [
      984,
      3,
      1,
      0,
      15,
      8,
      0,
      0,
      0,
      25,
      0
    ],
    [
      0,
      734,
      31,
      0,
      15,
      3,
      0,
      0,
      0,
      1,
      0
    ],
    [
      4,
      7,
      756,
      0,
      19,
      7,
      0,
      0,
      0,
      0,
      0
    ],
    [
      6,
      0,
      0,
      728,
      7,
      7,
      0,
      21,
      0,
      2,
      14
    ],
    [
      18,
      2,
      14,
      0,
      1863,
      44,
      0,
      0,
      0,
      31,
      92
    ],
    [
      4,
      0,
      2,
      0,
      93,
      1841,
      0,
      0,
      0,
      10,
      15
    ],
    [
      0,
      0,
      0,
      0,
      0,
      1,
      3270,
      0,
      14,
      0,
      0
    ],
    [
      0,
      0,
      0,
      0,
      0,
      0,
      0,
      1747,
      0,
      0,
      0
    ],
    [
      0,
      0,
      0,
      0,
      0,
      0,
      0,
      0,
      1813,
      0,
      0
    ],
    [
      2,
      0,
      0,
      0,
      1,
      0,
      0,
      0,
      0,
      1610,
      9
    ],
    [
      0,
      0,
      0,
      0,
      30,
      4,
      0,
      3,
      0,
      3,
      1844
    ]
  ],
  "counts": {
    "n_samples": 17778
  },
  "timing": {
    "eval_wall_sec": 6.2097063064575195,
    "throughput_img_per_s": 2862.937331112186,
    "latency_ms_per_img": 0.34929161359306554
  }
}