{
  "data_flag": "organamnist",
  "num_classes": 11,
  "class_names": [
    "bladder",
    "femur-left",
    "femur-right",
    "heart",
    "kidney-left",
    "kidney-right",
    "liver",
    "lung-left",
    "lung-right",
    "pancreas",
    "spleen"
  ],
  "is_ensemble": false,
  "metrics": {
    "accuracy": 0.9700753740578243,
    "balanced_accuracy": 0.9669837295170267,
    "auc": 0.9991198916648323
  },
  "confusion_matrix": [
    [
      1013,
      0,
      1,
      0,
      5,
      14,
      0,
      0,
      0,
      3,
      0
    ],
    [
      0,
      753,
      17,
      0,
      11,
      3,
      0,
      0,
      0,
      0,
      0
    ],
    [
      21,
      5,
      743,
      0,
      15,
      8,
      0,
      0,
      0,
      1,
      0
    ],
    [
      0,
      0,
      0,
      749,
      5,
      0,
      0,
      20,
      0,
      2,
      9
    ],
    [
      41,
      0,
      6,
      0,
      1839,
      65,
      0,
      0,
      0,
      10,
      103
    ],
    [
      16,
      0,
      0,
      0,
      51,
      1883,
      0,
      0,
      0,
      7,
      8
    ],
    [
      0,
      0,
      0,
      0,
      0,
      0,
      3263,
      0,
      22,
      0,
      0
    ],
    [
      0,
      0,
      0,
      0,
      0,
      0,
      0,
      1745,
      0,
      0,
      2
    ],
    [
      0,
      0,
      0,
      0,
      0,
      0,
      1,
      0,
      1812,
      0,
      0
    ],
    [
      6,
      0,
      0,
      0,
      3,
      0,
      1,
      0,
      0,
      1604,
      8
    ],
    [
      1,
      0,
      0,
      1,
      23,
      0,
      0,
      17,
      0,
      0,
      1842
    ]
  ],
  "counts": {
    "n_samples": 17778
  },
  "timing": {
    "eval_wall_sec": 6.203948020935059,
    "throughput_img_per_s": 2865.594608466836,
    "latency_ms_per_img": 0.34896771408117105
  }
}