{
  "data_flag": "organamnist",
  "num_classes": 11,
  "class_names": [
    "bladder",
    "femur-left",
    "femur-right",
    "heart",
    "kidney-left",
    "kidney-right",
    "liver",
    "lung-left",
    "lung-right",
    "pancreas",
    "spleen"
  ],
  "is_ensemble": true,
  "metrics": {
    "accuracy": 0.9756440544493193,
    "balanced_accuracy": 0.9705946622953917,
    "auc": 0.9993764069217452
  },
  "confusion_matrix": [
    [
      1008,
      0,
      2,
      0,
      9,
      9,
      0,
      0,
      0,
      8,
      0
    ],
    [
      0,
      743,
      26,
      0,
      12,
      3,
      0,
      0,
      0,
      0,
      0
    ],
    [
      13,
      7,
      754,
      0,
      14,
      5,
      0,
      0,
      0,
      0,
      0
    ],
    [
      0,
      0,
      0,
      737,
      8,
      2,
      0,
      23,
      0,
      3,
      12
    ],
    [
      21,
      0,
      9,
      0,
      1894,
      31,
      0,
      0,
      0,
      12,
      97
    ],
    [
      1,
      0,
      0,
      0,
      55,
      1900,
      0,
      0,
      0,
      8,
      1
    ],
    [
      0,
      0,
      0,
      0,
      0,
      0,
      3265,
      0,
      20,
      0,
      0
    ],
    [
      0,
      0,
      0,
      0,
      0,
      0,
      0,
      1747,
      0,
      0,
      0
    ],
    [
      0,
      0,
      0,
      0,
      0,
      0,
      0,
      0,
      1813,
      0,
      0
    ],
    [
      0,
      0,
      0,
      0,
      1,
      0,
      0,
      0,
      0,
      1615,
      6
    ],
    [
      4,
      0,
      0,
      0,
      8,
      0,
      0,
      3,
      0,
      0,
      1869
    ]
  ],
  "counts": {
    "n_samples": 17778
  },
  "timing": {
    "eval_wall_sec": 18.149996042251587,
    "throughput_img_per_s": 979.5043458199323,
    "latency_ms_per_img": 1.020924515820204
  }
}