{
  "data_flag": "organamnist",
  "num_classes": 11,
  "class_names": [
    "bladder",
    "femur-left",
    "femur-right",
    "heart",
    "kidney-left",
    "kidney-right",
    "liver",
    "lung-left",
    "lung-right",
    "pancreas",
    "spleen"
  ],
  "is_ensemble": false,
  "metrics": {
    "accuracy": 0.9656879289008887,
    "balanced_accuracy": 0.9595282739105891,
    "auc": 0.9985478423738201
  },
  "confusion_matrix": [
    [
      979,
      0,
      2,
      0,
      5,
      25,
      0,
      0,
      0,
      25,
      0
    ],
    [
      5,
      717,
      43,
      0,
      11,
      8,
      0,
      0,
      0,
      0,
      0
    ],
    [
      11,
      0,
      757,
      0,
      13,
      12,
      0,
      0,
      0,
      0,
      0
    ],
    [
      0,
      0,
      0,
      735,
      35,
      3,
      0,
      2,
      0,
      3,
      7
    ],
    [
      24,
      1,
      8,
      0,
      1856,
      48,
      0,
      0,
      0,
      20,
      107
    ],
    [
      4,
      0,
      3,
      0,
      99,
      1845,
      0,
      0,
      0,
      12,
      2
    ],
    [
      0,
      0,
      0,
      0,
      0,
      1,
      3258,
      0,
      26,
      0,
      0
    ],
    [
      0,
      0,
      0,
      0,
      0,
      0,
      0,
      1747,
      0,
      0,
      0
    ],
    [
      1,
      0,
      0,
      0,
      0,
      0,
      1,
      0,
      1811,
      0,
      0
    ],
    [
      4,
      0,
      0,
      1,
      6,
      0,
      0,
      0,
      0,
      1603,
      8
    ],
    [
      9,
      0,
      1,
      0,
      9,
      2,
      0,
      3,
      0,
      0,
      1860
    ]
  ],
  "counts": {
    "n_samples": 17778
  },
  "timing": {
    "eval_wall_sec": 9.41567850112915,
    "throughput_img_per_s": 1888.1273397204482,
    "latency_ms_per_img": 0.5296252953723225
  }
}