{
  "run_name": "fold_4",
  "train_losses": [
    0.1009224157007411,
    0.03376879872614518,
    0.02299331729579717,
    0.018279616147978232,
    0.014574037483369466,
    0.0131712633765419,
    0.010202055145520717,
    0.01354411707748659,
    0.009396204087883234,
    0.009828881613473641,
    0.01011069453737582,
    0.0053734421242115785,
    0.00926256783385179,
    0.00816834249922249
  ],
  "val_losses": [
    0.044492568735033274,
    0.04027635612338781,
    0.051365380665287376,
    0.02300386579753831,
    0.041917143711820246,
    0.04874297478795052,
    0.024707174264825882,
    0.04027330202655867,
    0.024449952139751985,
    0.04980669254437089,
    0.027690995927201582,
    0.04165536446927581,
    0.05592862415732816,
    0.03843917939334642
  ],
  "val_accs": [
    0.9848125,
    0.9868125,
    0.9859375,
    0.9928125,
    0.9884375,
    0.9873125,
    0.993125,
    0.9895,
    0.9934375,
    0.9855,
    0.99175,
    0.9896875,
    0.986875,
    0.991625
  ],
  "epoch_times_sec": [
    550.1342911720276,
    552.862283706665,
    550.9783661365509,
    552.7232913970947,
    552.7590630054474,
    551.0204963684082,
    552.7356462478638,
    552.9510381221771,
    550.6358361244202,
    553.8848383426666,
    552.5430443286896,
    550.957777261734,
    552.3391258716583,
    550.8969836235046
  ],
  "early_stop": {
    "enabled": true,
    "monitor": "val_loss",
    "best_epoch": 3,
    "best_value": 0.02300386579753831
  }
}