{
  "run_name": "fold_1",
  "train_losses": [
    0.09422828012797982,
    0.03244916336191818,
    0.019760298352106475,
    0.016945040998398327,
    0.018099736913572997,
    0.012775267859717132,
    0.014325072166509927,
    0.007457000178867019,
    0.00995390052163566,
    0.01173813947837334,
    0.007576790196675574,
    0.010043076256930362,
    0.006466133627356612,
    0.009844121211048332,
    0.006645561363257002,
    0.006494025440813857,
    0.008003185965644661,
    0.005758110005423077,
    0.008523378935577057,
    0.004396566135306784,
    0.006113431405712618,
    0.003619691599960788,
    0.005231158529684763,
    0.005691761049652996,
    0.006071608981044847,
    0.0033014512280133204,
    0.0014042378515841847,
    0.005622257115654066,
    0.003382026056660834,
    0.004054079049798019,
    0.0006419908241805388,
    5.010261386269121e-05,
    1.759216367099725e-05,
    1.3394997891737149e-05,
    1.0690500047530804e-05,
    8.684009983880969e-06,
    7.133815668566967e-06,
    5.911702545745357e-06,
    4.932447986902844e-06,
    4.141048326800956e-06,
    3.491191176181019e-06
  ],
  "val_losses": [
    0.03791401996836066,
    0.045776651736348865,
    0.04819416705146432,
    0.1014669443666935,
    0.03746230922779068,
    0.0416442094007507,
    0.04980956601444632,
    0.034717395899584516,
    0.04066473753191531,
    0.04048787369695492,
    0.03994938814966008,
    0.03963801715662703,
    0.037245816229144114,
    0.05714622511481866,
    0.04426838487526402,
    0.038973487334907984,
    0.030949347925838082,
    0.05058769196248613,
    0.028601831826381385,
    0.035965042475843804,
    0.027363457720843143,
    0.05303917033248581,
    0.03357593721849844,
    0.06478124422114342,
    0.033224238394061106,
    0.0274135808533174,
    0.04750766471133102,
    0.04426690320717171,
    0.033319369042059406,
    0.02751390107825864,
    0.024849222718534292,
    0.02416731757049274,
    0.02465220568291261,
    0.02511790146644489,
    0.025565791560457,
    0.026029195920775235,
    0.02649379685304302,
    0.026922369490272102,
    0.02737194127401381,
    0.02783757667435384,
    0.028296425231066676
  ],
  "val_accs": [
    0.988625,
    0.9838125,
    0.986375,
    0.977125,
    0.990375,
    0.988875,
    0.9865,
    0.99025,
    0.99025,
    0.98875,
    0.988125,
    0.9874375,
    0.990125,
    0.9849375,
    0.98775,
    0.9915,
    0.991875,
    0.988625,
    0.991375,
    0.990625,
    0.992375,
    0.9878125,
    0.9916875,
    0.9838125,
    0.9911875,
    0.9931875,
    0.989625,
    0.9880625,
    0.991875,
    0.9935,
    0.9944375,
    0.995125,
    0.995125,
    0.9953125,
    0.9953125,
    0.9954375,
    0.9954375,
    0.9953125,
    0.9954375,
    0.9954375,
    0.9953125
  ],
  "epoch_times_sec": [
    539.6530458927155,
    546.1192901134491,
    544.7285153865814,
    545.2357008457184,
    545.2565503120422,
    545.313045501709,
    545.360874414444,
    544.8252227306366,
    545.3164548873901,
    545.1192383766174,
    545.5864782333374,
    545.7215070724487,
    546.1249949932098,
    545.6866493225098,
    545.7898349761963,
    547.6621301174164,
    545.8043293952942,
    547.001790523529,
    548.0448665618896,
    546.4973504543304,
    546.9851849079132,
    546.1984133720398,
    545.8344049453735,
    546.4938685894012,
    546.6574950218201,
    546.9196755886078,
    546.226774930954,
    546.0663306713104,
    546.5590019226074,
    546.9780325889587,
    546.2126505374908,
    547.327231168747,
    546.3451180458069,
    546.7369766235352,
    546.6603465080261,
    546.5665826797485,
    546.1069796085358,
    547.3932995796204,
    546.8548769950867,
    546.7182419300079,
    546.3569159507751
  ],
  "early_stop": {
    "enabled": true,
    "monitor": "val_loss",
    "best_epoch": 30,
    "best_value": 0.024849222718534292
  }
}