{
  "run_name": "fold_0",
  "train_losses": [
    0.0963928109453991,
    0.0327612538584508,
    0.02118716084852349,
    0.01726970746554434,
    0.015090513004630338,
    0.016115155091596535,
    0.010413740521471482,
    0.011502005468239077,
    0.012096015718387207,
    0.008859212055423995,
    0.01047304303169949,
    0.005846611631859559,
    0.009999142225977265,
    0.007619069232401671,
    0.005491586288961116,
    0.00903211730140174,
    0.008796788269653917,
    0.005223322478952469,
    0.005806389181365375,
    0.0059713942494272485,
    0.00638346637385257,
    0.005640934574876156,
    0.0024481628771536633
  ],
  "val_losses": [
    0.05051903347298503,
    0.03855531624518335,
    0.03256632076576352,
    0.04866196995601058,
    0.049794632724020634,
    0.03952396481670439,
    0.04040650591487065,
    0.031184166682884096,
    0.04489108464680612,
    0.052436349628027526,
    0.036942166459048166,
    0.04947607039147988,
    0.02409963585739024,
    0.04634144924208522,
    0.04362726680317428,
    0.02889332444174215,
    0.030706287334207445,
    0.0595898369862698,
    0.026954306877218188,
    0.044501866940408946,
    0.03536302218167111,
    0.027610426348808687,
    0.038098267487250266
  ],
  "val_accs": [
    0.9830625,
    0.985625,
    0.990375,
    0.984875,
    0.9869375,
    0.988875,
    0.9879375,
    0.991,
    0.988375,
    0.9850625,
    0.9900625,
    0.9848125,
    0.9940625,
    0.9871875,
    0.9896875,
    0.9926875,
    0.99125,
    0.9834375,
    0.9925,
    0.9885625,
    0.991,
    0.9936875,
    0.9901875
  ],
  "epoch_times_sec": [
    544.8839328289032,
    545.7726187705994,
    546.968917131424,
    546.5503981113434,
    545.783367395401,
    546.3991057872772,
    544.77916431427,
    545.8112242221832,
    546.5980505943298,
    546.9244246482849,
    546.176388502121,
    546.7530570030212,
    545.3297433853149,
    545.8591034412384,
    546.2508370876312,
    546.2909228801727,
    546.4170351028442,
    547.2245526313782,
    546.5345361232758,
    547.6143877506256,
    547.4061939716339,
    547.7633631229401,
    546.3401427268982
  ],
  "early_stop": {
    "enabled": true,
    "monitor": "val_loss",
    "best_epoch": 12,
    "best_value": 0.02409963585739024
  }
}