{
  "run_name": "fold_2",
  "train_losses": [
    0.09418525875452906,
    0.03398599126562476,
    0.021150667192065157,
    0.01458095440705074,
    0.01901053227594821,
    0.012305493468389614,
    0.010809746790881036,
    0.013095111607748549,
    0.01038992912619142,
    0.008933046972917509,
    0.010060715964529664,
    0.009242515557460137,
    0.007781516282382654,
    0.008544026778865373,
    0.007049190631143574
  ],
  "val_losses": [
    0.042618659272789954,
    0.03919233989715576,
    0.03337437234073877,
    0.04073067700164393,
    0.02268244042713195,
    0.04431004925025627,
    0.034723690094426274,
    0.04142088388605043,
    0.06214752532355487,
    0.041264486774802205,
    0.023910852506407537,
    0.027924496474675833,
    0.03241249626071658,
    0.03912689401535317,
    0.03386423178948462
  ],
  "val_accs": [
    0.9864375,
    0.98725,
    0.9889375,
    0.987625,
    0.99325,
    0.985625,
    0.989375,
    0.98925,
    0.983875,
    0.988625,
    0.9929375,
    0.9918125,
    0.9915,
    0.989375,
    0.99025
  ],
  "epoch_times_sec": [
    543.3137862682343,
    545.9999907016754,
    546.8554611206055,
    547.0129811763763,
    547.535758972168,
    546.732298374176,
    547.5836274623871,
    547.9521791934967,
    546.8227121829987,
    547.6312639713287,
    547.9156439304352,
    547.8117072582245,
    548.0128531455994,
    548.9343340396881,
    549.3637018203735
  ],
  "early_stop": {
    "enabled": true,
    "monitor": "val_loss",
    "best_epoch": 4,
    "best_value": 0.02268244042713195
  }
}