{
  "run_name": "fold_3",
  "train_losses": [
    0.10029144710861146,
    0.030360461461823432,
    0.02162633654905949,
    0.01727418727125041,
    0.013122943773283623,
    0.01606151237565791,
    0.010605477100267309,
    0.011823420408094535,
    0.009807781429757597,
    0.009627714947477215,
    0.011585192611761158,
    0.007151662491480238,
    0.009540908146533184,
    0.00889842127772863,
    0.005789367330362438,
    0.008833391646578093,
    0.006168321547738742,
    0.00401428519898036,
    0.007032944567770755,
    0.00612432508803613
  ],
  "val_losses": [
    0.03360561526566744,
    0.03819323897361755,
    0.03189106740662828,
    0.04094502986036241,
    0.0316046877852641,
    0.04089767226390541,
    0.03210112269409001,
    0.06654649289697409,
    0.041855360294692216,
    0.029317189887864515,
    0.0501112452284433,
    0.038212211741833015,
    0.040626342185074465,
    0.03968803181266412,
    0.038384768697898836,
    0.028595716200361495,
    0.034081320013152436,
    0.030512410936760718,
    0.03000025876564905,
    0.03577502905763686
  ],
  "val_accs": [
    0.9894375,
    0.9873125,
    0.9893125,
    0.9871875,
    0.9903125,
    0.9873125,
    0.991,
    0.9819375,
    0.9873125,
    0.9913125,
    0.9865,
    0.9901875,
    0.9899375,
    0.9878125,
    0.9891875,
    0.991875,
    0.98925,
    0.99175,
    0.9913125,
    0.9903125
  ],
  "epoch_times_sec": [
    547.3101444244385,
    549.9090909957886,
    551.2605133056641,
    549.3248918056488,
    551.4106175899506,
    550.5640525817871,
    547.9508037567139,
    550.6859512329102,
    548.7782020568848,
    548.6510350704193,
    551.5867819786072,
    550.327160358429,
    549.4438529014587,
    550.2776572704315,
    549.1908149719238,
    550.2876131534576,
    552.2272365093231,
    549.513236284256,
    553.6200404167175,
    550.5741167068481
  ],
  "early_stop": {
    "enabled": true,
    "monitor": "val_loss",
    "best_epoch": 9,
    "best_value": 0.029317189887864515
  }
}