{
  "data_flag": "pathmnist",
  "num_classes": 9,
  "class_names": [
    "adipose",
    "background",
    "debris",
    "lymphocytes",
    "mucus",
    "smooth muscle",
    "normal colon mucosa",
    "cancer-associated stroma",
    "colorectal adenocarcinoma epithelium"
  ],
  "is_ensemble": false,
  "metrics": {
    "accuracy": 0.96991643454039,
    "balanced_accuracy": 0.9623894003411279,
    "auc": 0.9981534891461157
  },
  "confusion_matrix": [
    [
      1330,
      0,
      0,
      2,
      3,
      2,
      1,
      0,
      0
    ],
    [
      0,
      847,
      0,
      0,
      0,
      0,
      0,
      0,
      0
    ],
    [
      0,
      0,
      339,
      0,
      0,
      0,
      0,
      0,
      0
    ],
    [
      0,
      0,
      0,
      634,
      0,
      0,
      0,
      0,
      0
    ],
    [
      21,
      7,
      0,
      0,
      995,
      1,
      9,
      1,
      1
    ],
    [
      0,
      0,
      1,
      1,
      0,
      570,
      0,
      20,
      0
    ],
    [
      0,
      0,
      0,
      1,
      1,
      0,
      734,
      0,
      5
    ],
    [
      0,
      0,
      9,
      5,
      3,
      56,
      7,
      335,
      6
    ],
    [
      0,
      0,
      1,
      9,
      0,
      0,
      43,
      0,
      1180
    ]
  ],
  "counts": {
    "n_samples": 7180
  },
  "timing": {
    "eval_wall_sec": 17.75183939933777,
    "throughput_img_per_s": 404.4651282879367,
    "latency_ms_per_img": 2.472401030548436
  }
}