{
  "data_flag": "pathmnist",
  "num_classes": 9,
  "class_names": [
    "adipose",
    "background",
    "debris",
    "lymphocytes",
    "mucus",
    "smooth muscle",
    "normal colon mucosa",
    "cancer-associated stroma",
    "colorectal adenocarcinoma epithelium"
  ],
  "is_ensemble": false,
  "metrics": {
    "accuracy": 0.9642061281337048,
    "balanced_accuracy": 0.9537364035984821,
    "auc": 0.9964483976719423
  },
  "confusion_matrix": [
    [
      1298,
      5,
      0,
      0,
      13,
      18,
      2,
      0,
      2
    ],
    [
      0,
      847,
      0,
      0,
      0,
      0,
      0,
      0,
      0
    ],
    [
      0,
      0,
      338,
      0,
      0,
      1,
      0,
      0,
      0
    ],
    [
      0,
      0,
      19,
      614,
      0,
      0,
      0,
      0,
      1
    ],
    [
      1,
      0,
      0,
      0,
      1031,
      0,
      1,
      0,
      2
    ],
    [
      0,
      0,
      0,
      0,
      0,
      552,
      0,
      40,
      0
    ],
    [
      0,
      0,
      0,
      2,
      1,
      0,
      722,
      0,
      16
    ],
    [
      0,
      0,
      5,
      0,
      11,
      68,
      1,
      327,
      9
    ],
    [
      0,
      0,
      5,
      1,
      5,
      0,
      28,
      0,
      1194
    ]
  ],
  "counts": {
    "n_samples": 7180
  },
  "timing": {
    "eval_wall_sec": 17.73977565765381,
    "throughput_img_per_s": 404.7401804037018,
    "latency_ms_per_img": 2.4707208436843744
  }
}