{
  "data_flag": "pathmnist",
  "num_classes": 9,
  "class_names": [
    "adipose",
    "background",
    "debris",
    "lymphocytes",
    "mucus",
    "smooth muscle",
    "normal colon mucosa",
    "cancer-associated stroma",
    "colorectal adenocarcinoma epithelium"
  ],
  "is_ensemble": false,
  "metrics": {
    "accuracy": 0.9655988857938719,
    "balanced_accuracy": 0.952755772683606,
    "auc": 0.998496344744259
  },
  "confusion_matrix": [
    [
      1332,
      0,
      1,
      0,
      2,
      3,
      0,
      0,
      0
    ],
    [
      0,
      847,
      0,
      0,
      0,
      0,
      0,
      0,
      0
    ],
    [
      0,
      0,
      331,
      0,
      1,
      7,
      0,
      0,
      0
    ],
    [
      0,
      0,
      0,
      634,
      0,
      0,
      0,
      0,
      0
    ],
    [
      26,
      0,
      0,
      0,
      1005,
      1,
      0,
      2,
      1
    ],
    [
      0,
      0,
      0,
      0,
      2,
      554,
      0,
      36,
      0
    ],
    [
      1,
      0,
      0,
      1,
      2,
      0,
      733,
      0,
      4
    ],
    [
      0,
      0,
      7,
      6,
      9,
      71,
      7,
      315,
      6
    ],
    [
      0,
      0,
      4,
      12,
      1,
      0,
      34,
      0,
      1182
    ]
  ],
  "counts": {
    "n_samples": 7180
  },
  "timing": {
    "eval_wall_sec": 17.604572772979736,
    "throughput_img_per_s": 407.8485796042819,
    "latency_ms_per_img": 2.4518903583537237
  }
}