{
  "data_flag": "pathmnist",
  "num_classes": 9,
  "class_names": [
    "adipose",
    "background",
    "debris",
    "lymphocytes",
    "mucus",
    "smooth muscle",
    "normal colon mucosa",
    "cancer-associated stroma",
    "colorectal adenocarcinoma epithelium"
  ],
  "is_ensemble": true,
  "metrics": {
    "accuracy": 0.9766016713091922,
    "balanced_accuracy": 0.9668548352455999,
    "auc": 0.9984202654989469
  },
  "confusion_matrix": [
    [
      1332,
      0,
      0,
      0,
      4,
      2,
      0,
      0,
      0
    ],
    [
      0,
      847,
      0,
      0,
      0,
      0,
      0,
      0,
      0
    ],
    [
      0,
      0,
      339,
      0,
      0,
      0,
      0,
      0,
      0
    ],
    [
      0,
      0,
      0,
      634,
      0,
      0,
      0,
      0,
      0
    ],
    [
      6,
      0,
      0,
      0,
      1027,
      0,
      0,
      0,
      2
    ],
    [
      0,
      0,
      0,
      0,
      1,
      576,
      0,
      15,
      0
    ],
    [
      0,
      0,
      0,
      0,
      0,
      0,
      735,
      0,
      6
    ],
    [
      0,
      0,
      3,
      2,
      7,
      70,
      2,
      329,
      8
    ],
    [
      0,
      0,
      3,
      6,
      0,
      0,
      31,
      0,
      1193
    ]
  ],
  "counts": {
    "n_samples": 7180
  },
  "timing": {
    "eval_wall_sec": 85.97955870628357,
    "throughput_img_per_s": 83.50822111715806,
    "latency_ms_per_img": 11.974868900596597
  }
}