{
  "data_flag": "pathmnist",
  "num_classes": 9,
  "class_names": [
    "adipose",
    "background",
    "debris",
    "lymphocytes",
    "mucus",
    "smooth muscle",
    "normal colon mucosa",
    "cancer-associated stroma",
    "colorectal adenocarcinoma epithelium"
  ],
  "is_ensemble": false,
  "metrics": {
    "accuracy": 0.9632311977715877,
    "balanced_accuracy": 0.9484598713232644,
    "auc": 0.9967878412036496
  },
  "confusion_matrix": [
    [
      1336,
      0,
      0,
      0,
      1,
      1,
      0,
      0,
      0
    ],
    [
      0,
      847,
      0,
      0,
      0,
      0,
      0,
      0,
      0
    ],
    [
      0,
      0,
      337,
      0,
      1,
      1,
      0,
      0,
      0
    ],
    [
      0,
      0,
      0,
      633,
      0,
      0,
      0,
      1,
      0
    ],
    [
      14,
      16,
      1,
      0,
      996,
      0,
      6,
      1,
      1
    ],
    [
      0,
      0,
      0,
      0,
      17,
      549,
      1,
      24,
      1
    ],
    [
      0,
      0,
      0,
      1,
      1,
      0,
      725,
      0,
      14
    ],
    [
      0,
      0,
      4,
      0,
      22,
      74,
      8,
      298,
      15
    ],
    [
      0,
      0,
      0,
      5,
      2,
      0,
      31,
      0,
      1195
    ]
  ],
  "counts": {
    "n_samples": 7180
  },
  "timing": {
    "eval_wall_sec": 21.41282558441162,
    "throughput_img_per_s": 335.3130567330164,
    "latency_ms_per_img": 2.9822876858512006
  }
}