{
  "data_flag": "pathmnist",
  "num_classes": 9,
  "class_names": [
    "adipose",
    "background",
    "debris",
    "lymphocytes",
    "mucus",
    "smooth muscle",
    "normal colon mucosa",
    "cancer-associated stroma",
    "colorectal adenocarcinoma epithelium"
  ],
  "is_ensemble": false,
  "metrics": {
    "accuracy": 0.9651810584958217,
    "balanced_accuracy": 0.9549942186107818,
    "auc": 0.9982284649309757
  },
  "confusion_matrix": [
    [
      1320,
      0,
      0,
      0,
      9,
      9,
      0,
      0,
      0
    ],
    [
      0,
      847,
      0,
      0,
      0,
      0,
      0,
      0,
      0
    ],
    [
      0,
      0,
      339,
      0,
      0,
      0,
      0,
      0,
      0
    ],
    [
      0,
      0,
      0,
      631,
      0,
      0,
      3,
      0,
      0
    ],
    [
      5,
      0,
      0,
      0,
      1025,
      1,
      3,
      0,
      1
    ],
    [
      0,
      0,
      0,
      0,
      0,
      583,
      0,
      9,
      0
    ],
    [
      0,
      0,
      0,
      5,
      1,
      0,
      722,
      0,
      13
    ],
    [
      0,
      0,
      8,
      1,
      15,
      76,
      4,
      305,
      12
    ],
    [
      0,
      0,
      6,
      19,
      1,
      2,
      46,
      1,
      1158
    ]
  ],
  "counts": {
    "n_samples": 7180
  },
  "timing": {
    "eval_wall_sec": 17.690608739852905,
    "throughput_img_per_s": 405.8650612641213,
    "latency_ms_per_img": 2.4638730835449727
  }
}