{
  "run_name": "fold_4",
  "train_losses": [
    0.1379340654723346,
    0.06869248134922236,
    0.05097943371720612,
    0.043363634931854904,
    0.040190976145677265,
    0.03585684120701626,
    0.032593274868791926,
    0.03083566783112474,
    0.03002956530638039,
    0.027619566987152212,
    0.026905155351851135,
    0.0250620062983362,
    0.023983546384610234,
    0.021045421976130456
  ],
  "val_losses": [
    0.058341439660638574,
    0.040636346153914926,
    0.03106344450544566,
    0.02482941808924079,
    0.03000477091083303,
    0.038448904630728066,
    0.02431164713669568,
    0.036080296414904296,
    0.031042416875716298,
    0.026742552075069398,
    0.02522398898890242,
    0.02535479080141522,
    0.036282805941067635,
    0.02507141138287261
  ],
  "val_accs": [
    0.981125,
    0.9873125,
    0.9899375,
    0.992625,
    0.99175,
    0.989625,
    0.9929375,
    0.990375,
    0.99075,
    0.9921875,
    0.9926875,
    0.992875,
    0.9905625,
    0.9926875
  ],
  "epoch_times_sec": [
    530.3264548778534,
    519.552619934082,
    519.1365909576416,
    518.8489141464233,
    519.2344646453857,
    519.0061781406403,
    518.7959308624268,
    518.9030950069427,
    519.3039076328278,
    519.0687544345856,
    518.8787562847137,
    518.8779113292694,
    518.9918525218964,
    519.1120493412018
  ],
  "early_stop": {
    "enabled": true,
    "monitor": "val_loss",
    "best_epoch": 3,
    "best_value": 0.02482941808924079
  }
}