{
  "run_name": "fold_0",
  "train_losses": [
    0.1377420275323093,
    0.06591135484632105,
    0.05375239565549418,
    0.04349904454033822,
    0.041584110225085166,
    0.036833551342599094,
    0.03256107997498475,
    0.032234683535527435,
    0.027965748603688553,
    0.028747678674408236,
    0.024473292082024273,
    0.025702744775335306,
    0.022792285893228837,
    0.02288728042767616,
    0.022498608244000934,
    0.02009729230229277,
    0.019254071265459062,
    0.020817184780200476,
    0.018141373210295568,
    0.01577751733601326,
    0.01597661083834828,
    0.016344518284779043,
    0.014783028831676348,
    0.016615121461451055
  ],
  "val_losses": [
    0.04794847676157951,
    0.04789951883256435,
    0.03244173706322909,
    0.03294562054052949,
    0.030663606526330114,
    0.033203805634751914,
    0.03348478049226105,
    0.03319489773083478,
    0.025935019563883544,
    0.027609687853604556,
    0.03189285144396126,
    0.028199461555108427,
    0.04728451949544251,
    0.018625366843305527,
    0.024915599458618088,
    0.024996905107051135,
    0.023857624415308237,
    0.030448598702205346,
    0.037089207011740656,
    0.02327022498601582,
    0.02220475799124688,
    0.020567873045103626,
    0.02204668256174773,
    0.024312864307197743
  ],
  "val_accs": [
    0.985,
    0.98475,
    0.9891875,
    0.99075,
    0.9910625,
    0.9885625,
    0.990125,
    0.988375,
    0.9929375,
    0.9906875,
    0.990875,
    0.9915,
    0.9844375,
    0.994875,
    0.9920625,
    0.992125,
    0.994125,
    0.9905625,
    0.98875,
    0.9933125,
    0.9935,
    0.99425,
    0.9941875,
    0.99275
  ],
  "epoch_times_sec": [
    526.061413526535,
    519.2685413360596,
    519.1437728404999,
    518.7828159332275,
    519.1782512664795,
    519.4610071182251,
    519.460283279419,
    519.1279242038727,
    519.4768252372742,
    519.2826790809631,
    519.1593568325043,
    519.1390855312347,
    519.6750452518463,
    519.2840828895569,
    517.5510652065277,
    517.5852501392365,
    517.576238155365,
    517.4175546169281,
    517.5591840744019,
    518.0383055210114,
    517.6863017082214,
    518.1355173587799,
    518.1506896018982,
    518.2332258224487
  ],
  "early_stop": {
    "enabled": true,
    "monitor": "val_loss",
    "best_epoch": 13,
    "best_value": 0.018625366843305527
  }
}