{
  "run_name": "fold_3",
  "train_losses": [
    0.1451777314543724,
    0.06554815052915365,
    0.053530102096963676,
    0.043649435941129924,
    0.04084475220646709,
    0.03384831804037094,
    0.03298132114869077,
    0.030388981571421027,
    0.028123374631628395,
    0.027801115542184562,
    0.024818790693650953,
    0.023539406792842783,
    0.02298258947604336,
    0.02263234781351639,
    0.022117216159880628,
    0.020480495485127904,
    0.01697141081059817,
    0.01994901299616322,
    0.01670224704494467,
    0.016936342626053376,
    0.016658536266186276,
    0.016675583485804963,
    0.01646219067304628,
    0.014132615882612299,
    0.01442441480938578,
    0.012582961558829993,
    0.01280156874761451,
    0.012946306068974081,
    0.013830962364270817,
    0.009834931098172092,
    0.011731650857895147,
    0.011086177895456786,
    0.011589973553753226,
    0.01012703329102078,
    0.010256099121965236,
    0.008369695517190849,
    0.009143103271504515,
    0.008089813371640048,
    0.009564969807077432,
    0.008451086656525148,
    0.0073727153582294706
  ],
  "val_losses": [
    0.04686062336340547,
    0.04482508564740419,
    0.02960201857984066,
    0.031245042135939004,
    0.036585422965697945,
    0.04516786255501211,
    0.028413235582411288,
    0.025528606748208404,
    0.031187528650276363,
    0.026397961885202676,
    0.05067318526469171,
    0.03262013206724077,
    0.02344577864394523,
    0.026445846813032404,
    0.025602641098201276,
    0.019237198625225573,
    0.02532469212822616,
    0.031636756650172175,
    0.03253736200556159,
    0.02210351877193898,
    0.02995968582946807,
    0.01815008956217207,
    0.019542253882391378,
    0.01758780752227176,
    0.020905486203962938,
    0.01962971535488032,
    0.02659233492834028,
    0.028544628110481425,
    0.020221667378908022,
    0.020892365151201374,
    0.016933376694330947,
    0.022643254036083818,
    0.018235059805156197,
    0.016030303962994367,
    0.020482528786465993,
    0.020189969602739437,
    0.016581738840497566,
    0.018952900660806335,
    0.01813300642662216,
    0.017294503463082946,
    0.017727543583983787
  ],
  "val_accs": [
    0.985375,
    0.9868125,
    0.990125,
    0.99075,
    0.988875,
    0.986125,
    0.99,
    0.9925625,
    0.9895,
    0.992625,
    0.98525,
    0.991375,
    0.9931875,
    0.9913125,
    0.99225,
    0.994,
    0.9925625,
    0.9910625,
    0.9905625,
    0.9941875,
    0.9915,
    0.9950625,
    0.9941875,
    0.9948125,
    0.9943125,
    0.993875,
    0.9916875,
    0.9925625,
    0.9939375,
    0.99475,
    0.994875,
    0.9940625,
    0.99475,
    0.995375,
    0.9951875,
    0.994875,
    0.99525,
    0.9945625,
    0.994625,
    0.9950625,
    0.9951875
  ],
  "epoch_times_sec": [
    528.3813128471375,
    519.6394398212433,
    518.8085749149323,
    518.6370582580566,
    518.5452415943146,
    518.6334414482117,
    518.4095921516418,
    518.752454996109,
    518.7429647445679,
    518.6559646129608,
    518.7126789093018,
    519.007287979126,
    518.9711031913757,
    518.7079448699951,
    519.050434589386,
    519.0822529792786,
    518.9801442623138,
    518.922970533371,
    518.8322446346283,
    519.0314860343933,
    519.1374113559723,
    518.9144270420074,
    519.3035459518433,
    519.417074918747,
    519.3859016895294,
    519.4602620601654,
    518.667323589325,
    519.1740605831146,
    518.6708569526672,
    518.1720643043518,
    518.0425877571106,
    517.8900330066681,
    518.0942614078522,
    517.9788181781769,
    517.9034657478333,
    518.0372841358185,
    517.9233508110046,
    518.0823533535004,
    518.4179983139038,
    518.5685532093048,
    518.4951622486115
  ],
  "early_stop": {
    "enabled": true,
    "monitor": "val_loss",
    "best_epoch": 30,
    "best_value": 0.016933376694330947
  }
}