{
  "run_name": "fold_1",
  "train_losses": [
    0.14186017795093359,
    0.06581230424158276,
    0.050709592605941,
    0.04566727264272049,
    0.040652671221643684,
    0.03457370732654817,
    0.03208445935184136,
    0.030977897957665847,
    0.028590235299197957,
    0.025985932957730256,
    0.025763055317336695,
    0.023799552870332263,
    0.0232909863893874,
    0.022031462521408685,
    0.020883029851887842,
    0.019628304100479,
    0.0183595650815987,
    0.017898612162447536,
    0.01727409035220626,
    0.015412720347347204,
    0.01885309087060159,
    0.015978467227803776,
    0.01569125579879619,
    0.013948596954694949,
    0.01599491590220714,
    0.012452587906416738,
    0.012966933131130644,
    0.012373804177768762,
    0.011433413226055563,
    0.011755212038493482,
    0.013004141743353102,
    0.010985988913293113,
    0.010835187722666888,
    0.007972307229196304,
    0.009737713252878167,
    0.00768643720295222,
    0.00994051009650866
  ],
  "val_losses": [
    0.07227514854818583,
    0.041475060496479275,
    0.03128570031747222,
    0.02924769478943199,
    0.03132771652098745,
    0.04334263436123729,
    0.02896623906027526,
    0.023819216333329677,
    0.0357281412826851,
    0.027657108955085278,
    0.03732232276233845,
    0.02288783176173456,
    0.04113639286113903,
    0.022421647386625408,
    0.02839113799156621,
    0.023578744393074884,
    0.03191388029186055,
    0.021175000503077173,
    0.02155612814251799,
    0.031370915162086024,
    0.02325913147756364,
    0.04114250176562927,
    0.02012992403563112,
    0.028040824188967237,
    0.029519071167567745,
    0.025357183210551738,
    0.018876530235284007,
    0.02138388026220491,
    0.018456472597434187,
    0.019025096864323132,
    0.019576780363568105,
    0.019947835296508856,
    0.018074489006423392,
    0.029709126849193124,
    0.022973945645906498,
    0.02431343838223256,
    0.021898995168856347
  ],
  "val_accs": [
    0.9785625,
    0.988,
    0.9911875,
    0.99125,
    0.98925,
    0.987875,
    0.9918125,
    0.9925625,
    0.989,
    0.9919375,
    0.9900625,
    0.99325,
    0.9895,
    0.993,
    0.9908125,
    0.9928125,
    0.990625,
    0.99425,
    0.99325,
    0.991875,
    0.994,
    0.9889375,
    0.993375,
    0.9928125,
    0.9925,
    0.9935,
    0.994375,
    0.9944375,
    0.99475,
    0.99475,
    0.993875,
    0.9941875,
    0.994875,
    0.99275,
    0.994,
    0.99425,
    0.994625
  ],
  "epoch_times_sec": [
    526.4618496894836,
    519.3366301059723,
    519.1941087245941,
    519.4651455879211,
    519.6278870105743,
    519.4196722507477,
    519.6316134929657,
    519.4235064983368,
    519.5833270549774,
    519.7711853981018,
    519.3841421604156,
    519.5627722740173,
    519.6063346862793,
    519.4903054237366,
    519.6789832115173,
    519.6219389438629,
    519.2891569137573,
    516.867552280426,
    517.0022792816162,
    517.06165766716,
    517.3673264980316,
    517.412707567215,
    517.7380938529968,
    517.4340031147003,
    517.60085272789,
    517.5448424816132,
    517.6283745765686,
    517.4482488632202,
    517.6776809692383,
    517.7918848991394,
    518.047292470932,
    517.7989053726196,
    517.9424448013306,
    518.0977783203125,
    518.0647881031036,
    518.2030448913574,
    518.0729880332947
  ],
  "early_stop": {
    "enabled": true,
    "monitor": "val_loss",
    "best_epoch": 26,
    "best_value": 0.018876530235284007
  }
}