{
  "run_name": "fold_2",
  "train_losses": [
    0.14054799884557723,
    0.06853755661100148,
    0.05266567563917488,
    0.046821075703483074,
    0.03723768431646749,
    0.03826665087370202,
    0.034308341367403045,
    0.029656162851024417,
    0.030592860321165063,
    0.026437301006866618,
    0.026707869260921144,
    0.024212332660565154,
    0.023636386976228097,
    0.02173323824070394,
    0.02078669520583935,
    0.020753060707240364,
    0.020549858561484145,
    0.019367337384610436,
    0.018123481268819887,
    0.016754373099829536,
    0.01529379326934577,
    0.016642477360204792,
    0.015711257821443725,
    0.01423506703149178,
    0.014405442716990364,
    0.013980903070740168,
    0.011647800298145739,
    0.01373724956251681
  ],
  "val_losses": [
    0.05161505939811468,
    0.0401019028313458,
    0.030947189076803626,
    0.028926092168316243,
    0.029839974970556796,
    0.027982379225082697,
    0.033909064539242535,
    0.030553317602723836,
    0.025889370856806634,
    0.024048757118172944,
    0.02064299403806217,
    0.02099753470462747,
    0.04055347111728042,
    0.028105872041080147,
    0.03528604693710804,
    0.028328448407584802,
    0.03174336118903011,
    0.016784782631322742,
    0.018554872559616343,
    0.018055705835926347,
    0.027321394918020814,
    0.017318564043380322,
    0.018401637675007805,
    0.02612982005090453,
    0.016912240562727675,
    0.017678429474122823,
    0.017066258962324356,
    0.019597519364615436
  ],
  "val_accs": [
    0.9835625,
    0.9875,
    0.9910625,
    0.9920625,
    0.9905625,
    0.9916875,
    0.989625,
    0.9913125,
    0.9929375,
    0.9916875,
    0.994125,
    0.9938125,
    0.9898125,
    0.99275,
    0.98925,
    0.9915,
    0.991125,
    0.9954375,
    0.995,
    0.9951875,
    0.99175,
    0.9949375,
    0.995,
    0.9929375,
    0.9955625,
    0.9956875,
    0.9961875,
    0.9948125
  ],
  "epoch_times_sec": [
    528.0428671836853,
    519.2049374580383,
    518.7538628578186,
    518.9475994110107,
    519.0017817020416,
    518.6855142116547,
    518.4005291461945,
    518.5260558128357,
    518.4701960086823,
    518.5394320487976,
    518.6916527748108,
    518.341623544693,
    518.576895236969,
    518.6456274986267,
    518.5279505252838,
    518.4802386760712,
    518.7330861091614,
    518.8195781707764,
    518.5763690471649,
    518.6850483417511,
    518.9679024219513,
    518.6223332881927,
    518.7848680019379,
    518.6667289733887,
    518.9178025722504,
    519.1478531360626,
    518.9357917308807,
    519.0867023468018
  ],
  "early_stop": {
    "enabled": true,
    "monitor": "val_loss",
    "best_epoch": 17,
    "best_value": 0.016784782631322742
  }
}