{
  "data_flag": "pathmnist",
  "num_classes": 9,
  "class_names": [
    "adipose",
    "background",
    "debris",
    "lymphocytes",
    "mucus",
    "smooth muscle",
    "normal colon mucosa",
    "cancer-associated stroma",
    "colorectal adenocarcinoma epithelium"
  ],
  "is_ensemble": false,
  "metrics": {
    "accuracy": 0.9604456824512535,
    "balanced_accuracy": 0.9508686484058629,
    "auc": 0.997682922139834
  },
  "confusion_matrix": [
    [
      1332,
      0,
      0,
      0,
      2,
      4,
      0,
      0,
      0
    ],
    [
      0,
      846,
      1,
      0,
      0,
      0,
      0,
      0,
      0
    ],
    [
      0,
      0,
      338,
      0,
      0,
      1,
      0,
      0,
      0
    ],
    [
      0,
      0,
      1,
      631,
      0,
      0,
      0,
      1,
      1
    ],
    [
      23,
      1,
      0,
      0,
      1001,
      2,
      0,
      4,
      4
    ],
    [
      0,
      0,
      0,
      0,
      0,
      453,
      0,
      139,
      0
    ],
    [
      0,
      0,
      0,
      3,
      1,
      0,
      723,
      0,
      14
    ],
    [
      0,
      0,
      2,
      0,
      1,
      36,
      0,
      376,
      6
    ],
    [
      0,
      0,
      18,
      0,
      0,
      0,
      19,
      0,
      1196
    ]
  ],
  "counts": {
    "n_samples": 7180
  },
  "timing": {
    "eval_wall_sec": 17.58206057548523,
    "throughput_img_per_s": 408.37079187470874,
    "latency_ms_per_img": 2.448754954802957
  }
}