{
  "data_flag": "pathmnist",
  "num_classes": 9,
  "class_names": [
    "adipose",
    "background",
    "debris",
    "lymphocytes",
    "mucus",
    "smooth muscle",
    "normal colon mucosa",
    "cancer-associated stroma",
    "colorectal adenocarcinoma epithelium"
  ],
  "is_ensemble": false,
  "metrics": {
    "accuracy": 0.9743732590529248,
    "balanced_accuracy": 0.9639432807349484,
    "auc": 0.998283885270124
  },
  "confusion_matrix": [
    [
      1334,
      0,
      1,
      0,
      0,
      2,
      1,
      0,
      0
    ],
    [
      0,
      847,
      0,
      0,
      0,
      0,
      0,
      0,
      0
    ],
    [
      0,
      0,
      332,
      0,
      0,
      7,
      0,
      0,
      0
    ],
    [
      0,
      0,
      0,
      634,
      0,
      0,
      0,
      0,
      0
    ],
    [
      7,
      0,
      0,
      0,
      1025,
      0,
      2,
      0,
      1
    ],
    [
      0,
      0,
      0,
      0,
      0,
      560,
      0,
      32,
      0
    ],
    [
      0,
      0,
      0,
      0,
      0,
      0,
      739,
      0,
      2
    ],
    [
      0,
      0,
      1,
      3,
      0,
      67,
      5,
      338,
      7
    ],
    [
      0,
      0,
      3,
      5,
      0,
      1,
      37,
      0,
      1187
    ]
  ],
  "counts": {
    "n_samples": 7180
  },
  "timing": {
    "eval_wall_sec": 21.499414443969727,
    "throughput_img_per_s": 333.9625838979017,
    "latency_ms_per_img": 2.9943474155946697
  }
}