{
  "data_flag": "pathmnist",
  "num_classes": 9,
  "class_names": [
    "adipose",
    "background",
    "debris",
    "lymphocytes",
    "mucus",
    "smooth muscle",
    "normal colon mucosa",
    "cancer-associated stroma",
    "colorectal adenocarcinoma epithelium"
  ],
  "is_ensemble": false,
  "metrics": {
    "accuracy": 0.9746518105849582,
    "balanced_accuracy": 0.9638914450316773,
    "auc": 0.9973522121329551
  },
  "confusion_matrix": [
    [
      1322,
      0,
      0,
      0,
      9,
      7,
      0,
      0,
      0
    ],
    [
      0,
      847,
      0,
      0,
      0,
      0,
      0,
      0,
      0
    ],
    [
      0,
      0,
      339,
      0,
      0,
      0,
      0,
      0,
      0
    ],
    [
      0,
      0,
      0,
      633,
      0,
      0,
      0,
      1,
      0
    ],
    [
      2,
      0,
      0,
      0,
      1030,
      0,
      2,
      0,
      1
    ],
    [
      0,
      0,
      1,
      0,
      6,
      550,
      0,
      35,
      0
    ],
    [
      0,
      0,
      0,
      1,
      2,
      0,
      728,
      0,
      10
    ],
    [
      0,
      0,
      13,
      7,
      6,
      49,
      0,
      336,
      10
    ],
    [
      0,
      0,
      5,
      4,
      0,
      0,
      11,
      0,
      1213
    ]
  ],
  "counts": {
    "n_samples": 7180
  },
  "timing": {
    "eval_wall_sec": 17.639328956604004,
    "throughput_img_per_s": 407.04496285908164,
    "latency_ms_per_img": 2.4567310524518113
  }
}