{
  "data_flag": "pathmnist",
  "num_classes": 9,
  "class_names": [
    "adipose",
    "background",
    "debris",
    "lymphocytes",
    "mucus",
    "smooth muscle",
    "normal colon mucosa",
    "cancer-associated stroma",
    "colorectal adenocarcinoma epithelium"
  ],
  "is_ensemble": false,
  "metrics": {
    "accuracy": 0.9692200557103064,
    "balanced_accuracy": 0.958421407307023,
    "auc": 0.9980225833090803
  },
  "confusion_matrix": [
    [
      1335,
      0,
      0,
      0,
      0,
      2,
      0,
      0,
      1
    ],
    [
      0,
      847,
      0,
      0,
      0,
      0,
      0,
      0,
      0
    ],
    [
      0,
      0,
      339,
      0,
      0,
      0,
      0,
      0,
      0
    ],
    [
      0,
      0,
      0,
      634,
      0,
      0,
      0,
      0,
      0
    ],
    [
      2,
      0,
      0,
      0,
      1028,
      0,
      3,
      0,
      2
    ],
    [
      0,
      0,
      0,
      0,
      0,
      567,
      0,
      25,
      0
    ],
    [
      0,
      0,
      0,
      1,
      1,
      0,
      738,
      0,
      1
    ],
    [
      0,
      0,
      0,
      0,
      7,
      77,
      19,
      312,
      6
    ],
    [
      0,
      0,
      1,
      7,
      0,
      0,
      65,
      1,
      1159
    ]
  ],
  "counts": {
    "n_samples": 7180
  },
  "timing": {
    "eval_wall_sec": 17.602933645248413,
    "throughput_img_per_s": 407.8865571329418,
    "latency_ms_per_img": 2.4516620675833445
  }
}