{
  "run_name": "fold_4",
  "train_losses": [
    0.1528670736827524,
    0.022373792551094906,
    0.015892896233594387,
    0.017106193836912195,
    0.011572788783864021,
    0.005775483324989052,
    0.008598364489323804,
    0.021952183335985025,
    0.008117484681497169,
    0.0017996620956903047,
    0.0034540947465052044,
    0.00887871880689641,
    0.0008371883926549964,
    0.0029557854752094194,
    0.01156225314683092,
    0.022321871692325725,
    0.0010595490980893777,
    0.00020675360061741076,
    0.00010068783975250812,
    8.02103516835807e-05,
    6.71043197880281e-05,
    5.768591235860842e-05,
    5.026544901048595e-05
  ],
  "val_losses": [
    0.061177058421351294,
    0.03205245149459828,
    0.020987519834845984,
    0.02397826918577603,
    0.018455050413548533,
    0.016599403039435856,
    0.008034339906535697,
    0.01591324482729693,
    0.006994517413356031,
    0.008999045879776261,
    0.004800743518259238,
    0.007254216271340502,
    0.0021695881358162433,
    0.0032476110737425863,
    0.022277124368378684,
    0.005066019664001133,
    0.002441429135042536,
    0.001547455069225247,
    0.0014184680237829322,
    0.001358523317793259,
    0.0013187589447625214,
    0.001280820183604158,
    0.0012620990981775794
  ],
  "val_accs": [
    0.9875578703703703,
    0.9913194444444444,
    0.9920428240740741,
    0.9917534722222222,
    0.9930555555555556,
    0.99609375,
    0.9973958333333334,
    0.9950810185185185,
    0.9978298611111112,
    0.9981192129629629,
    0.9981192129629629,
    0.9979745370370371,
    0.9992766203703703,
    0.9988425925925926,
    0.9934895833333334,
    0.9981192129629629,
    0.9992766203703703,
    0.9995659722222222,
    0.9995659722222222,
    0.9995659722222222,
    0.9995659722222222,
    0.9995659722222222,
    0.9995659722222222
  ],
  "epoch_times_sec": [
    238.31330394744873,
    238.03607940673828,
    238.11229634284973,
    237.1820685863495,
    237.65529656410217,
    237.35622358322144,
    237.2874674797058,
    236.91265892982483,
    236.59274411201477,
    236.79912114143372,
    236.32804107666016,
    236.55643796920776,
    237.32261657714844,
    237.1415331363678,
    237.70550537109375,
    237.0686342716217,
    236.81944942474365,
    236.11783003807068,
    236.5513050556183,
    237.17898654937744,
    236.70510053634644,
    236.4232542514801,
    236.5127658843994
  ],
  "early_stop": {
    "enabled": true,
    "monitor": "val_loss",
    "best_epoch": 12,
    "best_value": 0.0021695881358162433
  }
}