{
  "run_name": "fold_0",
  "train_losses": [
    0.14122465522356192,
    0.01923479843794161,
    0.0279696220769202,
    0.01632592136296875,
    0.005219741244487792,
    0.005826761306606285,
    0.000686478434578964,
    0.00016468674433175087,
    0.00012366890890310364,
    0.00010161256135756116,
    8.596787079618985e-05,
    7.408604789007868e-05,
    6.467517520529024e-05,
    5.703678733779169e-05,
    5.072867420326306e-05,
    4.531577449732275e-05
  ],
  "val_losses": [
    0.034393417431279646,
    0.046131331219118825,
    0.03545675321548674,
    0.010441286016536542,
    0.010540395136017023,
    0.0026527740777726543,
    0.00365109980226356,
    0.0030775522200050223,
    0.0030057136379254795,
    0.0030150874657120046,
    0.003009508527070628,
    0.0030351730707197278,
    0.0030666288205598953,
    0.003107907558509022,
    0.003133674325471232,
    0.0031948807300323672
  ],
  "val_accs": [
    0.9894401851583973,
    0.9811948502820772,
    0.9862577752061333,
    0.9963836250542456,
    0.9968175900477362,
    0.999132070013019,
    0.9989874150151887,
    0.9992767250108491,
    0.9994213800086793,
    0.9994213800086793,
    0.9994213800086793,
    0.9994213800086793,
    0.9994213800086793,
    0.9994213800086793,
    0.9994213800086793,
    0.9994213800086793
  ],
  "epoch_times_sec": [
    233.33613061904907,
    235.32236766815186,
    238.62827801704407,
    237.17912673950195,
    236.35138630867004,
    234.38036918640137,
    234.9761290550232,
    235.15670943260193,
    234.60656690597534,
    234.54156184196472,
    236.516339302063,
    236.99288654327393,
    236.83005809783936,
    236.87070679664612,
    236.80518627166748,
    236.7274148464203
  ],
  "early_stop": {
    "enabled": true,
    "monitor": "val_loss",
    "best_epoch": 5,
    "best_value": 0.0026527740777726543
  }
}