{
  "run_name": "fold_1",
  "train_losses": [
    0.14306200101210104,
    0.03013813834090514,
    0.01805013229325993,
    0.00867409946364543,
    0.012095393643228869,
    0.006730398243636269,
    0.013647572228058435,
    0.008262554288830432,
    0.0012561146248990388,
    0.006232350037630156,
    0.022170994659021642,
    0.008312499931221512,
    0.0016629675821522407,
    0.00012760299504398242,
    9.336212103658052e-05,
    7.697795613572961e-05,
    6.565244483661684e-05,
    5.718225407698059e-05,
    5.036692078009368e-05,
    4.4742670236116654e-05,
    4.010589656500994e-05,
    3.612818874604939e-05,
    3.267491071009132e-05
  ],
  "val_losses": [
    0.04614257991865829,
    0.03888607920250959,
    0.01196991746460467,
    0.015364830572960071,
    0.060710807158439246,
    0.021977761162108637,
    0.00694988973716843,
    0.009755427985779804,
    0.007338120550061662,
    0.027296737268679188,
    0.012180497819186982,
    0.017651811389778567,
    0.005070095842340918,
    0.005121535570382279,
    0.005204537803904343,
    0.005279091265644335,
    0.005383711037480949,
    0.0054461685093782665,
    0.0055410675076591025,
    0.005627388677398644,
    0.005692147559481479,
    0.005736150396572797,
    0.0058173327218658715
  ],
  "val_accs": [
    0.9868344907407407,
    0.9869791666666666,
    0.9959490740740741,
    0.99609375,
    0.9827835648148148,
    0.9947916666666666,
    0.9978298611111112,
    0.9969618055555556,
    0.9976851851851852,
    0.9918981481481481,
    0.9972511574074074,
    0.9945023148148148,
    0.9986979166666666,
    0.9985532407407407,
    0.9985532407407407,
    0.9985532407407407,
    0.9985532407407407,
    0.9985532407407407,
    0.9985532407407407,
    0.9985532407407407,
    0.9985532407407407,
    0.9985532407407407,
    0.9985532407407407
  ],
  "epoch_times_sec": [
    236.38253569602966,
    238.38002967834473,
    238.63327550888062,
    237.5892035961151,
    237.9984302520752,
    238.18597435951233,
    238.67880415916443,
    237.95131921768188,
    237.6378674507141,
    237.04016542434692,
    237.44631695747375,
    237.94453954696655,
    236.37318229675293,
    236.96080589294434,
    237.1561427116394,
    237.0142002105713,
    237.7852566242218,
    237.5814335346222,
    237.53941321372986,
    236.18879199028015,
    235.4396915435791,
    235.03414368629456,
    235.38096141815186
  ],
  "early_stop": {
    "enabled": true,
    "monitor": "val_loss",
    "best_epoch": 12,
    "best_value": 0.005070095842340918
  }
}