{
  "run_name": "fold_2",
  "train_losses": [
    0.1369134058072436,
    0.029709288718049454,
    0.01666555118345646,
    0.013012451021600112,
    0.008016532605245874,
    0.00803709020315706,
    0.004775736173755321,
    0.018918455041433795,
    0.012081460031572335,
    0.006114976288268887,
    0.004244505341109425,
    0.00019230573684706853,
    0.00010915755349942636,
    8.567377909828799e-05,
    7.23753840895597e-05,
    6.26291375561577e-05,
    5.4858075333906386e-05
  ],
  "val_losses": [
    0.028355039824317727,
    0.021603851620090642,
    0.01743545195872516,
    0.02680831938266271,
    0.031714474536582,
    0.04549442796916184,
    0.00686264201229076,
    0.05936165423028999,
    0.013046113298817849,
    0.03772192313961029,
    0.008287604304819575,
    0.00783853080860421,
    0.00757344177354416,
    0.007568431760942245,
    0.007567443250014481,
    0.007576503344184689,
    0.007610161943038866
  ],
  "val_accs": [
    0.9914641203703703,
    0.9934895833333334,
    0.9946469907407407,
    0.9937789351851852,
    0.9887152777777778,
    0.9891493055555556,
    0.9984085648148148,
    0.9858217592592593,
    0.9978298611111112,
    0.9892939814814815,
    0.9978298611111112,
    0.9982638888888888,
    0.9984085648148148,
    0.9984085648148148,
    0.9984085648148148,
    0.9984085648148148,
    0.9984085648148148
  ],
  "epoch_times_sec": [
    236.28038454055786,
    237.06841468811035,
    236.89434337615967,
    237.0760154724121,
    235.32350540161133,
    235.39391160011292,
    236.07952690124512,
    236.44365620613098,
    235.9872772693634,
    236.3175859451294,
    235.89444661140442,
    236.2413604259491,
    235.42590522766113,
    235.2711057662964,
    235.52602815628052,
    235.56761622428894,
    235.85860967636108
  ],
  "early_stop": {
    "enabled": true,
    "monitor": "val_loss",
    "best_epoch": 6,
    "best_value": 0.00686264201229076
  }
}