{
  "run_name": "fold_3",
  "train_losses": [
    0.14214650552188032,
    0.0233297443075367,
    0.018886529832950118,
    0.01079474190522406,
    0.01817697236848169,
    0.012066116348426895,
    0.0023830861666051945,
    0.011093129471357772,
    0.015800327452058567,
    0.0017867028036721469,
    0.00016627628591331058,
    0.0001122554728918349,
    9.088206584490058e-05,
    7.660141833297119e-05,
    6.609215946486964e-05,
    5.777827347666667e-05,
    5.102431285199263e-05,
    4.544687709034129e-05,
    4.0678566913823935e-05,
    3.662964353645282e-05
  ],
  "val_losses": [
    0.03356301419747373,
    0.029558237443712575,
    0.020080916336694458,
    0.014832509008960592,
    0.019086556131865277,
    0.019161162572412717,
    0.007765047557768412,
    0.019877138916247834,
    0.008566759817228929,
    0.004367507260650638,
    0.0035962153979872476,
    0.003569261240314787,
    0.00359190614296865,
    0.003598741271060943,
    0.0036114472914050566,
    0.003630728330689534,
    0.0036646677241757666,
    0.0036836981629069974,
    0.0037093515892155228,
    0.0037468867797172236
  ],
  "val_accs": [
    0.9895833333333334,
    0.9932002314814815,
    0.9930555555555556,
    0.9939236111111112,
    0.9952256944444444,
    0.9953703703703703,
    0.9988425925925926,
    0.9947916666666666,
    0.9978298611111112,
    0.9994212962962963,
    0.9992766203703703,
    0.9992766203703703,
    0.9994212962962963,
    0.9995659722222222,
    0.9995659722222222,
    0.9995659722222222,
    0.9995659722222222,
    0.9995659722222222,
    0.9995659722222222,
    0.9995659722222222
  ],
  "epoch_times_sec": [
    237.0671820640564,
    237.36792612075806,
    237.32230830192566,
    236.61881566047668,
    236.83694529533386,
    237.06981873512268,
    236.32057547569275,
    236.55448603630066,
    236.99127006530762,
    237.20381951332092,
    236.98070812225342,
    236.79833841323853,
    237.58560752868652,
    237.15729880332947,
    237.1371111869812,
    236.78684163093567,
    236.83802723884583,
    236.62809014320374,
    236.84129881858826,
    236.832444190979
  ],
  "early_stop": {
    "enabled": true,
    "monitor": "val_loss",
    "best_epoch": 9,
    "best_value": 0.004367507260650638
  }
}