{
  "data_flag": "organamnist",
  "num_classes": 11,
  "class_names": [
    "bladder",
    "femur-left",
    "femur-right",
    "heart",
    "kidney-left",
    "kidney-right",
    "liver",
    "lung-left",
    "lung-right",
    "pancreas",
    "spleen"
  ],
  "is_ensemble": false,
  "metrics": {
    "accuracy": 0.9715941050736866,
    "balanced_accuracy": 0.9687189115022989,
    "auc": 0.999207374669231
  },
  "confusion_matrix": [
    [
      955,
      4,
      0,
      0,
      10,
      11,
      0,
      0,
      0,
      56,
      0
    ],
    [
      6,
      740,
      21,
      0,
      11,
      6,
      0,
      0,
      0,
      0,
      0
    ],
    [
      2,
      0,
      781,
      0,
      3,
      7,
      0,
      0,
      0,
      0,
      0
    ],
    [
      0,
      0,
      0,
      771,
      0,
      0,
      0,
      2,
      0,
      0,
      12
    ],
    [
      17,
      0,
      0,
      0,
      1867,
      20,
      0,
      0,
      0,
      16,
      144
    ],
    [
      8,
      0,
      2,
      2,
      103,
      1840,
      0,
      0,
      2,
      1,
      7
    ],
    [
      0,
      0,
      0,
      0,
      0,
      0,
      3282,
      0,
      3,
      0,
      0
    ],
    [
      0,
      0,
      0,
      0,
      0,
      0,
      0,
      1746,
      0,
      0,
      1
    ],
    [
      0,
      0,
      0,
      0,
      0,
      0,
      6,
      0,
      1807,
      0,
      0
    ],
    [
      0,
      0,
      0,
      0,
      4,
      1,
      0,
      0,
      0,
      1607,
      10
    ],
    [
      0,
      0,
      0,
      1,
      3,
      0,
      0,
      2,
      0,
      1,
      1877
    ]
  ],
  "counts": {
    "n_samples": 17778
  },
  "timing": {
    "eval_wall_sec": 44.85971260070801,
    "throughput_img_per_s": 396.30213769402116,
    "latency_ms_per_img": 2.523327292198673
  }
}