{
  "data_flag": "organamnist",
  "num_classes": 11,
  "class_names": [
    "bladder",
    "femur-left",
    "femur-right",
    "heart",
    "kidney-left",
    "kidney-right",
    "liver",
    "lung-left",
    "lung-right",
    "pancreas",
    "spleen"
  ],
  "is_ensemble": false,
  "metrics": {
    "accuracy": 0.9710878614017325,
    "balanced_accuracy": 0.9674486541046531,
    "auc": 0.9986795567205724
  },
  "confusion_matrix": [
    [
      965,
      1,
      0,
      0,
      11,
      10,
      0,
      0,
      0,
      48,
      1
    ],
    [
      4,
      758,
      4,
      0,
      16,
      2,
      0,
      0,
      0,
      0,
      0
    ],
    [
      16,
      1,
      757,
      0,
      10,
      9,
      0,
      0,
      0,
      0,
      0
    ],
    [
      0,
      0,
      0,
      754,
      1,
      0,
      0,
      16,
      0,
      7,
      7
    ],
    [
      19,
      5,
      0,
      0,
      1848,
      15,
      0,
      0,
      0,
      34,
      143
    ],
    [
      6,
      0,
      0,
      0,
      86,
      1871,
      0,
      0,
      0,
      2,
      0
    ],
    [
      0,
      0,
      0,
      0,
      0,
      0,
      3272,
      0,
      13,
      0,
      0
    ],
    [
      0,
      0,
      0,
      0,
      0,
      0,
      0,
      1746,
      0,
      0,
      1
    ],
    [
      0,
      0,
      0,
      0,
      0,
      0,
      3,
      0,
      1810,
      0,
      0
    ],
    [
      0,
      0,
      0,
      0,
      0,
      1,
      0,
      0,
      0,
      1615,
      6
    ],
    [
      0,
      0,
      0,
      2,
      9,
      0,
      0,
      1,
      0,
      4,
      1868
    ]
  ],
  "counts": {
    "n_samples": 17778
  },
  "timing": {
    "eval_wall_sec": 42.70199203491211,
    "throughput_img_per_s": 416.3271817732798,
    "latency_ms_per_img": 2.4019570275009623
  }
}