{
  "data_flag": "organamnist",
  "num_classes": 11,
  "class_names": [
    "bladder",
    "femur-left",
    "femur-right",
    "heart",
    "kidney-left",
    "kidney-right",
    "liver",
    "lung-left",
    "lung-right",
    "pancreas",
    "spleen"
  ],
  "is_ensemble": false,
  "metrics": {
    "accuracy": 0.9728878389020137,
    "balanced_accuracy": 0.9686194545407717,
    "auc": 0.9992088126332518
  },
  "confusion_matrix": [
    [
      956,
      3,
      3,
      0,
      2,
      13,
      0,
      0,
      0,
      58,
      1
    ],
    [
      9,
      735,
      27,
      0,
      5,
      8,
      0,
      0,
      0,
      0,
      0
    ],
    [
      15,
      1,
      770,
      0,
      1,
      6,
      0,
      0,
      0,
      0,
      0
    ],
    [
      0,
      0,
      0,
      767,
      1,
      0,
      0,
      0,
      0,
      0,
      17
    ],
    [
      20,
      19,
      0,
      0,
      1930,
      22,
      0,
      0,
      0,
      10,
      63
    ],
    [
      6,
      0,
      2,
      0,
      85,
      1867,
      0,
      0,
      0,
      1,
      4
    ],
    [
      0,
      0,
      0,
      0,
      0,
      0,
      3261,
      0,
      24,
      0,
      0
    ],
    [
      0,
      0,
      0,
      0,
      0,
      0,
      0,
      1746,
      0,
      0,
      1
    ],
    [
      0,
      0,
      0,
      0,
      0,
      0,
      10,
      0,
      1803,
      0,
      0
    ],
    [
      0,
      0,
      0,
      0,
      8,
      2,
      1,
      0,
      0,
      1605,
      6
    ],
    [
      0,
      0,
      0,
      1,
      25,
      0,
      0,
      1,
      0,
      1,
      1856
    ]
  ],
  "counts": {
    "n_samples": 17778
  },
  "timing": {
    "eval_wall_sec": 42.593945026397705,
    "throughput_img_per_s": 417.38326865431316,
    "latency_ms_per_img": 2.3958794592416304
  }
}