{
  "data_flag": "organamnist",
  "num_classes": 11,
  "class_names": [
    "bladder",
    "femur-left",
    "femur-right",
    "heart",
    "kidney-left",
    "kidney-right",
    "liver",
    "lung-left",
    "lung-right",
    "pancreas",
    "spleen"
  ],
  "is_ensemble": false,
  "metrics": {
    "accuracy": 0.9751378107773653,
    "balanced_accuracy": 0.9720934467383754,
    "auc": 0.999505020472873
  },
  "confusion_matrix": [
    [
      985,
      3,
      2,
      0,
      14,
      10,
      0,
      0,
      0,
      22,
      0
    ],
    [
      0,
      745,
      28,
      0,
      9,
      2,
      0,
      0,
      0,
      0,
      0
    ],
    [
      3,
      3,
      773,
      0,
      6,
      8,
      0,
      0,
      0,
      0,
      0
    ],
    [
      0,
      0,
      0,
      760,
      0,
      0,
      0,
      4,
      0,
      1,
      20
    ],
    [
      23,
      10,
      4,
      0,
      1863,
      11,
      0,
      0,
      0,
      37,
      116
    ],
    [
      5,
      0,
      6,
      0,
      69,
      1876,
      0,
      0,
      8,
      1,
      0
    ],
    [
      0,
      0,
      0,
      0,
      0,
      0,
      3280,
      0,
      5,
      0,
      0
    ],
    [
      0,
      0,
      0,
      0,
      0,
      0,
      0,
      1747,
      0,
      0,
      0
    ],
    [
      0,
      0,
      0,
      0,
      0,
      0,
      1,
      0,
      1812,
      0,
      0
    ],
    [
      0,
      0,
      0,
      0,
      1,
      0,
      0,
      0,
      0,
      1618,
      3
    ],
    [
      0,
      0,
      0,
      0,
      3,
      0,
      0,
      2,
      0,
      2,
      1877
    ]
  ],
  "counts": {
    "n_samples": 17778
  },
  "timing": {
    "eval_wall_sec": 42.74298119544983,
    "throughput_img_per_s": 415.92793723739004,
    "latency_ms_per_img": 2.404262638961066
  }
}