{
  "data_flag": "organamnist",
  "num_classes": 11,
  "class_names": [
    "bladder",
    "femur-left",
    "femur-right",
    "heart",
    "kidney-left",
    "kidney-right",
    "liver",
    "lung-left",
    "lung-right",
    "pancreas",
    "spleen"
  ],
  "is_ensemble": false,
  "metrics": {
    "accuracy": 0.9776690291371358,
    "balanced_accuracy": 0.9764359280694671,
    "auc": 0.9994866940396413
  },
  "confusion_matrix": [
    [
      1011,
      1,
      0,
      0,
      7,
      15,
      0,
      0,
      0,
      2,
      0
    ],
    [
      4,
      767,
      4,
      0,
      3,
      6,
      0,
      0,
      0,
      0,
      0
    ],
    [
      16,
      2,
      764,
      0,
      0,
      11,
      0,
      0,
      0,
      0,
      0
    ],
    [
      0,
      0,
      0,
      766,
      0,
      0,
      0,
      6,
      0,
      3,
      10
    ],
    [
      26,
      25,
      0,
      0,
      1869,
      25,
      0,
      0,
      0,
      18,
      101
    ],
    [
      7,
      3,
      0,
      0,
      45,
      1910,
      0,
      0,
      0,
      0,
      0
    ],
    [
      0,
      0,
      0,
      0,
      0,
      0,
      3273,
      0,
      12,
      0,
      0
    ],
    [
      0,
      0,
      0,
      0,
      0,
      0,
      0,
      1746,
      0,
      0,
      1
    ],
    [
      0,
      0,
      0,
      0,
      0,
      2,
      2,
      0,
      1809,
      0,
      0
    ],
    [
      0,
      0,
      0,
      0,
      10,
      3,
      0,
      0,
      0,
      1593,
      16
    ],
    [
      1,
      0,
      0,
      0,
      7,
      0,
      0,
      2,
      0,
      1,
      1873
    ]
  ],
  "counts": {
    "n_samples": 17778
  },
  "timing": {
    "eval_wall_sec": 42.68395733833313,
    "throughput_img_per_s": 416.5030870751558,
    "latency_ms_per_img": 2.400942588498882
  }
}