{
  "data_flag": "organamnist",
  "num_classes": 11,
  "class_names": [
    "bladder",
    "femur-left",
    "femur-right",
    "heart",
    "kidney-left",
    "kidney-right",
    "liver",
    "lung-left",
    "lung-right",
    "pancreas",
    "spleen"
  ],
  "is_ensemble": true,
  "metrics": {
    "accuracy": 0.9793002587467656,
    "balanced_accuracy": 0.9769648514281571,
    "auc": 0.9995272581647788
  },
  "confusion_matrix": [
    [
      972,
      3,
      0,
      0,
      7,
      11,
      0,
      0,
      0,
      43,
      0
    ],
    [
      3,
      761,
      7,
      0,
      10,
      3,
      0,
      0,
      0,
      0,
      0
    ],
    [
      11,
      0,
      773,
      0,
      3,
      6,
      0,
      0,
      0,
      0,
      0
    ],
    [
      0,
      0,
      0,
      773,
      0,
      0,
      0,
      0,
      0,
      1,
      11
    ],
    [
      16,
      6,
      0,
      0,
      1907,
      15,
      0,
      0,
      0,
      17,
      103
    ],
    [
      5,
      0,
      0,
      0,
      64,
      1896,
      0,
      0,
      0,
      0,
      0
    ],
    [
      0,
      0,
      0,
      0,
      0,
      0,
      3275,
      0,
      10,
      0,
      0
    ],
    [
      0,
      0,
      0,
      0,
      0,
      0,
      0,
      1746,
      0,
      0,
      1
    ],
    [
      0,
      0,
      0,
      0,
      0,
      0,
      0,
      0,
      1813,
      0,
      0
    ],
    [
      0,
      0,
      0,
      0,
      1,
      1,
      0,
      0,
      0,
      1615,
      5
    ],
    [
      0,
      0,
      0,
      1,
      2,
      0,
      0,
      1,
      0,
      1,
      1879
    ]
  ],
  "counts": {
    "n_samples": 17778
  },
  "timing": {
    "eval_wall_sec": 209.62114119529724,
    "throughput_img_per_s": 84.81014795848674,
    "latency_ms_per_img": 11.791041804212917
  }
}