{
  "run_name": "fold_0",
  "train_losses": [
    0.18222734782753922,
    0.06112112828371365,
    0.044689818217260084,
    0.03017587080972678,
    0.025599270732931383,
    0.02766403365261262,
    0.010927501686908328,
    0.015931231053915192,
    0.011964273744506943,
    0.009444628806966471,
    0.013833147310722823,
    0.01470933521873454,
    0.015176593309634638,
    0.014297207946627878,
    0.014187928837356327,
    0.013228210640670845,
    0.01232878532668465,
    0.010239277586036379,
    0.006440185728978377,
    0.0036151538349547146,
    0.0026488284165280653,
    0.0034116311948531714,
    0.01299956232725402,
    0.018133701591627537,
    0.004514971040726977,
    0.003028791181758407,
    0.0032925873720692257,
    0.017143027125942952,
    0.016461700883164447,
    0.006026026349230428
  ],
  "val_losses": [
    0.15095435455441475,
    0.056452269827087335,
    0.05176929826848209,
    0.017039812157655924,
    0.03756803459075924,
    0.02063471143348859,
    0.014710907177336944,
    0.05328852143093872,
    0.03248873741204779,
    0.023852969457668502,
    0.021337622854984008,
    0.05885775295050385,
    0.021086521202960284,
    0.02012857637712911,
    0.04143466094739359,
    0.013178643914915692,
    0.02827045107943167,
    0.023891532049814347,
    0.03359760828803141,
    0.005333690320744959,
    0.004964489732873727,
    0.014019108030429205,
    0.06881121231708676,
    0.03463811402392681,
    0.008872721429305295,
    0.006783522403706089,
    0.010935015136860434,
    0.03316816773552161,
    0.01635102909816711,
    0.015638603454905163
  ],
  "val_accs": [
    0.9517430354696301,
    0.9843202922819303,
    0.982341300045669,
    0.9952808646673771,
    0.9869082052062719,
    0.9931496422590957,
    0.9945197138072766,
    0.9872126655503121,
    0.9923884913989953,
    0.9929974120870757,
    0.9933018724311159,
    0.9829502207337494,
    0.9925407215710154,
    0.9931496422590957,
    0.9881260465824326,
    0.9961942456994977,
    0.9928451819150556,
    0.9922362612269752,
    0.9916273405388948,
    0.9989343887958594,
    0.9986299284518192,
    0.9951286344953569,
    0.9812756888415284,
    0.988734967270513,
    0.9974120870756584,
    0.9978687775917187,
    0.996803166387578,
    0.9882782767544527,
    0.9958897853554575,
    0.9966509362155579
  ],
  "epoch_times_sec": [
    27.1307053565979,
    20.971023321151733,
    21.238588094711304,
    21.24417519569397,
    21.2287118434906,
    21.3938467502594,
    21.11557126045227,
    21.32347846031189,
    21.330248594284058,
    21.219902992248535,
    21.383817195892334,
    21.231034755706787,
    21.299017429351807,
    21.297897338867188,
    21.28336453437805,
    21.26797604560852,
    21.21135950088501,
    21.461187839508057,
    21.295061111450195,
    21.287181854248047,
    21.377686500549316,
    21.36239767074585,
    21.38197112083435,
    21.434953212738037,
    21.362388134002686,
    21.19988703727722,
    21.362834453582764,
    21.274328231811523,
    21.33684206008911,
    21.337130069732666
  ],
  "total_train_sec": 645.3332526683807,
  "early_stop": {
    "enabled": true,
    "monitor": "val_loss",
    "best_epoch": 19,
    "best_value": 0.005333690320744959
  }
}