{
  "run_name": "fold_1",
  "train_losses": [
    0.18811312677656733,
    0.058751241042755725,
    0.05325613193350231,
    0.02150022917222686,
    0.021489801367165565,
    0.02031800302551923,
    0.022353070867304668,
    0.02008388961619902,
    0.00883910334186356,
    0.017659422338027336,
    0.01823816450863577,
    0.008669901333970057,
    0.026813568462753987,
    0.023937079818704927,
    0.004809357462966923,
    0.0023723045735451016,
    0.001727545261021477,
    0.001181992715225156,
    0.011642531692095651,
    0.02776340410601711,
    0.012589218088196947,
    0.002269387595857197,
    0.00301878877246675,
    0.0016235719806634112,
    0.006720137836864745,
    0.013074890912702824
  ],
  "val_losses": [
    0.06581630105098996,
    0.04566681088405088,
    0.038866942886670586,
    0.02530549564303678,
    0.05308138525400024,
    0.022979775036219507,
    0.02612335085779285,
    0.02127310377881468,
    0.015034223051141172,
    0.02251447503903574,
    0.015158105723248109,
    0.0489826479517013,
    0.1201006296234062,
    0.013827693674661882,
    0.011072176761235123,
    0.006506972425593351,
    0.0072334309224271025,
    0.005940833423937219,
    0.05951359438991998,
    0.0471463598884069,
    0.013738418003902972,
    0.008454564484764568,
    0.01096859127449243,
    0.008651946879043547,
    0.025590619648885246,
    0.01696680085432744
  ],
  "val_accs": [
    0.9786845310596833,
    0.9834043848964678,
    0.9864494518879415,
    0.9899512789281364,
    0.9809683313032886,
    0.9922350791717418,
    0.9922350791717418,
    0.9913215590742996,
    0.9942143727161997,
    0.991626065773447,
    0.9952801461632156,
    0.9838611449451888,
    0.9690925700365408,
    0.9949756394640682,
    0.9958891595615104,
    0.998020706455542,
    0.9977161997563947,
    0.9984774665042631,
    0.9782277710109623,
    0.9820341047503045,
    0.9972594397076736,
    0.9971071863580999,
    0.9966504263093788,
    0.9971071863580999,
    0.991626065773447,
    0.994062119366626
  ],
  "epoch_times_sec": [
    27.44785475730896,
    21.06197214126587,
    21.17162299156189,
    21.188395738601685,
    21.269275665283203,
    21.408449411392212,
    21.54127526283264,
    21.31099796295166,
    21.309285163879395,
    21.48927593231201,
    21.452939987182617,
    21.528876543045044,
    21.382659435272217,
    21.228729009628296,
    21.6753089427948,
    21.568456172943115,
    21.272708654403687,
    21.62208604812622,
    21.726131677627563,
    21.627325534820557,
    21.544718027114868,
    21.814040184020996,
    21.686721801757812,
    21.732356786727905,
    21.71641731262207,
    21.70555305480957
  ],
  "total_train_sec": 565.1920809745789,
  "early_stop": {
    "enabled": true,
    "monitor": "val_loss",
    "best_epoch": 15,
    "best_value": 0.006506972425593351
  }
}