{
  "run_name": "fold_3",
  "train_losses": [
    0.18554318872530287,
    0.05894718793016381,
    0.03537594112737968,
    0.02877861235642851,
    0.02039918992696784,
    0.018140594828050447,
    0.02162693356413667,
    0.018743558873269117,
    0.02351249314393144,
    0.010388030493049882,
    0.01470844163701347,
    0.013705825029727548,
    0.014244313554507509,
    0.0055244699309341515,
    0.006040845896118631,
    0.03276065890091647,
    0.009501235754436404,
    0.0051485959863495695,
    0.010863488068571315,
    0.007191880602352662,
    0.008537385207686073,
    0.008517655554888046,
    0.009408596341275303,
    0.011296471363205388
  ],
  "val_losses": [
    0.0850867319207352,
    0.03836688338420712,
    0.07670356057441005,
    0.025229404608790692,
    0.019590958597501203,
    0.032948140056200476,
    0.017497248992395516,
    0.07518277808468646,
    0.02214841716200821,
    0.019494848429111207,
    0.3827900585646813,
    0.00827158885371878,
    0.013445298894007114,
    0.007109548786226801,
    0.020659844919499355,
    0.05598860301184826,
    0.009262954547956235,
    0.017671825011697926,
    0.015610787335110498,
    0.016753141287223956,
    0.010807513425369017,
    0.007575728408063207,
    0.013907427565195226,
    0.014351469819652825
  ],
  "val_accs": [
    0.9709196102314251,
    0.98721071863581,
    0.9757917174177831,
    0.9907125456760049,
    0.993148599269184,
    0.9904080389768575,
    0.9942143727161997,
    0.9715286236297198,
    0.9939098660170523,
    0.994062119366626,
    0.8844397076735688,
    0.9978684531059683,
    0.9942143727161997,
    0.998020706455542,
    0.9925395858708892,
    0.9838611449451888,
    0.9984774665042631,
    0.9958891595615104,
    0.9952801461632156,
    0.9952801461632156,
    0.997563946406821,
    0.9972594397076736,
    0.9963459196102314,
    0.9968026796589525
  ],
  "epoch_times_sec": [
    27.728429079055786,
    21.32393217086792,
    21.421366214752197,
    21.498973608016968,
    21.58171582221985,
    21.460036993026733,
    21.4285786151886,
    21.344512939453125,
    21.482847452163696,
    21.43635582923889,
    21.49837899208069,
    21.338566303253174,
    21.556448459625244,
    21.42319083213806,
    21.542192697525024,
    21.413222312927246,
    21.495956420898438,
    21.552952766418457,
    21.602010250091553,
    21.397976875305176,
    21.5420560836792,
    21.370039463043213,
    21.5283784866333,
    21.42041516304016
  ],
  "total_train_sec": 522.0850296020508,
  "early_stop": {
    "enabled": true,
    "monitor": "val_loss",
    "best_epoch": 13,
    "best_value": 0.007109548786226801
  }
}