{
  "run_name": "fold_2",
  "train_losses": [
    0.19348992400053072,
    0.06881087059382258,
    0.04262706348672509,
    0.020546721388506363,
    0.03143708288311822,
    0.022090036797382664,
    0.008794848328007658,
    0.00935892497953141,
    0.03169962763828907,
    0.02607604472169641,
    0.01170951047931406,
    0.009603335003570154,
    0.005054075867945623,
    0.01519152853735893,
    0.008670514194428262,
    0.009609153118905919,
    0.014540941234150612,
    0.01681475225018292,
    0.006371567593465088,
    0.008593571808798914,
    0.014948259672205384,
    0.0033523405842903983,
    0.016037111284911188,
    0.004827112948761369,
    0.016669975972430754,
    0.004978765937657288,
    0.004575061869247027,
    0.0015640278695062124,
    0.0020377251514213553
  ],
  "val_losses": [
    0.12071339714412506,
    0.04876903011105382,
    0.06460977195260617,
    0.04759166172992151,
    0.027026382035378795,
    0.022296376414417934,
    0.02567025463101275,
    0.07343666296667205,
    0.1587086093182174,
    0.02042962786463949,
    0.014423102611544891,
    0.01980348301619345,
    0.01938064227050955,
    0.10875840415694536,
    0.0105690899977512,
    0.08492384676467807,
    0.03863562760055244,
    0.02232492802256904,
    0.009513498747310223,
    0.06385537821692057,
    0.018926229254597835,
    0.01585504131977499,
    0.01986009872822391,
    0.010172530412397953,
    0.02726032424722619,
    0.011224816821490654,
    0.014312555207639504,
    0.011335095353326953,
    0.017619284808950815
  ],
  "val_accs": [
    0.9604141291108405,
    0.9853836784409257,
    0.9710718635809987,
    0.9846224116930572,
    0.9917783191230207,
    0.9934531059683313,
    0.9937576126674786,
    0.9773142509135201,
    0.9521924482338612,
    0.9939098660170523,
    0.9958891595615104,
    0.9957369062119367,
    0.9952801461632156,
    0.9809683313032886,
    0.9968026796589525,
    0.9832521315468941,
    0.9904080389768575,
    0.9949756394640682,
    0.9966504263093788,
    0.9795980511571255,
    0.9960414129110841,
    0.9961936662606578,
    0.9949756394640682,
    0.9978684531059683,
    0.9928440925700366,
    0.9964981729598051,
    0.9971071863580999,
    0.9978684531059683,
    0.9961936662606578
  ],
  "epoch_times_sec": [
    27.38812232017517,
    21.226114511489868,
    21.340521812438965,
    21.45548105239868,
    21.38383436203003,
    21.417660236358643,
    21.41166591644287,
    21.559383392333984,
    21.436014890670776,
    21.359052181243896,
    21.33738422393799,
    21.344563722610474,
    21.412716150283813,
    21.338173866271973,
    21.557125091552734,
    21.423451900482178,
    21.516869068145752,
    21.453142166137695,
    21.337832927703857,
    21.298537492752075,
    21.27622413635254,
    21.337239027023315,
    21.348303079605103,
    21.27618432044983,
    21.44275712966919,
    21.42156481742859,
    21.447680234909058,
    21.25046992301941,
    21.37525701522827
  ],
  "total_train_sec": 626.9794037342072,
  "early_stop": {
    "enabled": true,
    "monitor": "val_loss",
    "best_epoch": 18,
    "best_value": 0.009513498747310223
  }
}