{
  "run_name": "fold_4",
  "train_losses": [
    0.19837589037218473,
    0.05279945516504529,
    0.04043567072963569,
    0.030085190366840035,
    0.019489783766003688,
    0.02558183883850622,
    0.01482467236687293,
    0.019605236452657774,
    0.013694352066150026,
    0.013196362467005666,
    0.004047146812436262,
    0.01655642425285783,
    0.027437911749669783,
    0.00857954290230537,
    0.008783906419415783,
    0.018682620163280064,
    0.006733714723899228,
    0.004624248074984147,
    0.012093096154608136,
    0.01435664996017472,
    0.01061331408574649,
    0.0024109431089838346,
    0.0015915814740565554,
    0.005949167599598096,
    0.005844360353006689,
    0.005149107228809465,
    0.006436418439212813,
    0.022882161394546727,
    0.0037398814630672326
  ],
  "val_losses": [
    0.0746691889810161,
    0.04055870564367909,
    0.03798955621627661,
    0.016856388708849687,
    0.03695762134157121,
    0.019520740841891475,
    0.01891906843362589,
    0.016829817899004132,
    0.017284640822953615,
    0.011986573067518363,
    0.008869016049804767,
    0.06540491867165726,
    0.010927337374316547,
    0.012329146934532149,
    0.0235797726619729,
    0.01768492373069491,
    0.008820825731755978,
    0.0541007857410967,
    0.005991053067829783,
    0.024245447405606822,
    0.009808749137845369,
    0.005237687652329835,
    0.008589638608388402,
    0.007275391310643569,
    0.009965394926850352,
    0.019960528858637014,
    0.012693538184176024,
    0.01883157532893165,
    0.0058581555596482265
  ],
  "val_accs": [
    0.9738124238733252,
    0.9859926918392204,
    0.9879719853836785,
    0.9946711327649208,
    0.9876674786845311,
    0.9928440925700366,
    0.9939098660170523,
    0.9937576126674786,
    0.9942143727161997,
    0.995584652862363,
    0.9968026796589525,
    0.9797503045066992,
    0.9974116930572473,
    0.9951278928136419,
    0.9923873325213155,
    0.9943666260657734,
    0.9977161997563947,
    0.9846224116930572,
    0.998020706455542,
    0.9919305724725944,
    0.9964981729598051,
    0.998020706455542,
    0.9969549330085262,
    0.9977161997563947,
    0.9966504263093788,
    0.9937576126674786,
    0.9963459196102314,
    0.9943666260657734,
    0.9978684531059683
  ],
  "epoch_times_sec": [
    27.58542227745056,
    21.33770990371704,
    21.416780471801758,
    21.33077120780945,
    21.387320518493652,
    21.35713481903076,
    21.50826621055603,
    21.308366537094116,
    21.270000219345093,
    21.314348220825195,
    21.427382469177246,
    21.44723629951477,
    21.29792022705078,
    21.38860559463501,
    21.492233514785767,
    21.30557417869568,
    21.35994267463684,
    21.317617893218994,
    21.493387699127197,
    21.1651828289032,
    21.35377311706543,
    21.482710599899292,
    21.126501083374023,
    21.47601580619812,
    21.450136423110962,
    21.346630096435547,
    21.347522258758545,
    21.36597728729248,
    21.227218866348267
  ],
  "total_train_sec": 626.4486932754517,
  "early_stop": {
    "enabled": true,
    "monitor": "val_loss",
    "best_epoch": 18,
    "best_value": 0.005991053067829783
  }
}