{
  "data_flag": "organamnist",
  "num_classes": 11,
  "class_names": [
    "bladder",
    "femur-left",
    "femur-right",
    "heart",
    "kidney-left",
    "kidney-right",
    "liver",
    "lung-left",
    "lung-right",
    "pancreas",
    "spleen"
  ],
  "is_ensemble": false,
  "metrics": {
    "accuracy": 0.9589380132748341,
    "balanced_accuracy": 0.9511311917682359,
    "auc": 0.9989949921635755
  },
  "confusion_matrix": [
    [
      989,
      1,
      1,
      0,
      2,
      36,
      0,
      0,
      0,
      7,
      0
    ],
    [
      4,
      733,
      26,
      0,
      10,
      11,
      0,
      0,
      0,
      0,
      0
    ],
    [
      23,
      2,
      755,
      0,
      3,
      9,
      0,
      0,
      0,
      1,
      0
    ],
    [
      45,
      0,
      0,
      675,
      3,
      11,
      0,
      3,
      0,
      33,
      15
    ],
    [
      74,
      3,
      3,
      0,
      1733,
      56,
      0,
      0,
      0,
      28,
      167
    ],
    [
      23,
      3,
      1,
      0,
      41,
      1874,
      0,
      0,
      0,
      0,
      23
    ],
    [
      0,
      0,
      0,
      0,
      0,
      0,
      3273,
      0,
      12,
      0,
      0
    ],
    [
      0,
      0,
      0,
      0,
      0,
      0,
      0,
      1745,
      0,
      0,
      2
    ],
    [
      0,
      0,
      0,
      0,
      0,
      0,
      8,
      0,
      1805,
      0,
      0
    ],
    [
      9,
      0,
      0,
      0,
      1,
      1,
      0,
      0,
      0,
      1599,
      12
    ],
    [
      3,
      0,
      0,
      4,
      7,
      1,
      0,
      2,
      0,
      0,
      1867
    ]
  ],
  "counts": {
    "n_samples": 17778
  },
  "timing": {
    "eval_wall_sec": 10.113292932510376,
    "throughput_img_per_s": 1757.88441199508,
    "latency_ms_per_img": 0.5688656166335008
  }
}