{
  "data_flag": "organamnist",
  "num_classes": 11,
  "class_names": [
    "bladder",
    "femur-left",
    "femur-right",
    "heart",
    "kidney-left",
    "kidney-right",
    "liver",
    "lung-left",
    "lung-right",
    "pancreas",
    "spleen"
  ],
  "is_ensemble": false,
  "metrics": {
    "accuracy": 0.966137923275959,
    "balanced_accuracy": 0.9614350572261494,
    "auc": 0.9990203119254897
  },
  "confusion_matrix": [
    [
      995,
      3,
      3,
      0,
      9,
      15,
      0,
      1,
      0,
      10,
      0
    ],
    [
      0,
      735,
      31,
      0,
      11,
      7,
      0,
      0,
      0,
      0,
      0
    ],
    [
      0,
      0,
      780,
      0,
      1,
      12,
      0,
      0,
      0,
      0,
      0
    ],
    [
      0,
      0,
      0,
      706,
      4,
      0,
      0,
      67,
      0,
      3,
      5
    ],
    [
      15,
      0,
      27,
      0,
      1863,
      22,
      0,
      5,
      0,
      22,
      110
    ],
    [
      17,
      0,
      16,
      0,
      92,
      1828,
      0,
      1,
      0,
      0,
      11
    ],
    [
      0,
      0,
      1,
      0,
      0,
      3,
      3258,
      0,
      23,
      0,
      0
    ],
    [
      0,
      0,
      0,
      0,
      0,
      0,
      0,
      1745,
      0,
      0,
      2
    ],
    [
      0,
      0,
      0,
      0,
      0,
      2,
      6,
      0,
      1805,
      0,
      0
    ],
    [
      0,
      0,
      0,
      0,
      3,
      0,
      0,
      0,
      0,
      1618,
      1
    ],
    [
      0,
      0,
      0,
      0,
      26,
      2,
      0,
      12,
      0,
      1,
      1843
    ]
  ],
  "counts": {
    "n_samples": 17778
  },
  "timing": {
    "eval_wall_sec": 6.289076328277588,
    "throughput_img_per_s": 2826.806206829569,
    "latency_ms_per_img": 0.3537561215140954
  }
}