{
  "data_flag": "organamnist",
  "num_classes": 11,
  "class_names": [
    "bladder",
    "femur-left",
    "femur-right",
    "heart",
    "kidney-left",
    "kidney-right",
    "liver",
    "lung-left",
    "lung-right",
    "pancreas",
    "spleen"
  ],
  "is_ensemble": false,
  "metrics": {
    "accuracy": 0.9635504556193047,
    "balanced_accuracy": 0.9615738638388418,
    "auc": 0.9986854391808833
  },
  "confusion_matrix": [
    [
      984,
      0,
      1,
      0,
      10,
      6,
      0,
      0,
      0,
      35,
      0
    ],
    [
      0,
      721,
      41,
      0,
      21,
      0,
      0,
      0,
      0,
      1,
      0
    ],
    [
      1,
      0,
      771,
      0,
      10,
      11,
      0,
      0,
      0,
      0,
      0
    ],
    [
      1,
      0,
      0,
      764,
      5,
      0,
      0,
      0,
      0,
      2,
      13
    ],
    [
      19,
      2,
      24,
      0,
      1843,
      41,
      0,
      0,
      0,
      68,
      67
    ],
    [
      12,
      0,
      2,
      1,
      142,
      1794,
      0,
      0,
      0,
      9,
      5
    ],
    [
      0,
      0,
      0,
      0,
      0,
      7,
      3244,
      0,
      29,
      1,
      4
    ],
    [
      0,
      0,
      0,
      0,
      0,
      0,
      0,
      1746,
      0,
      0,
      1
    ],
    [
      4,
      0,
      0,
      0,
      0,
      0,
      0,
      0,
      1809,
      0,
      0
    ],
    [
      2,
      0,
      0,
      0,
      1,
      0,
      1,
      0,
      0,
      1614,
      4
    ],
    [
      1,
      0,
      0,
      8,
      21,
      0,
      0,
      13,
      0,
      1,
      1840
    ]
  ],
  "counts": {
    "n_samples": 17778
  },
  "timing": {
    "eval_wall_sec": 6.235104560852051,
    "throughput_img_per_s": 2851.2753597785004,
    "latency_ms_per_img": 0.35072024754483355
  }
}