{
  "data_flag": "organamnist",
  "num_classes": 11,
  "class_names": [
    "bladder",
    "femur-left",
    "femur-right",
    "heart",
    "kidney-left",
    "kidney-right",
    "liver",
    "lung-left",
    "lung-right",
    "pancreas",
    "spleen"
  ],
  "is_ensemble": false,
  "metrics": {
    "accuracy": 0.9638317021037237,
    "balanced_accuracy": 0.9614727547204486,
    "auc": 0.99879039926772
  },
  "confusion_matrix": [
    [
      979,
      1,
      1,
      0,
      9,
      18,
      0,
      0,
      0,
      27,
      1
    ],
    [
      9,
      726,
      31,
      0,
      14,
      3,
      0,
      0,
      0,
      1,
      0
    ],
    [
      10,
      1,
      768,
      0,
      1,
      13,
      0,
      0,
      0,
      0,
      0
    ],
    [
      0,
      0,
      0,
      758,
      0,
      0,
      0,
      2,
      0,
      16,
      9
    ],
    [
      55,
      0,
      25,
      0,
      1747,
      48,
      0,
      2,
      0,
      69,
      118
    ],
    [
      12,
      0,
      2,
      0,
      51,
      1885,
      0,
      0,
      0,
      15,
      0
    ],
    [
      0,
      0,
      0,
      0,
      0,
      3,
      3247,
      0,
      35,
      0,
      0
    ],
    [
      0,
      0,
      0,
      0,
      0,
      0,
      0,
      1746,
      0,
      0,
      1
    ],
    [
      0,
      0,
      0,
      0,
      0,
      5,
      12,
      0,
      1796,
      0,
      0
    ],
    [
      1,
      0,
      0,
      0,
      0,
      0,
      0,
      0,
      0,
      1612,
      9
    ],
    [
      7,
      0,
      0,
      1,
      1,
      0,
      0,
      1,
      0,
      3,
      1871
    ]
  ],
  "counts": {
    "n_samples": 17778
  },
  "timing": {
    "eval_wall_sec": 5.741410493850708,
    "throughput_img_per_s": 3096.4516505205447,
    "latency_ms_per_img": 0.32295030340030983
  }
}