{
  "data_flag": "organamnist",
  "num_classes": 11,
  "class_names": [
    "bladder",
    "femur-left",
    "femur-right",
    "heart",
    "kidney-left",
    "kidney-right",
    "liver",
    "lung-left",
    "lung-right",
    "pancreas",
    "spleen"
  ],
  "is_ensemble": true,
  "metrics": {
    "accuracy": 0.9754190572617842,
    "balanced_accuracy": 0.9735368020125179,
    "auc": 0.9994985287615138
  },
  "confusion_matrix": [
    [
      1012,
      0,
      0,
      0,
      7,
      6,
      0,
      0,
      0,
      11,
      0
    ],
    [
      0,
      742,
      30,
      0,
      9,
      3,
      0,
      0,
      0,
      0,
      0
    ],
    [
      1,
      0,
      778,
      0,
      4,
      10,
      0,
      0,
      0,
      0,
      0
    ],
    [
      0,
      0,
      0,
      755,
      2,
      0,
      0,
      12,
      0,
      4,
      12
    ],
    [
      30,
      1,
      13,
      0,
      1876,
      23,
      0,
      0,
      0,
      37,
      84
    ],
    [
      11,
      0,
      1,
      0,
      72,
      1876,
      0,
      0,
      0,
      1,
      4
    ],
    [
      0,
      0,
      0,
      0,
      0,
      3,
      3259,
      0,
      23,
      0,
      0
    ],
    [
      0,
      0,
      0,
      0,
      0,
      0,
      0,
      1746,
      0,
      0,
      1
    ],
    [
      0,
      0,
      0,
      0,
      0,
      2,
      2,
      0,
      1809,
      0,
      0
    ],
    [
      1,
      0,
      0,
      0,
      0,
      0,
      0,
      0,
      0,
      1615,
      6
    ],
    [
      1,
      0,
      0,
      0,
      5,
      0,
      0,
      5,
      0,
      0,
      1873
    ]
  ],
  "counts": {
    "n_samples": 17778
  },
  "timing": {
    "eval_wall_sec": 17.988724946975708,
    "throughput_img_per_s": 988.2857207724923,
    "latency_ms_per_img": 1.0118531301032574
  }
}