{
  "data_flag": "organamnist",
  "num_classes": 11,
  "class_names": [
    "bladder",
    "femur-left",
    "femur-right",
    "heart",
    "kidney-left",
    "kidney-right",
    "liver",
    "lung-left",
    "lung-right",
    "pancreas",
    "spleen"
  ],
  "is_ensemble": false,
  "metrics": {
    "accuracy": 0.9686691416357296,
    "balanced_accuracy": 0.9655774504921805,
    "auc": 0.9991623791918933
  },
  "confusion_matrix": [
    [
      976,
      4,
      2,
      0,
      21,
      26,
      0,
      0,
      0,
      7,
      0
    ],
    [
      0,
      754,
      23,
      0,
      6,
      1,
      0,
      0,
      0,
      0,
      0
    ],
    [
      12,
      7,
      765,
      0,
      7,
      2,
      0,
      0,
      0,
      0,
      0
    ],
    [
      0,
      0,
      0,
      748,
      0,
      0,
      0,
      13,
      0,
      2,
      22
    ],
    [
      35,
      11,
      3,
      0,
      1912,
      18,
      0,
      0,
      0,
      18,
      67
    ],
    [
      23,
      0,
      1,
      0,
      85,
      1846,
      0,
      0,
      0,
      9,
      1
    ],
    [
      1,
      0,
      0,
      0,
      0,
      9,
      3251,
      0,
      24,
      0,
      0
    ],
    [
      0,
      0,
      0,
      0,
      0,
      0,
      0,
      1747,
      0,
      0,
      0
    ],
    [
      0,
      0,
      0,
      0,
      0,
      2,
      0,
      0,
      1811,
      0,
      0
    ],
    [
      8,
      0,
      0,
      0,
      11,
      1,
      3,
      0,
      0,
      1576,
      23
    ],
    [
      12,
      0,
      0,
      0,
      24,
      0,
      0,
      13,
      0,
      0,
      1835
    ]
  ],
  "counts": {
    "n_samples": 17778
  },
  "timing": {
    "eval_wall_sec": 6.173346757888794,
    "throughput_img_per_s": 2879.7993531275165,
    "latency_ms_per_img": 0.34724641455106275
  }
}