{
  "run_name": "fold_4",
  "train_losses": [
    0.23934119676761398,
    0.16581179559327208,
    0.14320412543283814,
    0.13046986200328564,
    0.11541447630444758,
    0.11077946593361784,
    0.09714941430471961,
    0.08766337255164017,
    0.08015573736583184,
    0.0748931355679721,
    0.07136196616345021,
    0.06676162347841368,
    0.058034585369664785,
    0.05625805392510184,
    0.049160184267677653,
    0.04813165753105459,
    0.04604617257253052,
    0.04212964183389245
  ],
  "val_losses": [
    0.43256995202425647,
    0.15573495275834026,
    0.1646662882857901,
    0.24778285956777193,
    0.15169694693759084,
    0.15646301807068727,
    0.17218983576030417,
    0.13803226209026487,
    0.1554341571241179,
    0.19488937448134974,
    0.1371888693778173,
    0.15278675361974714,
    0.1710578217068413,
    0.20314226882114514,
    0.1775667226037887,
    0.18353106782716863,
    0.15200685309109224,
    0.1677775679032921
  ],
  "val_accs": [
    0.8171850654971435,
    0.9640487044838133,
    0.959489872468117,
    0.9106699751861043,
    0.9447169484678862,
    0.9439667609209995,
    0.94367822724912,
    0.9725893011714467,
    0.9679150556869986,
    0.9703964452651624,
    0.9716082866870563,
    0.9604131802181315,
    0.9694154307807721,
    0.9684344162963818,
    0.9699347913901553,
    0.9637601708119338,
    0.9743205032027238,
    0.9714351664839287
  ],
  "epoch_times_sec": [
    61.85680150985718,
    55.09429407119751,
    55.26017761230469,
    55.793978691101074,
    55.76998329162598,
    55.73861002922058,
    55.82931423187256,
    55.75548458099365,
    55.65426731109619,
    55.909719705581665,
    55.613582134246826,
    55.59230422973633,
    55.86617469787598,
    55.815916776657104,
    55.806880474090576,
    55.937466859817505,
    55.86644124984741,
    55.565887451171875
  ],
  "total_train_sec": 1009.4105534553528,
  "early_stop": {
    "enabled": true,
    "monitor": "val_loss",
    "best_epoch": 7,
    "best_value": 0.13803226209026487
  }
}