{
  "run_name": "fold_1",
  "train_losses": [
    0.24425848339324518,
    0.16544555817591286,
    0.14610181776755068,
    0.13080665742885494,
    0.11930695337599725,
    0.10350425986404395,
    0.09705587439135736,
    0.08962651763917007,
    0.08156550395545203,
    0.07499291601310211,
    0.07505573820264222,
    0.06868053813053505,
    0.05764563671139356,
    0.0556703764857473,
    0.052472559738191545,
    0.05154406718217704,
    0.045927786174473004,
    0.04502158570804852,
    0.039736796488517176,
    0.039560252012144394,
    0.036993845773287556,
    0.03523750095017075,
    0.032213626734356356
  ],
  "val_losses": [
    0.23038498906637817,
    0.2537593502989587,
    0.30908571323379874,
    0.14377496331272757,
    0.2152900165220832,
    0.16729306624106624,
    0.1550804674899315,
    0.1488612839157748,
    0.15907446429242983,
    0.1624554540578495,
    0.156307217945783,
    0.143824103370528,
    0.13749840439242475,
    0.19871499398997164,
    0.2097419683328446,
    0.1825394930098863,
    0.16568696571459227,
    0.24598705434404752,
    0.1784274325473234,
    0.16438841986168615,
    0.18023456686505063,
    0.214948900626041,
    0.21299417729160802
  ],
  "val_accs": [
    0.9279284477784189,
    0.9351990767455279,
    0.9258511252163878,
    0.9607039815349105,
    0.9631852279284477,
    0.9552221581073284,
    0.9514714368147721,
    0.9527409117137912,
    0.9631275245239469,
    0.9582227351413733,
    0.96866705135603,
    0.9574725908828621,
    0.9622619734564339,
    0.9708597807270629,
    0.9705712637045586,
    0.97466820542412,
    0.9652048470859781,
    0.9590305828043855,
    0.9713791113675707,
    0.9706866705135603,
    0.9700519330640508,
    0.9703404500865551,
    0.9718984420080785
  ],
  "epoch_times_sec": [
    60.98276090621948,
    55.23181223869324,
    54.899993658065796,
    55.03114986419678,
    54.77443981170654,
    54.711846113204956,
    55.065611362457275,
    54.723100423812866,
    54.92776656150818,
    54.82044053077698,
    55.11335301399231,
    55.45031452178955,
    54.86453151702881,
    54.97434067726135,
    54.93632459640503,
    54.788347482681274,
    54.88430213928223,
    55.03372883796692,
    55.030975103378296,
    54.7526478767395,
    54.81766057014465,
    54.945844650268555,
    54.787253856658936
  ],
  "total_train_sec": 1270.2760145664215,
  "early_stop": {
    "enabled": true,
    "monitor": "val_loss",
    "best_epoch": 12,
    "best_value": 0.13749840439242475
  }
}