{
  "run_name": "fold_3",
  "train_losses": [
    0.2512883437167364,
    0.1687487509452812,
    0.14572124806354975,
    0.1307046776516931,
    0.11882903563227099,
    0.10790740132896495,
    0.09860436178661208,
    0.095685813946102,
    0.08034607341733388,
    0.08178571966440587,
    0.0713890866908398,
    0.0649087978983143,
    0.062104773624195905,
    0.0531676803042427,
    0.05425017385686749,
    0.05085877991624025,
    0.04304427796778529,
    0.044918509468013616,
    0.039652916407617166,
    0.03708522340513907,
    0.03689746634626689,
    0.03804661821805943,
    0.035255463848100514,
    0.03099509253794527,
    0.02978428424243056
  ],
  "val_losses": [
    0.18340467999908416,
    0.20834638133152006,
    0.14188693251515574,
    0.1565146189840401,
    0.16040737368166447,
    0.13898325449896648,
    0.22208621065296671,
    0.20579779463107972,
    0.15255086288294373,
    0.16773960638024352,
    0.17474198109908579,
    0.1423482707057915,
    0.17543821714763694,
    0.18295634773505084,
    0.13228880018269754,
    0.1854178937877912,
    0.13610179573708378,
    0.17506629047463373,
    0.1651431406635846,
    0.20499307118862978,
    0.18090793637298597,
    0.15099532840609112,
    0.1911051079754115,
    0.20953336487154423,
    0.1987905648369205
  ],
  "val_accs": [
    0.9616827283744013,
    0.9674534018119915,
    0.9687229499682612,
    0.9374458999365226,
    0.948929540077327,
    0.9477176986554331,
    0.936060938311501,
    0.932483120780195,
    0.9451208956085175,
    0.9564891222805701,
    0.9761671187027526,
    0.973628022390213,
    0.97183911362456,
    0.9388308615615443,
    0.9722430607651913,
    0.9662415603900976,
    0.9627791563275434,
    0.9748975705464827,
    0.972993248312078,
    0.9691268971088927,
    0.9725315944370708,
    0.9658376132494663,
    0.9721853540308154,
    0.9744936234058514,
    0.9744936234058514
  ],
  "epoch_times_sec": [
    61.55594563484192,
    55.06747055053711,
    55.25547170639038,
    55.18301582336426,
    55.180917263031006,
    54.974010944366455,
    55.69470167160034,
    54.99423789978027,
    54.9866840839386,
    54.97250437736511,
    55.211363077163696,
    55.55331230163574,
    54.939011096954346,
    54.81826305389404,
    55.00286817550659,
    55.057769775390625,
    55.10783314704895,
    55.05406832695007,
    55.057607889175415,
    54.993489503860474,
    55.636831521987915,
    54.925548791885376,
    55.16750431060791,
    54.86518573760986,
    55.32865333557129
  ],
  "total_train_sec": 1385.3895468711853,
  "early_stop": {
    "enabled": true,
    "monitor": "val_loss",
    "best_epoch": 14,
    "best_value": 0.13228880018269754
  }
}