{
  "run_name": "fold_0",
  "train_losses": [
    0.2451709694816092,
    0.16629078795585966,
    0.14392153929072035,
    0.12867685540642954,
    0.11590381750282651,
    0.10869583673775196,
    0.10034753525261242,
    0.08946766648544842,
    0.0824036232218174,
    0.07633341294704711,
    0.06990268721818484,
    0.06748899683018875,
    0.06082188046163778,
    0.057558159775129916,
    0.04923280690109801,
    0.04904068807095234,
    0.04476229126467034,
    0.04169919526065887,
    0.038728871595806506
  ],
  "val_losses": [
    0.23833898493253133,
    0.16038459470933852,
    0.2382404807242839,
    0.15612422636545756,
    0.13801144394914017,
    0.14802226818659725,
    0.26386196133406725,
    0.1829072384382872,
    0.13231567368733094,
    0.13884023235946455,
    0.15556213073432446,
    0.1417860044988201,
    0.18884814716875553,
    0.158156804041937,
    0.16561606346444666,
    0.1738990966011496,
    0.15278109919060678,
    0.1633392379975275,
    0.19445109339978764
  ],
  "val_accs": [
    0.9313906520484708,
    0.9615118291979227,
    0.9547028274668206,
    0.9489324870167339,
    0.9560300057703405,
    0.9581073283323716,
    0.8750144258511252,
    0.9540103866128101,
    0.9706866705135603,
    0.9584535487593768,
    0.9689555683785344,
    0.9646855164454703,
    0.9694171956145412,
    0.966935949221004,
    0.9729371032890941,
    0.9644547028274668,
    0.9674552798615118,
    0.9559723023658396,
    0.9709751875360646
  ],
  "epoch_times_sec": [
    63.282742977142334,
    54.80387306213379,
    55.11005473136902,
    54.96801543235779,
    55.13291835784912,
    54.86310267448425,
    54.836339473724365,
    55.83177852630615,
    55.54983878135681,
    54.95858120918274,
    55.4917631149292,
    55.6797034740448,
    55.60662531852722,
    55.76745891571045,
    55.331827878952026,
    55.218745470047,
    55.10916256904602,
    54.97473955154419,
    55.72162055969238
  ],
  "total_train_sec": 1058.8463904857635,
  "early_stop": {
    "enabled": true,
    "monitor": "val_loss",
    "best_epoch": 8,
    "best_value": 0.13231567368733094
  }
}