{
  "run_name": "fold_2",
  "train_losses": [
    0.251435603987763,
    0.16979529479322283,
    0.14702806973316862,
    0.13320410528431978,
    0.11766638933696445,
    0.10916198812108384,
    0.0968611097848129,
    0.09074954553584735,
    0.08778036223438718,
    0.07847830803131826,
    0.07114437276363207,
    0.0651529767763992,
    0.061492208830836656,
    0.06002182739463165,
    0.05470409367643228,
    0.05161717849096727,
    0.0465076793731464,
    0.04605560492923872,
    0.04133590520940576,
    0.03954632259137557,
    0.03844986404890501,
    0.03300750148271739,
    0.03604758776015948,
    0.028361163779494117,
    0.029990618716983053,
    0.03032546951960559
  ],
  "val_losses": [
    0.22491188404862494,
    0.18532229277907925,
    0.17390825404949925,
    0.15709999087266624,
    0.14429960717611454,
    0.12854767191182712,
    0.1426483260412865,
    0.14004464341354939,
    0.13178672355270998,
    0.1480193788678769,
    0.22097380081301227,
    0.13662040423300556,
    0.2110189614981851,
    0.13409325792728102,
    0.16167264836087056,
    0.11883500871002017,
    0.18289462716304972,
    0.25192279038567317,
    0.19044243995620705,
    0.1625473268042483,
    0.20209448708235012,
    0.14202864722499406,
    0.1722727467353894,
    0.20546241990129654,
    0.1981008245578885,
    0.17636070217293523
  ],
  "val_accs": [
    0.9410814242022044,
    0.9440821743897513,
    0.9423509723584742,
    0.9711466328120492,
    0.9563737088118184,
    0.9650874257025794,
    0.9579317906399677,
    0.9701079115932829,
    0.9619712620462808,
    0.9453517225460211,
    0.9126897108892608,
    0.9656644930463385,
    0.9405043568584454,
    0.9689537769057649,
    0.9698193779214034,
    0.9690114836401408,
    0.9745513301402273,
    0.9658376132494663,
    0.9713197530151769,
    0.9763402389058803,
    0.9721853540308154,
    0.97183911362456,
    0.9772635466558948,
    0.9733971954527093,
    0.9718968203589359,
    0.9757631715621213
  ],
  "epoch_times_sec": [
    61.33362531661987,
    55.23740100860596,
    55.35037589073181,
    55.30141997337341,
    55.140331983566284,
    55.33412194252014,
    55.575154304504395,
    55.427775144577026,
    55.28657031059265,
    55.02604389190674,
    55.004152059555054,
    55.11273264884949,
    55.273139238357544,
    55.25031900405884,
    55.03160572052002,
    55.10726547241211,
    55.13137936592102,
    55.12949466705322,
    54.93465971946716,
    55.13030672073364,
    55.5095853805542,
    54.96104979515076,
    54.78750205039978,
    55.110313415527344,
    55.16310906410217,
    55.08533716201782
  ],
  "total_train_sec": 1441.6269404888153,
  "early_stop": {
    "enabled": true,
    "monitor": "val_loss",
    "best_epoch": 15,
    "best_value": 0.11883500871002017
  }
}