{
  "data_flag": "octmnist",
  "num_classes": 4,
  "class_names": [
    "choroidal neovascularization",
    "diabetic macular edema",
    "drusen",
    "normal"
  ],
  "is_ensemble": false,
  "metrics": {
    "accuracy": 0.902,
    "balanced_accuracy": 0.9019999999999999,
    "auc": 0.9828366666666667
  },
  "confusion_matrix": [
    [
      248,
      0,
      2,
      0
    ],
    [
      42,
      208,
      0,
      0
    ],
    [
      43,
      0,
      202,
      5
    ],
    [
      2,
      1,
      3,
      244
    ]
  ],
  "counts": {
    "n_samples": 1000
  },
  "timing": {
    "eval_wall_sec": 0.47556447982788086,
    "throughput_img_per_s": 2102.764277857602,
    "latency_ms_per_img": 0.47556447982788086
  }
}