{
  "data_flag": "octmnist",
  "num_classes": 4,
  "class_names": [
    "choroidal neovascularization",
    "diabetic macular edema",
    "drusen",
    "normal"
  ],
  "is_ensemble": false,
  "metrics": {
    "accuracy": 0.929,
    "balanced_accuracy": 0.9289999999999999,
    "auc": 0.9874366666666667
  },
  "confusion_matrix": [
    [
      248,
      0,
      2,
      0
    ],
    [
      11,
      239,
      0,
      0
    ],
    [
      46,
      0,
      197,
      7
    ],
    [
      1,
      0,
      4,
      245
    ]
  ],
  "counts": {
    "n_samples": 1000
  },
  "timing": {
    "eval_wall_sec": 0.5339181423187256,
    "throughput_img_per_s": 1872.9462828461897,
    "latency_ms_per_img": 0.5339181423187256
  }
}