{
  "data_flag": "octmnist",
  "num_classes": 4,
  "class_names": [
    "choroidal neovascularization",
    "diabetic macular edema",
    "drusen",
    "normal"
  ],
  "is_ensemble": false,
  "metrics": {
    "accuracy": 0.912,
    "balanced_accuracy": 0.9119999999999999,
    "auc": 0.9925533333333334
  },
  "confusion_matrix": [
    [
      249,
      0,
      1,
      0
    ],
    [
      20,
      230,
      0,
      0
    ],
    [
      53,
      0,
      185,
      12
    ],
    [
      1,
      0,
      1,
      248
    ]
  ],
  "counts": {
    "n_samples": 1000
  },
  "timing": {
    "eval_wall_sec": 0.613121509552002,
    "throughput_img_per_s": 1630.9980720309159,
    "latency_ms_per_img": 0.613121509552002
  }
}