{
  "run_name": "fold_0",
  "train_losses": [
    0.32039171535790295,
    0.21808464329366103,
    0.1949575362716717,
    0.18064785112459866,
    0.16908324095325858,
    0.16007578720350693,
    0.15347514430994028,
    0.14752152325609585,
    0.140068865561937,
    0.13173944916224964,
    0.12713070403157894,
    0.12526750205818032,
    0.11517655697621942,
    0.11925680099430454,
    0.1135709043970941,
    0.1062901028072162,
    0.10269402430948842,
    0.10118921674003002,
    0.09832292695335232,
    0.09684918795552194,
    0.09294062426620182,
    0.08506642412497574,
    0.08413827891828227,
    0.08499826102856678,
    0.08078944809087543
  ],
  "val_losses": [
    0.3519533277653596,
    0.17237106896936893,
    0.2025308743776644,
    0.18783741164952517,
    0.13293974164544659,
    0.14258208298398292,
    0.13006822581348174,
    0.19958175806438222,
    0.12033486197812154,
    0.14637949498479857,
    0.1249539035043734,
    0.1419631295618327,
    0.160394576665781,
    0.15658925292903886,
    0.1157509594991365,
    0.13823159118456876,
    0.12314076713450692,
    0.11713618519442047,
    0.11734711890355409,
    0.14649841317441314,
    0.12377841451534015,
    0.1366345756687224,
    0.11856053488822106,
    0.13196842977092327,
    0.12779028096017153
  ],
  "val_accs": [
    0.8736872475476053,
    0.939469128678592,
    0.95066358915176,
    0.9354298903635314,
    0.956203115983843,
    0.9672244662435083,
    0.9653202538949798,
    0.9223889209463358,
    0.9675706866705136,
    0.9553952683208309,
    0.9679746105020196,
    0.9652048470859781,
    0.9680323139065204,
    0.9407963069821119,
    0.9691863819965378,
    0.9691286785920369,
    0.9603000577034045,
    0.9622042700519331,
    0.9697057126370456,
    0.9676860934795153,
    0.9740334679746105,
    0.965666474321985,
    0.9738603577611079,
    0.9691863819965378,
    0.9714945181765724
  ],
  "epoch_times_sec": [
    65.07516360282898,
    55.2024290561676,
    55.295250415802,
    55.24301767349243,
    55.03140068054199,
    55.31947112083435,
    55.41111922264099,
    55.32979989051819,
    55.41246819496155,
    55.42609262466431,
    55.2171688079834,
    55.204325437545776,
    55.22055459022522,
    55.28160762786865,
    55.046634912490845,
    55.18853163719177,
    54.923866510391235,
    55.12980270385742,
    55.32462978363037,
    55.12536144256592,
    55.25625658035278,
    55.29713463783264,
    55.412121534347534,
    55.22746014595032,
    55.30549120903015
  ],
  "total_train_sec": 1391.6486477851868,
  "early_stop": {
    "enabled": true,
    "monitor": "val_loss",
    "best_epoch": 14,
    "best_value": 0.1157509594991365
  }
}