{
  "run_name": "fold_2",
  "train_losses": [
    0.33111154742525156,
    0.22388350077372823,
    0.20575190800312707,
    0.18342164871515276,
    0.16974523934826613,
    0.16488328493456744,
    0.15199308193077002,
    0.14979324656471527,
    0.14381566218164182,
    0.13503201088270728,
    0.13317345030082461,
    0.12672440989662562,
    0.12408913778013751,
    0.11767026465971457,
    0.11105620907533521,
    0.10968342813182891,
    0.10761088848478968,
    0.10389282257259994,
    0.09993004406735219,
    0.09683847088235914,
    0.09505559491981751,
    0.09189625126748671,
    0.08712441961551275,
    0.08587673539898312,
    0.08457359185962217,
    0.08086671285475854,
    0.07882146489963128,
    0.07766779044784206,
    0.07567735306760244,
    0.07577319306712219,
    0.06974407207985131,
    0.069418731798003
  ],
  "val_losses": [
    0.1756691275000134,
    0.1671342525685973,
    0.17961919992504752,
    0.14645793527255163,
    0.12726553130949683,
    0.12682202552883504,
    0.16305080254781334,
    0.13796196442426129,
    0.11804729669957477,
    0.1236242382951519,
    0.14770147078396642,
    0.1216048819341642,
    0.11646752181353376,
    0.12846458771759095,
    0.11380786620600916,
    0.11468898411155404,
    0.12522626275141888,
    0.10933549216304742,
    0.12083914534955778,
    0.10580861690344617,
    0.1213822906549253,
    0.09627968198208905,
    0.09957525273784995,
    0.1006182860925465,
    0.12466557634145241,
    0.09844803702606655,
    0.10371682998683195,
    0.10753401000436176,
    0.1103173041380668,
    0.11249267435564167,
    0.14687566089389079,
    0.11750106698223937
  ],
  "val_accs": [
    0.9508915690461077,
    0.9634716371400542,
    0.9410814242022044,
    0.9672802816088637,
    0.9698770846557794,
    0.9657221997807144,
    0.9582203243118472,
    0.9657799065150903,
    0.9709735126089215,
    0.9578740839055918,
    0.9443130013272549,
    0.957700963702464,
    0.9620289687806567,
    0.9717814068901841,
    0.969473137515148,
    0.9710312193432974,
    0.9733394887183334,
    0.9750129840152346,
    0.975301517687114,
    0.9716659934214322,
    0.972416180968319,
    0.9755900513589936,
    0.9740896762652201,
    0.9739165560620925,
    0.9779560274684056,
    0.9736857291245888,
    0.9730509550464539,
    0.9778406139996537,
    0.9737434358589647,
    0.9780137342027815,
    0.9744359166714756,
    0.97887933521842
  ],
  "epoch_times_sec": [
    65.11982846260071,
    55.35248684883118,
    55.675676107406616,
    55.68163704872131,
    55.74080276489258,
    55.745936155319214,
    55.588154315948486,
    55.54248762130737,
    55.6249463558197,
    55.731584310531616,
    55.64782691001892,
    55.74161458015442,
    55.726823568344116,
    55.68100333213806,
    55.669220209121704,
    55.67263722419739,
    55.55542802810669,
    55.3958158493042,
    55.68451189994812,
    55.44351267814636,
    55.71797800064087,
    55.65525698661804,
    55.46070122718811,
    55.66710352897644,
    55.50985050201416,
    55.69121813774109,
    55.59101152420044,
    55.38970613479614,
    55.39243245124817,
    55.86872100830078,
    55.73686408996582,
    55.64854574203491
  ],
  "total_train_sec": 1790.4824419021606,
  "early_stop": {
    "enabled": true,
    "monitor": "val_loss",
    "best_epoch": 21,
    "best_value": 0.09627968198208905
  }
}