{
  "run_name": "fold_1",
  "train_losses": [
    0.3237048044470234,
    0.2217989267984512,
    0.19706625788164447,
    0.1833651082008361,
    0.16604507789566644,
    0.16066533849056458,
    0.1498313394070443,
    0.14592884695105765,
    0.13514050027414082,
    0.13468809122849745,
    0.12854255584383628,
    0.12279095859464788,
    0.11607620566429196,
    0.11453906828176072,
    0.10982344221055178,
    0.10706455879388532,
    0.10373321851085382,
    0.10015208250886025,
    0.09992934669610698,
    0.09446462609266343,
    0.08746343762260929,
    0.08915817878224548,
    0.08680924477809679,
    0.08180056134318027,
    0.07977173347439266
  ],
  "val_losses": [
    0.2192998954697567,
    0.20330690083039157,
    0.1595076434999047,
    0.16459381281781724,
    0.15546214153223178,
    0.1458322978578508,
    0.1273430473280742,
    0.12864503602716415,
    0.15520944750374732,
    0.1318595707279575,
    0.15281671085668838,
    0.12723407667020664,
    0.1411069944665274,
    0.1225359131280771,
    0.11790113353773075,
    0.1393058194696684,
    0.1399254069512929,
    0.13469273683286326,
    0.13561823811409446,
    0.1319341535871739,
    0.12402319998535163,
    0.15930428831180668,
    0.13209082249223308,
    0.13007054162923903,
    0.14256155155325198
  ],
  "val_accs": [
    0.9497403346797461,
    0.9266012694748991,
    0.9622619734564339,
    0.9635891517599539,
    0.9615118291979227,
    0.9632429313329487,
    0.9590305828043855,
    0.9649163300634738,
    0.9429890363531448,
    0.9597807270628967,
    0.9634160415464512,
    0.966532025389498,
    0.9495095210617427,
    0.9696480092325447,
    0.9680900173110214,
    0.9721869590305828,
    0.9681477207155222,
    0.9650317368724755,
    0.9636468551644547,
    0.9658395845354876,
    0.9671667628390075,
    0.9626081938834391,
    0.9735718407386036,
    0.9726485862665897,
    0.9721869590305828
  ],
  "epoch_times_sec": [
    63.47386074066162,
    55.38669490814209,
    55.29951810836792,
    55.373286962509155,
    55.23235893249512,
    54.891133308410645,
    54.9473717212677,
    55.08642053604126,
    55.182170152664185,
    55.08576679229736,
    54.7768669128418,
    55.053704261779785,
    55.01531791687012,
    54.89798402786255,
    55.0681471824646,
    55.032291412353516,
    55.17203068733215,
    54.95301032066345,
    55.09925675392151,
    55.19796180725098,
    55.250699281692505,
    55.04603552818298,
    55.32966899871826,
    55.33771514892578,
    55.04249715805054
  ],
  "total_train_sec": 1387.0825426578522,
  "early_stop": {
    "enabled": true,
    "monitor": "val_loss",
    "best_epoch": 14,
    "best_value": 0.11790113353773075
  }
}