{
  "run_name": "fold_3",
  "train_losses": [
    0.31725041338289073,
    0.22124265573657154,
    0.19696516169720568,
    0.18230273981549383,
    0.17083465508331652,
    0.16203326481616542,
    0.155587434431266,
    0.14913482327778546,
    0.1398621661116863,
    0.1327531288916765,
    0.12808745384712095,
    0.12183274015398651,
    0.12064680276359406,
    0.11720663904730581,
    0.11366485074410376,
    0.10746230193122863,
    0.10412386498395043,
    0.0984502714041228,
    0.098598180896501,
    0.09516610691492582,
    0.09067213666313732,
    0.09278743924459446,
    0.08545978504186583,
    0.08463367667951227,
    0.07975147177711432,
    0.07991048115927057,
    0.07796287619940895,
    0.0771867537685083,
    0.07388201111827783
  ],
  "val_losses": [
    0.22915474048760884,
    0.21023111302843867,
    0.1610136118662708,
    0.14462487270836444,
    0.13380646126290016,
    0.12627227507148156,
    0.1463150131269632,
    0.15850085173459613,
    0.11887588682036627,
    0.1367218677255818,
    0.12363541045445292,
    0.11113519583801355,
    0.13028113301569486,
    0.11344056166126393,
    0.10565782158964258,
    0.1344725116265609,
    0.13492098828668103,
    0.10641045917017276,
    0.1030619802460184,
    0.11836267309263349,
    0.12469101561616887,
    0.13145888703087727,
    0.10307079350219711,
    0.12064364547704291,
    0.1333463370170006,
    0.11789599317810773,
    0.15284435053849044,
    0.12221679250326227,
    0.1376386639141642
  ],
  "val_accs": [
    0.9349645103583588,
    0.9615673149056495,
    0.9573547232962086,
    0.9533152518898955,
    0.9634716371400542,
    0.9566045357493219,
    0.9630676899994229,
    0.9470252178429223,
    0.9668186277338565,
    0.9617404351087772,
    0.9689537769057649,
    0.970684978937042,
    0.9589128051243581,
    0.973628022390213,
    0.9680304691557505,
    0.9706272722026661,
    0.9386000346240406,
    0.9705695654682901,
    0.9697039644526516,
    0.9693000173120203,
    0.9650297189682036,
    0.9755323446246177,
    0.9740319695308443,
    0.9750129840152346,
    0.9703387385307866,
    0.9710889260776733,
    0.9675111085463673,
    0.9730509550464539,
    0.9703964452651624
  ],
  "epoch_times_sec": [
    65.54905080795288,
    55.61834383010864,
    56.10643720626831,
    55.70988440513611,
    55.87859106063843,
    55.73273301124573,
    55.75739359855652,
    55.67869758605957,
    55.33177065849304,
    55.77474355697632,
    55.306095600128174,
    55.791826009750366,
    55.411444902420044,
    55.22840213775635,
    55.108299016952515,
    55.36746525764465,
    55.62527513504028,
    55.2193238735199,
    55.76713991165161,
    55.3384108543396,
    55.42719054222107,
    55.21812891960144,
    55.89473533630371,
    55.33634400367737,
    56.106996297836304,
    55.77815294265747,
    55.87776231765747,
    55.79657435417175,
    55.5348961353302
  ],
  "total_train_sec": 1623.3135583400726,
  "early_stop": {
    "enabled": true,
    "monitor": "val_loss",
    "best_epoch": 18,
    "best_value": 0.1030619802460184
  }
}