{
  "run_name": "fold_4",
  "train_losses": [
    0.3255428493628881,
    0.22092898216188064,
    0.19852084055019614,
    0.18618203510914183,
    0.16879806636923894,
    0.16586376193656058,
    0.1549784826001156,
    0.1450777856939491,
    0.13927474182078445,
    0.13504525347029214,
    0.126012801855472,
    0.12730996164384809,
    0.11828294572336065,
    0.11508819857154337,
    0.11305924111808514
  ],
  "val_losses": [
    0.18694094908149803,
    0.17299636787570574,
    0.15391127647393765,
    0.14116468020331333,
    0.12432464688797207,
    0.16660032498047633,
    0.12646983469398143,
    0.15187748320236363,
    0.14861840352087335,
    0.1257898390895742,
    0.15444592059151652,
    0.13209673162440166,
    0.12913531710065024,
    0.1408014443449621,
    0.15891400139491238
  ],
  "val_accs": [
    0.9534883720930233,
    0.9621443822494085,
    0.9616827283744013,
    0.9531998384211438,
    0.9592013387962375,
    0.9285590628426338,
    0.9603554734837556,
    0.9710889260776733,
    0.9526227710773847,
    0.9574701367649605,
    0.971204339546425,
    0.9566045357493219,
    0.9716082866870563,
    0.9676265220151191,
    0.9743782099370997
  ],
  "epoch_times_sec": [
    66.02917909622192,
    55.71506452560425,
    55.675482511520386,
    55.871787786483765,
    55.474334478378296,
    55.78429365158081,
    55.853086948394775,
    55.777474880218506,
    55.910083055496216,
    55.831419944763184,
    55.98252201080322,
    55.8962140083313,
    55.715691566467285,
    55.6653892993927,
    55.646414279937744
  ],
  "total_train_sec": 847.3716366291046,
  "early_stop": {
    "enabled": true,
    "monitor": "val_loss",
    "best_epoch": 4,
    "best_value": 0.12432464688797207
  }
}