{
  "data_flag": "octmnist",
  "num_classes": 4,
  "class_names": [
    "choroidal neovascularization",
    "diabetic macular edema",
    "drusen",
    "normal"
  ],
  "is_ensemble": false,
  "metrics": {
    "accuracy": 0.913,
    "balanced_accuracy": 0.9129999999999999,
    "auc": 0.9901026666666667
  },
  "confusion_matrix": [
    [
      247,
      0,
      3,
      0
    ],
    [
      40,
      210,
      0,
      0
    ],
    [
      34,
      0,
      211,
      5
    ],
    [
      2,
      1,
      2,
      245
    ]
  ],
  "counts": {
    "n_samples": 1000
  },
  "timing": {
    "eval_wall_sec": 0.6084439754486084,
    "throughput_img_per_s": 1643.5366941758207,
    "latency_ms_per_img": 0.6084439754486084
  }
}