{
  "run_name": "fold_1",
  "train_losses": [
    1.3110672791106797,
    1.0492478914793621,
    0.9594555919041761,
    0.8916067837500636,
    0.8269756676806436,
    0.7613388686615988,
    0.7003586643570152,
    0.6280258362973294,
    0.565363303345597,
    0.49596395374907587
  ],
  "val_losses": [
    1.0918951294421124,
    1.0049564121073424,
    0.9671418205202542,
    0.9315384338500696,
    0.908529296721754,
    0.9775124317703691,
    1.0300945764524543,
    0.9476191544401183,
    1.1000491840989024,
    1.1146963754388792
  ],
  "val_accs": [
    0.612056714148792,
    0.6603430611098259,
    0.6770003635522358,
    0.6521796609049145,
    0.6787520243249496,
    0.6836765046105033,
    0.6669531017615759,
    0.6720097828601646,
    0.6856264666027696,
    0.6894933403840433
  ],
  "epoch_times_sec": [
    1033.8501510620117,
    1015.5364170074463,
    1014.8780546188354,
    1014.7968049049377,
    1014.7687714099884,
    1014.8720293045044,
    1014.9203505516052,
    1015.3845584392548,
    1016.1876063346863,
    1016.9528405666351
  ],
  "early_stop": {
    "enabled": true,
    "monitor": "val_loss",
    "best_epoch": 4,
    "best_value": 0.908529296721754
  }
}