{
  "run_name": "fold_3",
  "train_losses": [
    1.2448051777475557,
    1.033247740508038,
    0.944135914124514,
    0.8742469761058329,
    0.8128910188410873,
    0.7499224594312766,
    0.6837772112596292,
    0.6176245654870477,
    0.55184017963298
  ],
  "val_losses": [
    1.0643823544355095,
    0.9813865929557338,
    0.9419865910759581,
    0.9170041223879898,
    0.928180293747362,
    0.9493464960331571,
    0.9786296530902537,
    0.990487681927769,
    1.0117321678157776
  ],
  "val_accs": [
    0.5898800277621707,
    0.6389926298046733,
    0.6287801169977195,
    0.6859239184320983,
    0.6890306375384209,
    0.6718114816406121,
    0.6799087814390059,
    0.6968965859140034,
    0.6841392074561259
  ],
  "epoch_times_sec": [
    1036.1074130535126,
    1016.7538061141968,
    1016.3648853302002,
    1016.6262764930725,
    1017.1752119064331,
    1016.76402759552,
    1017.0987436771393,
    1017.197128534317,
    1016.9644229412079
  ],
  "early_stop": {
    "enabled": true,
    "monitor": "val_loss",
    "best_epoch": 3,
    "best_value": 0.9170041223879898
  }
}