{
  "run_name": "fold_4",
  "train_losses": [
    1.269236081542525,
    1.0459421701037601,
    0.9505265588883616,
    0.8849513408200583,
    0.818353726519751,
    0.7542937795944963,
    0.6861322795178155,
    0.6211774184761586,
    0.550576917594922,
    0.48825802140980223
  ],
  "val_losses": [
    1.1142929326536037,
    1.0993132885961165,
    0.9549892788397326,
    1.0125223247226995,
    0.9323957217300713,
    0.9356913451225527,
    0.9558934149194936,
    1.037475864701899,
    1.0686838987452336,
    1.1464181435858365
  ],
  "val_accs": [
    0.5969725013220518,
    0.6077472236911687,
    0.6359399788471708,
    0.6406332628239026,
    0.6912347964040191,
    0.6918958223162348,
    0.6940772078265468,
    0.6935153358011634,
    0.6833355367530407,
    0.6888220518244316
  ],
  "epoch_times_sec": [
    1035.493689775467,
    1015.8642828464508,
    1016.8344216346741,
    1016.4414455890656,
    1017.8713603019714,
    1016.9488446712494,
    1016.6839907169342,
    1017.6998057365417,
    1013.1129562854767,
    1013.1824629306793
  ],
  "early_stop": {
    "enabled": true,
    "monitor": "val_loss",
    "best_epoch": 4,
    "best_value": 0.9323957217300713
  }
}