{
  "run_name": "fold_0",
  "train_losses": [
    1.4010899382138653,
    1.0834298498884039,
    0.9808650948616047,
    0.9110802694239973,
    0.8502490140648941,
    0.7908330526817391,
    0.7264716953468375,
    0.6591372971663683,
    0.595284508284962,
    0.5268091697597997,
    0.46799289692936225
  ],
  "val_losses": [
    1.141153214750584,
    1.0312466548313943,
    1.0005747954465702,
    0.9643615059359798,
    0.9682837007980052,
    0.9510091549462059,
    0.9920590583829826,
    1.0125475642141908,
    1.0875309959384452,
    1.092874739641049,
    1.201385896531416
  ],
  "val_accs": [
    0.5542188584459794,
    0.6191625078494233,
    0.6336715470800145,
    0.6366130151700433,
    0.6959381300194997,
    0.6762402088772846,
    0.6719436824536471,
    0.660838814158707,
    0.6766368113163896,
    0.6711835277786958,
    0.6618303202564696
  ],
  "epoch_times_sec": [
    1034.971682548523,
    1014.7304117679596,
    1014.2513175010681,
    1014.5763144493103,
    1014.8949732780457,
    1015.6983306407928,
    1018.610919713974,
    1016.2091689109802,
    1016.140700340271,
    1016.1581761837006,
    1016.1007347106934
  ],
  "early_stop": {
    "enabled": true,
    "monitor": "val_loss",
    "best_epoch": 5,
    "best_value": 0.9510091549462059
  }
}