{
  "run_name": "fold_2",
  "train_losses": [
    1.448785599567957,
    1.1145035017987295,
    1.0103297997099376,
    0.9399435055044415,
    0.8809918853541148,
    0.8193907229915155,
    0.7605642980806142,
    0.6985267339978102,
    0.6358011838875188,
    0.5741372475699771,
    0.510421505533992
  ],
  "val_losses": [
    1.1663734137501716,
    1.0271047755258824,
    1.0084773760011807,
    0.9649544091916831,
    0.9395027009864894,
    0.9322140844077779,
    0.9360696177636734,
    1.0886045191699871,
    1.07133338237607,
    1.0855972539189906,
    1.2363439107396674
  ],
  "val_accs": [
    0.5857157021515682,
    0.6261691509402783,
    0.6559804342796708,
    0.663086227980302,
    0.6694318670059821,
    0.6590541031827346,
    0.6711504775754371,
    0.6459992728955283,
    0.6528737151733484,
    0.6704894735102621,
    0.6387943285851208
  ],
  "epoch_times_sec": [
    1034.1361863613129,
    1016.8172376155853,
    1016.6633033752441,
    1016.606014251709,
    1017.0610725879669,
    1016.9148242473602,
    1016.8560509681702,
    1017.9416739940643,
    1017.5574991703033,
    1016.9233183860779,
    1016.972934961319
  ],
  "early_stop": {
    "enabled": true,
    "monitor": "val_loss",
    "best_epoch": 5,
    "best_value": 0.9322140844077779
  }
}