{
  "data_flag": "tissuemnist",
  "num_classes": 8,
  "class_names": [
    "Collecting Duct, Connecting Tubule",
    "Distal Convoluted Tubule",
    "Glomerular endothelial cells",
    "Interstitial endothelial cells",
    "Leukocytes",
    "Podocytes",
    "Proximal Tubule Segments",
    "Thick Ascending Limb"
  ],
  "is_ensemble": false,
  "metrics": {
    "accuracy": 0.6899111675126903,
    "balanced_accuracy": 0.654025221392312,
    "auc": 0.9423789560774796
  },
  "confusion_matrix": [
    [
      11370,
      1601,
      25,
      213,
      170,
      229,
      865,
      692
    ],
    [
      497,
      1265,
      21,
      48,
      41,
      38,
      156,
      167
    ],
    [
      17,
      5,
      969,
      96,
      119,
      460,
      4,
      7
    ],
    [
      165,
      73,
      156,
      2912,
      717,
      280,
      56,
      43
    ],
    [
      160,
      86,
      182,
      308,
      2283,
      207,
      77,
      66
    ],
    [
      65,
      21,
      355,
      89,
      120,
      1477,
      30,
      45
    ],
    [
      1089,
      283,
      19,
      268,
      345,
      179,
      8070,
      948
    ],
    [
      890,
      648,
      7,
      89,
      175,
      111,
      838,
      4273
    ]
  ],
  "counts": {
    "n_samples": 47280
  },
  "timing": {
    "eval_wall_sec": 113.9146819114685,
    "throughput_img_per_s": 415.04746540700324,
    "latency_ms_per_img": 2.4093629845911275
  }
}