{
  "data_flag": "tissuemnist",
  "num_classes": 8,
  "class_names": [
    "Collecting Duct, Connecting Tubule",
    "Distal Convoluted Tubule",
    "Glomerular endothelial cells",
    "Interstitial endothelial cells",
    "Leukocytes",
    "Podocytes",
    "Proximal Tubule Segments",
    "Thick Ascending Limb"
  ],
  "is_ensemble": false,
  "metrics": {
    "accuracy": 0.6716370558375635,
    "balanced_accuracy": 0.6664781807706317,
    "auc": 0.9412960032343632
  },
  "confusion_matrix": [
    [
      10110,
      2407,
      43,
      282,
      257,
      167,
      754,
      1145
    ],
    [
      302,
      1454,
      28,
      61,
      56,
      33,
      100,
      199
    ],
    [
      10,
      5,
      1194,
      123,
      117,
      214,
      4,
      10
    ],
    [
      100,
      47,
      237,
      3106,
      549,
      199,
      95,
      69
    ],
    [
      92,
      60,
      207,
      453,
      2241,
      147,
      94,
      75
    ],
    [
      65,
      15,
      600,
      102,
      108,
      1230,
      35,
      47
    ],
    [
      747,
      558,
      32,
      301,
      253,
      235,
      7437,
      1638
    ],
    [
      523,
      644,
      15,
      109,
      169,
      136,
      452,
      4983
    ]
  ],
  "counts": {
    "n_samples": 47280
  },
  "timing": {
    "eval_wall_sec": 114.5921094417572,
    "throughput_img_per_s": 412.5938533667593,
    "latency_ms_per_img": 2.42369097804055
  }
}