{
  "run_name": "fold_0",
  "train_losses": [
    1.2096097544387534,
    1.032379300001437,
    0.9398261825243632,
    0.8498515175133156,
    0.745003948672108,
    0.5945021448942719,
    0.42714887262967527,
    0.29277913000375505,
    0.21002529026970032,
    0.17825251418367896,
    0.1386312022213898,
    0.12641880519234788,
    0.09629186146237233,
    0.10167678965048657
  ],
  "val_losses": [
    1.180423669422729,
    1.2150750987640413,
    1.2648837963740032,
    1.0168578179576728,
    1.1534844636917114,
    1.2680554505641954,
    1.8182339929830174,
    1.6513392864903318,
    2.2898840456572263,
    2.025083651019551,
    2.2388166561408385,
    2.205434945565236,
    2.3648524425200774,
    2.487370013687681
  ],
  "val_accs": [
    0.644578114155402,
    0.6019103017483558,
    0.572528671051327,
    0.6345639025680008,
    0.6604091615163433,
    0.6605413623293783,
    0.6077601877251545,
    0.6404468387480583,
    0.6255081468751033,
    0.6540635224906634,
    0.6457348712694583,
    0.6872128763591896,
    0.6608057639554483,
    0.6690352645668771
  ],
  "epoch_times_sec": [
    122.13347125053406,
    95.66334891319275,
    96.4318106174469,
    96.24706292152405,
    96.21556997299194,
    95.52244734764099,
    95.26908302307129,
    95.10411143302917,
    95.36211776733398,
    95.01617741584778,
    94.96118426322937,
    94.75192737579346,
    95.10025000572205,
    95.46468710899353
  ],
  "total_train_sec": 1367.1939816474915,
  "early_stop": {
    "enabled": true,
    "monitor": "val_loss",
    "best_epoch": 3,
    "best_value": 1.0168578179576728
  }
}