{
  "run_name": "fold_4",
  "train_losses": [
    1.213844905391572,
    1.0297272723818582,
    0.9319021733349593,
    0.8406585073344922,
    0.7281727897742438,
    0.5778867291079627,
    0.4069251762180732,
    0.27581555759780624,
    0.20961485980522065,
    0.16612549994594206,
    0.12587035920806033,
    0.12789994512522032,
    0.09945960153465865,
    0.09396677238462621
  ],
  "val_losses": [
    1.2629761067120837,
    1.1182720034937315,
    1.4271303480687523,
    1.0774560321735431,
    1.4503124663095435,
    1.263051477917136,
    1.4976277293535225,
    1.6504360128052626,
    1.930608447090986,
    2.1239903274970717,
    2.7077140868464604,
    2.4398329408862924,
    2.4662578427841897,
    2.36757323661434
  ],
  "val_accs": [
    0.5596245372818615,
    0.628900052882073,
    0.5909902168164992,
    0.6238432046536224,
    0.6247686409307245,
    0.6517715494447383,
    0.6530274986779482,
    0.6549444738233738,
    0.6682310946589106,
    0.6604640401903754,
    0.6172990481226864,
    0.619711792702274,
    0.6314450026441036,
    0.6486977789529349
  ],
  "epoch_times_sec": [
    117.29462742805481,
    94.92671728134155,
    95.09596014022827,
    95.20049977302551,
    95.07201361656189,
    95.28607177734375,
    94.99048924446106,
    95.16351675987244,
    94.63103699684143,
    96.40607237815857,
    94.92636322975159,
    94.83968997001648,
    95.13013744354248,
    95.09043717384338
  ],
  "total_train_sec": 1354.4799489974976,
  "early_stop": {
    "enabled": true,
    "monitor": "val_loss",
    "best_epoch": 3,
    "best_value": 1.0774560321735431
  }
}