{
  "run_name": "fold_1",
  "train_losses": [
    1.2114813558639042,
    1.029650870328227,
    0.9415373388421598,
    0.8466520238174964,
    0.7296255824427126,
    0.5784561825177026,
    0.40148067674624227,
    0.2807274807461355,
    0.2028714721007322,
    0.1661818357292937,
    0.13821674920815638,
    0.11961439550711364,
    0.10252196603508854,
    0.09427471338283448
  ],
  "val_losses": [
    1.1941222613873863,
    1.1499159207826928,
    1.100766246328877,
    1.0319510469456765,
    1.1819629553501112,
    1.2095086614793866,
    1.3901307004413523,
    1.8057053738002535,
    1.936814287040807,
    2.0884048350249667,
    2.3198025050545543,
    2.682670400615483,
    2.585195571561403,
    2.486474625671966
  ],
  "val_accs": [
    0.6153947846779257,
    0.5601017946260369,
    0.6060746273589582,
    0.6367452159830783,
    0.6391909310242258,
    0.6408103909839046,
    0.660706613345672,
    0.6108338566282182,
    0.6669861519648346,
    0.6818256932280133,
    0.6482136365138645,
    0.6515186568397395,
    0.6519813596853621,
    0.6581286974914896
  ],
  "epoch_times_sec": [
    116.41435766220093,
    95.04948472976685,
    94.78041529655457,
    94.77822303771973,
    94.66989254951477,
    94.71364974975586,
    94.76828813552856,
    94.72754096984863,
    94.9432909488678,
    94.82414293289185,
    94.8188374042511,
    94.86036562919617,
    94.59836649894714,
    94.90837574005127
  ],
  "total_train_sec": 1349.2560317516327,
  "early_stop": {
    "enabled": true,
    "monitor": "val_loss",
    "best_epoch": 3,
    "best_value": 1.0319510469456765
  }
}