{
  "run_name": "fold_2",
  "train_losses": [
    1.214670692675959,
    1.030861194550045,
    0.9326305224781944,
    0.8432344039911946,
    0.7282259508415505,
    0.5700268828364277,
    0.3957204957645406,
    0.2814045880206678,
    0.20555381480821225,
    0.16543620453073235,
    0.13692368856143383,
    0.11776368383653264,
    0.10350300862044884,
    0.09248988045448506
  ],
  "val_losses": [
    1.6584167173643152,
    1.313335668185592,
    1.0851589219982614,
    1.0072637773767303,
    1.1416012461175395,
    1.1943740628439665,
    2.0794144964419337,
    2.7388734073075565,
    1.8873457835696417,
    2.2513672445393818,
    2.1716649793874363,
    2.2404754020996736,
    2.292353446473552,
    2.5944791700266583
  ],
  "val_accs": [
    0.37753247182470173,
    0.5303235614899031,
    0.6291767194368245,
    0.6477839838715008,
    0.6327461413887695,
    0.639554483260072,
    0.587202961298212,
    0.5451300525498232,
    0.6263344019565721,
    0.6574676934263146,
    0.6724394355025284,
    0.6737283934296195,
    0.6474204316356545,
    0.6698284694450871
  ],
  "epoch_times_sec": [
    116.44921946525574,
    94.68266606330872,
    94.59603905677795,
    94.7601056098938,
    95.35273623466492,
    94.6742172241211,
    94.72204494476318,
    94.70408487319946,
    94.98391437530518,
    94.92943596839905,
    95.16998243331909,
    94.95400190353394,
    95.0306134223938,
    94.85132384300232
  ],
  "total_train_sec": 1350.327393770218,
  "early_stop": {
    "enabled": true,
    "monitor": "val_loss",
    "best_epoch": 3,
    "best_value": 1.0072637773767303
  }
}