{
  "run_name": "fold_3",
  "train_losses": [
    1.2069675466370962,
    1.0235317015774035,
    0.9298783787343868,
    0.836463895676628,
    0.7229577645107552,
    0.5687281817040115,
    0.40335303779947695,
    0.2801901275597552,
    0.20704068157565655,
    0.16715995506555945,
    0.13754758180055038,
    0.11706341353082468,
    0.0978809980153249
  ],
  "val_losses": [
    1.252736082308403,
    1.270513066511114,
    1.1005907478714794,
    1.2321458494109947,
    1.130607062251256,
    1.3361266456575835,
    1.6646153127090841,
    1.8743273681226158,
    1.9486404400837571,
    2.1525388644214423,
    2.2752656901436015,
    2.315446482177525,
    2.4438016100271844
  ],
  "val_accs": [
    0.5963578676008857,
    0.5329675777506032,
    0.5835343887364908,
    0.600819645040817,
    0.6784876226988796,
    0.6683412102984433,
    0.5833030373136795,
    0.6362164127309383,
    0.662821826354232,
    0.6674819050137158,
    0.6520805102951384,
    0.6496347952539908,
    0.633605446673497
  ],
  "epoch_times_sec": [
    116.81439208984375,
    94.93570351600647,
    95.0303704738617,
    95.01339340209961,
    95.15523862838745,
    94.97611808776855,
    94.90478420257568,
    94.73567056655884,
    96.35300159454346,
    94.81542634963989,
    94.86969518661499,
    95.1321074962616,
    95.12452268600464
  ],
  "total_train_sec": 1258.2214932441711,
  "early_stop": {
    "enabled": true,
    "monitor": "val_loss",
    "best_epoch": 2,
    "best_value": 1.1005907478714794
  }
}