{
  "data_flag": "tissuemnist",
  "num_classes": 8,
  "class_names": [
    "Collecting Duct, Connecting Tubule",
    "Distal Convoluted Tubule",
    "Glomerular endothelial cells",
    "Interstitial endothelial cells",
    "Leukocytes",
    "Podocytes",
    "Proximal Tubule Segments",
    "Thick Ascending Limb"
  ],
  "is_ensemble": false,
  "metrics": {
    "accuracy": 0.6211505922165821,
    "balanced_accuracy": 0.6083100108229293,
    "auc": 0.9245378583394945
  },
  "confusion_matrix": [
    [
      10306,
      2231,
      144,
      146,
      530,
      376,
      881,
      551
    ],
    [
      406,
      1348,
      38,
      26,
      100,
      64,
      122,
      129
    ],
    [
      3,
      1,
      1267,
      45,
      181,
      173,
      3,
      4
    ],
    [
      108,
      60,
      542,
      2072,
      1205,
      340,
      40,
      35
    ],
    [
      101,
      55,
      298,
      192,
      2491,
      144,
      61,
      27
    ],
    [
      47,
      15,
      792,
      56,
      223,
      1027,
      27,
      15
    ],
    [
      962,
      692,
      78,
      182,
      615,
      423,
      7421,
      828
    ],
    [
      1066,
      1005,
      60,
      63,
      301,
      248,
      852,
      3436
    ]
  ],
  "counts": {
    "n_samples": 47280
  },
  "timing": {
    "eval_wall_sec": 15.32273554801941,
    "throughput_img_per_s": 3085.610911434893,
    "latency_ms_per_img": 0.32408493121868465
  }
}