{
  "data_flag": "tissuemnist",
  "num_classes": 8,
  "class_names": [
    "Collecting Duct, Connecting Tubule",
    "Distal Convoluted Tubule",
    "Glomerular endothelial cells",
    "Interstitial endothelial cells",
    "Leukocytes",
    "Podocytes",
    "Proximal Tubule Segments",
    "Thick Ascending Limb"
  ],
  "is_ensemble": false,
  "metrics": {
    "accuracy": 0.5815566835871404,
    "balanced_accuracy": 0.5872998402962184,
    "auc": 0.9216750750564573
  },
  "confusion_matrix": [
    [
      8202,
      4548,
      18,
      324,
      258,
      230,
      788,
      797
    ],
    [
      248,
      1560,
      11,
      48,
      58,
      48,
      137,
      123
    ],
    [
      16,
      10,
      600,
      163,
      199,
      659,
      0,
      30
    ],
    [
      103,
      121,
      103,
      2802,
      786,
      373,
      25,
      89
    ],
    [
      93,
      151,
      122,
      422,
      2100,
      363,
      50,
      68
    ],
    [
      71,
      29,
      200,
      182,
      150,
      1506,
      11,
      53
    ],
    [
      966,
      1179,
      6,
      311,
      395,
      515,
      6953,
      876
    ],
    [
      591,
      1408,
      6,
      114,
      177,
      279,
      683,
      3773
    ]
  ],
  "counts": {
    "n_samples": 47280
  },
  "timing": {
    "eval_wall_sec": 14.512431621551514,
    "throughput_img_per_s": 3257.896487159836,
    "latency_ms_per_img": 0.3069465232984669
  }
}