{
  "run_name": "fold_2",
  "train_losses": [
    1.2541672925469736,
    1.0816933322205116,
    0.998499288508501,
    0.9362601413928643,
    0.8683988055854878,
    0.7906439474650792,
    0.6932136770594057,
    0.587141101921677,
    0.48206680938995705,
    0.3889758998124057,
    0.3212693470811087,
    0.27721810720111956,
    0.23731138354571407,
    0.2160365323777552,
    0.1903603861808146,
    0.16881990963346744
  ],
  "val_losses": [
    1.1689870747332836,
    2.0063074897613205,
    1.3336490935917142,
    1.1165570231932629,
    1.170019471444158,
    1.0261400955638804,
    1.0913285766472796,
    1.2349784047291752,
    1.3835192727640209,
    1.3767215825837373,
    2.092469192255398,
    1.6057802722926884,
    1.9910255781205897,
    1.8265849505295733,
    2.4009178544901593,
    1.9515000803058158
  ],
  "val_accs": [
    0.5350166903526457,
    0.3722774895065605,
    0.5601678950325545,
    0.5873682123145058,
    0.6163201903691707,
    0.6731995901774795,
    0.6646065373302046,
    0.6552863800112371,
    0.6701920216809334,
    0.6723402848927521,
    0.602670456423307,
    0.6821561952606009,
    0.6499983474898371,
    0.6546584261493208,
    0.5895164755263245,
    0.659649006841392
  ],
  "epoch_times_sec": [
    111.76613783836365,
    96.42154717445374,
    96.0786817073822,
    96.46604371070862,
    97.87085485458374,
    97.9916524887085,
    98.24793601036072,
    96.58376574516296,
    96.60003447532654,
    96.46270632743835,
    96.55194163322449,
    96.41734075546265,
    96.3796534538269,
    96.83519458770752,
    96.21531009674072,
    96.72269177436829
  ],
  "total_train_sec": 1564.1253080368042,
  "early_stop": {
    "enabled": true,
    "monitor": "val_loss",
    "best_epoch": 5,
    "best_value": 1.0261400955638804
  }
}