{
  "run_name": "fold_0",
  "train_losses": [
    1.2612791210886032,
    1.0832705988455071,
    1.0042631177044419,
    0.9410158461363858,
    0.8763816104994879,
    0.801720688614265,
    0.7114480437425078,
    0.6059371005605768,
    0.49601763783308567,
    0.4031607113660328,
    0.33206608969540824,
    0.2901500202124081,
    0.2453034903006579,
    0.21735024439594733
  ],
  "val_losses": [
    1.371644055038565,
    1.178433244992912,
    1.3236643473307292,
    0.997068063870764,
    1.3397242218130248,
    1.353334448760069,
    1.2219026350270847,
    1.3091455645199064,
    1.2504849489228131,
    1.5608109509894617,
    1.5211376102664802,
    1.7317283654011755,
    2.0066227767034923,
    2.1608786567856995
  ],
  "val_accs": [
    0.607826288131672,
    0.6000594903658657,
    0.5620517566183032,
    0.6525762633440195,
    0.5817496777605182,
    0.5752718379218033,
    0.6558812836698946,
    0.662425223915127,
    0.6635158806226659,
    0.6518161086690684,
    0.6701920216809334,
    0.6756783554218858,
    0.6770664639587534,
    0.6649039891595333
  ],
  "epoch_times_sec": [
    111.61926913261414,
    95.8082389831543,
    95.5061662197113,
    95.53939914703369,
    95.63342690467834,
    97.06889390945435,
    95.77860951423645,
    95.44833755493164,
    95.87812399864197,
    95.8251359462738,
    95.83066296577454,
    95.63520312309265,
    95.68606066703796,
    95.55129981040955
  ],
  "total_train_sec": 1357.2021090984344,
  "early_stop": {
    "enabled": true,
    "monitor": "val_loss",
    "best_epoch": 3,
    "best_value": 0.997068063870764
  }
}