{
  "run_name": "fold_4",
  "train_losses": [
    1.260796220529647,
    1.0854796448712627,
    0.9986944623725124,
    0.931863845403863,
    0.8651886823946837,
    0.7868855784179042,
    0.6946762344824574,
    0.5803055315106004,
    0.4689248879119833,
    0.3803958777397398,
    0.3200583390300236,
    0.27333984609949524,
    0.22975302984317145,
    0.20493402285550638
  ],
  "val_losses": [
    2.7604819259563076,
    1.2431591145599945,
    1.536591473008007,
    1.109346357075977,
    1.3472472039456105,
    1.6968478100209297,
    1.3406349777672362,
    1.5071214605987324,
    1.3311887541903724,
    2.2018480532280003,
    2.2498862330923606,
    1.6680020531521569,
    1.9075414566048088,
    1.962331087025912
  ],
  "val_accs": [
    0.4272871496562665,
    0.5977326811210999,
    0.5414132734003173,
    0.6009386567953464,
    0.5826612903225806,
    0.5037678476996298,
    0.6052353252247488,
    0.6162414066631412,
    0.6678675304071919,
    0.5618059227921735,
    0.5736382866208355,
    0.6892847699629826,
    0.6482020095187732,
    0.6749405076679006
  ],
  "epoch_times_sec": [
    112.49639081954956,
    95.79080843925476,
    96.88366985321045,
    96.2303638458252,
    95.8446946144104,
    95.59930562973022,
    95.54758429527283,
    95.41521644592285,
    95.83144617080688,
    95.65847444534302,
    95.57844805717468,
    95.62577962875366,
    95.89742183685303,
    96.71439504623413
  ],
  "total_train_sec": 1359.6334733963013,
  "early_stop": {
    "enabled": true,
    "monitor": "val_loss",
    "best_epoch": 3,
    "best_value": 1.109346357075977
  }
}