{
  "run_name": "fold_3",
  "train_losses": [
    1.2481025024696633,
    1.075304753881283,
    0.9908422516136574,
    0.9242571167844944,
    0.8601355884440992,
    0.7793768135328142,
    0.6828855544486374,
    0.5759709264235522,
    0.46815424589883714,
    0.3766128614466026,
    0.3153006261303311,
    0.26644354662882586,
    0.23240923898087607,
    0.20451450082202438
  ],
  "val_losses": [
    1.2387363691873188,
    1.2265336543698855,
    1.2396992487746452,
    1.0579470770771493,
    1.1179193182836604,
    1.2909343614859923,
    1.165747346505837,
    1.504370701715413,
    1.2753214934204198,
    1.5347341937857841,
    1.5880927307696282,
    1.7166531573871018,
    1.7720452182403597,
    2.0440673742616227
  ],
  "val_accs": [
    0.5706448094655782,
    0.6043560167895032,
    0.5383547608817795,
    0.6516508576527745,
    0.6571041411904683,
    0.5976798757312357,
    0.6320851373235945,
    0.6197574115080807,
    0.6721089334699408,
    0.637042667812407,
    0.6543609743199921,
    0.6866179727005322,
    0.6628879267607496,
    0.610470304392372
  ],
  "epoch_times_sec": [
    113.25737142562866,
    97.20708799362183,
    97.39977526664734,
    97.6471300125122,
    97.90078401565552,
    97.71425032615662,
    97.33887720108032,
    95.97867512702942,
    96.10848712921143,
    95.88978934288025,
    95.63208484649658,
    95.88339424133301,
    95.98276829719543,
    96.0197982788086
  ],
  "total_train_sec": 1370.4317998886108,
  "early_stop": {
    "enabled": true,
    "monitor": "val_loss",
    "best_epoch": 3,
    "best_value": 1.0579470770771493
  }
}