{
  "run_name": "fold_1",
  "train_losses": [
    1.2599971959830591,
    1.084627630218627,
    1.0047756176776987,
    0.9335942182591352,
    0.8641674886935602,
    0.7889161107716737,
    0.6951962931446297,
    0.5841537775816741,
    0.4701357355981908,
    0.38274810834536477,
    0.3192229584726707,
    0.26765582029308593,
    0.22854172574779974,
    0.21333509679666904
  ],
  "val_losses": [
    1.2930715433655913,
    1.1835348055332522,
    1.1291036042483045,
    0.9711437776118894,
    1.0917942483716876,
    1.103026373728418,
    1.0619251300513997,
    1.1175826063639,
    1.4029719822014435,
    1.6605603710005554,
    1.542313120284664,
    1.6663539630954276,
    1.8876734667689488,
    1.9642926929872246
  ],
  "val_accs": [
    0.5716693657665994,
    0.5706448094655782,
    0.5831047360941269,
    0.6622599728988333,
    0.6465941765541858,
    0.6202201143537033,
    0.660838814158707,
    0.6844036090821959,
    0.6576329444426083,
    0.6545592755395445,
    0.6773308655848234,
    0.6755792048121096,
    0.6802723336748521,
    0.6641107842813233
  ],
  "epoch_times_sec": [
    110.58955693244934,
    95.81919503211975,
    95.47208309173584,
    95.25143313407898,
    96.2278618812561,
    95.44907236099243,
    95.67381000518799,
    95.50030136108398,
    95.46960830688477,
    96.0426995754242,
    95.54767680168152,
    95.79635167121887,
    96.04081273078918,
    97.1988935470581
  ],
  "total_train_sec": 1356.9992408752441,
  "early_stop": {
    "enabled": true,
    "monitor": "val_loss",
    "best_epoch": 3,
    "best_value": 0.9711437776118894
  }
}