{
  "data_flag": "tissuemnist",
  "num_classes": 8,
  "class_names": [
    "Collecting Duct, Connecting Tubule",
    "Distal Convoluted Tubule",
    "Glomerular endothelial cells",
    "Interstitial endothelial cells",
    "Leukocytes",
    "Podocytes",
    "Proximal Tubule Segments",
    "Thick Ascending Limb"
  ],
  "is_ensemble": false,
  "metrics": {
    "accuracy": 0.6015016920473774,
    "balanced_accuracy": 0.5988944937920355,
    "auc": 0.9220742120018979
  },
  "confusion_matrix": [
    [
      10139,
      2353,
      155,
      245,
      874,
      330,
      665,
      404
    ],
    [
      396,
      1408,
      45,
      39,
      131,
      48,
      98,
      68
    ],
    [
      1,
      3,
      1242,
      53,
      279,
      99,
      0,
      0
    ],
    [
      68,
      43,
      426,
      2315,
      1326,
      186,
      18,
      20
    ],
    [
      61,
      56,
      202,
      212,
      2699,
      85,
      40,
      14
    ],
    [
      39,
      13,
      871,
      74,
      370,
      815,
      8,
      12
    ],
    [
      1287,
      939,
      52,
      249,
      857,
      374,
      6469,
      974
    ],
    [
      1326,
      1135,
      58,
      92,
      467,
      251,
      350,
      3352
    ]
  ],
  "counts": {
    "n_samples": 47280
  },
  "timing": {
    "eval_wall_sec": 14.21267819404602,
    "throughput_img_per_s": 3326.6073680473924,
    "latency_ms_per_img": 0.30060656078777537
  }
}