{
  "data_flag": "tissuemnist",
  "num_classes": 8,
  "class_names": [
    "Collecting Duct, Connecting Tubule",
    "Distal Convoluted Tubule",
    "Glomerular endothelial cells",
    "Interstitial endothelial cells",
    "Leukocytes",
    "Podocytes",
    "Proximal Tubule Segments",
    "Thick Ascending Limb"
  ],
  "is_ensemble": false,
  "metrics": {
    "accuracy": 0.653743654822335,
    "balanced_accuracy": 0.6370372984074734,
    "auc": 0.9334701012129508
  },
  "confusion_matrix": [
    [
      10982,
      1815,
      83,
      274,
      372,
      295,
      612,
      732
    ],
    [
      454,
      1302,
      41,
      50,
      76,
      59,
      87,
      164
    ],
    [
      10,
      1,
      1277,
      47,
      125,
      213,
      0,
      4
    ],
    [
      102,
      33,
      560,
      2479,
      891,
      289,
      15,
      33
    ],
    [
      97,
      52,
      338,
      298,
      2317,
      181,
      54,
      32
    ],
    [
      50,
      12,
      754,
      73,
      151,
      1129,
      9,
      24
    ],
    [
      1088,
      572,
      65,
      445,
      513,
      368,
      6812,
      1338
    ],
    [
      847,
      500,
      42,
      132,
      273,
      212,
      414,
      4611
    ]
  ],
  "counts": {
    "n_samples": 47280
  },
  "timing": {
    "eval_wall_sec": 14.653316259384155,
    "throughput_img_per_s": 3226.5733683132194,
    "latency_ms_per_img": 0.30992631682284594
  }
}