{
  "run_name": "fold_3",
  "train_losses": [
    0.17455717896332734,
    0.060813883085831945,
    0.04590788935817413,
    0.09494316663366065,
    0.04261336453356908,
    0.030991076034457027,
    0.02658759554227193,
    0.02782137011007596,
    0.03311596650590179,
    0.022684414380340166,
    0.02013968176952827,
    0.017678275673228494,
    0.024067764627783955
  ],
  "val_losses": [
    0.049428791450859544,
    0.06372313019168634,
    0.04348351779808886,
    0.051373288996758,
    0.06502922086029568,
    0.04932962604180833,
    0.04853559468106201,
    0.04620980493181353,
    0.043814577572848845,
    0.04836554275803366,
    0.048461001401983,
    0.050901510155222325,
    0.07418897354545843
  ],
  "val_accs": [
    0.961768219832736,
    0.9342891278375149,
    0.961768219832736,
    0.9629629629629629,
    0.94026284348865,
    0.961768219832736,
    0.966547192353644,
    0.974910394265233,
    0.967741935483871,
    0.961768219832736,
    0.9689366786140979,
    0.96415770609319,
    0.94026284348865
  ],
  "epoch_times_sec": [
    30.36371660232544,
    28.91711139678955,
    28.989062547683716,
    28.89817476272583,
    28.922790050506592,
    28.901615858078003,
    28.927278995513916,
    28.830326795578003,
    29.20353937149048,
    29.15016746520996,
    29.007830381393433,
    29.3240704536438,
    28.85443115234375
  ],
  "early_stop": {
    "enabled": true,
    "monitor": "val_loss",
    "best_epoch": 2,
    "best_value": 0.04348351779808886
  }
}