{
  "run_name": "fold_0",
  "train_losses": [
    0.18822153181442935,
    0.062120320264299,
    0.05985913574339526,
    0.042539512812023096,
    0.04337529519410401,
    0.034600026326937205,
    0.036724010035128575,
    0.03101797891489209,
    0.04075312087470343,
    0.021705943694963536,
    0.025210022908527505,
    0.019025030226547942,
    0.017784328158753464,
    0.026496105020689994,
    0.014901911361385559,
    0.016923208911252277,
    0.02261973642427007,
    0.013724582774949616,
    0.009641406138559966,
    0.02503729127614515,
    0.028975104683901104,
    0.010276534856077876,
    0.01707857593965217,
    0.012637597187160734,
    0.0136323354964722,
    0.012105853949966112,
    0.016877759831068477,
    0.013671532722819806,
    0.011425677023765719,
    0.010167252279043625,
    0.01201414842973046
  ],
  "val_losses": [
    0.19151562487922405,
    0.05236182685856893,
    0.0700158937928782,
    0.03253370837231691,
    0.11451980791175949,
    0.037755774812530306,
    0.04258123832880525,
    0.09038970270500103,
    0.028927163313295395,
    0.028239563283295757,
    0.028142759050136898,
    0.034184334028552296,
    0.043557611586728544,
    0.03142529856880933,
    0.049777189770372966,
    0.037870476304986286,
    0.02714424805766864,
    0.03230000082559198,
    0.039334213174211936,
    0.06325625577494234,
    0.019377970916698625,
    0.03345447644733756,
    0.042229561386641065,
    0.04176483661149992,
    0.027366303838789463,
    0.03384496713905031,
    0.02655713427300023,
    0.024399101723034465,
    0.04324289483408774,
    0.029965775387902415,
    0.027991301218757637
  ],
  "val_accs": [
    0.7885304659498208,
    0.946236559139785,
    0.929510155316607,
    0.9713261648745519,
    0.9068100358422939,
    0.96415770609319,
    0.96415770609319,
    0.9330943847072879,
    0.9713261648745519,
    0.986857825567503,
    0.978494623655914,
    0.9796893667861409,
    0.9629629629629629,
    0.9713261648745519,
    0.956989247311828,
    0.967741935483871,
    0.973715651135006,
    0.9796893667861409,
    0.985663082437276,
    0.945041816009558,
    0.986857825567503,
    0.984468339307049,
    0.9605734767025089,
    0.9713261648745519,
    0.980884109916368,
    0.983273596176822,
    0.977299880525687,
    0.98805256869773,
    0.967741935483871,
    0.985663082437276,
    0.978494623655914
  ],
  "epoch_times_sec": [
    29.99736452102661,
    28.411073684692383,
    28.704026699066162,
    28.695797204971313,
    28.995538473129272,
    28.871286392211914,
    28.820948362350464,
    28.948755502700806,
    29.10937762260437,
    29.092750549316406,
    28.978445529937744,
    29.03419589996338,
    28.96917414665222,
    28.899988651275635,
    28.995120763778687,
    29.030795574188232,
    29.083467721939087,
    29.174022912979126,
    28.85630512237549,
    29.03872013092041,
    28.91103434562683,
    28.881112813949585,
    29.14793562889099,
    29.138885974884033,
    28.92618227005005,
    29.027186393737793,
    28.889674425125122,
    28.985749006271362,
    29.02483868598938,
    28.822361946105957,
    28.931126356124878
  ],
  "early_stop": {
    "enabled": true,
    "monitor": "val_loss",
    "best_epoch": 20,
    "best_value": 0.019377970916698625
  }
}