{
  "run_name": "fold_1",
  "train_losses": [
    0.19667468276075137,
    0.0719447923532666,
    0.05444673455032112,
    0.06356574885164396,
    0.04184780952608571,
    0.04612571282341204,
    0.032571222833407826,
    0.03558636103337241,
    0.036835522420944705,
    0.025750092957324593,
    0.019474292741454204,
    0.01869790900494178,
    0.018420137990190422,
    0.017288302684485415,
    0.02047262688833895,
    0.020424208564855148,
    0.01654852634760926,
    0.02192646945996951,
    0.017233264675918018,
    0.018015885580967547,
    0.01134705229294058,
    0.020139731569137766,
    0.01328656046452132,
    0.012907183630082628,
    0.016335985695625006,
    0.02256467824483573,
    0.007917056817076254,
    0.011975159078587198,
    0.007562538526569501,
    0.0117850889793398,
    0.008544191542296284,
    0.009626659254233042
  ],
  "val_losses": [
    0.0888205695910693,
    0.12954998326130665,
    0.04208067571354881,
    0.047874119359746205,
    0.08011920102109761,
    0.08051422981627668,
    0.07097058532272188,
    0.05973190258801197,
    0.02817787204200364,
    0.026456571688147856,
    0.03286493841109168,
    0.0371438405045899,
    0.03586092828956556,
    0.0446418244235903,
    0.024571249081242467,
    0.026361717164890313,
    0.0308496543921735,
    0.022798330735597703,
    0.01918372850121848,
    0.02265802184687293,
    0.021570679921937244,
    0.0173236867891382,
    0.025827425221602123,
    0.027430441715668892,
    0.04302067050138397,
    0.016359223673741024,
    0.018531464645583428,
    0.019605261688715955,
    0.022653480148301187,
    0.022148051120011468,
    0.021867224256471335,
    0.027384904766257233
  ],
  "val_accs": [
    0.8984468339307049,
    0.8829151732377539,
    0.9581839904420549,
    0.945041816009558,
    0.9127837514934289,
    0.9139784946236559,
    0.9414575866188769,
    0.94026284348865,
    0.973715651135006,
    0.985663082437276,
    0.972520908004779,
    0.967741935483871,
    0.967741935483871,
    0.9629629629629629,
    0.984468339307049,
    0.973715651135006,
    0.974910394265233,
    0.985663082437276,
    0.991636798088411,
    0.982078853046595,
    0.986857825567503,
    0.9904420549581839,
    0.985663082437276,
    0.984468339307049,
    0.96415770609319,
    0.98805256869773,
    0.9904420549581839,
    0.986857825567503,
    0.985663082437276,
    0.985663082437276,
    0.985663082437276,
    0.980884109916368
  ],
  "epoch_times_sec": [
    30.12150239944458,
    28.74957251548767,
    29.15476083755493,
    28.889798879623413,
    28.966968297958374,
    28.966753482818604,
    28.97499418258667,
    28.909624814987183,
    28.99533200263977,
    29.01722502708435,
    29.254109621047974,
    29.08297634124756,
    29.021199703216553,
    29.023824453353882,
    28.90827965736389,
    29.18521213531494,
    29.01910638809204,
    28.951529264450073,
    29.1815505027771,
    29.268594980239868,
    29.14867067337036,
    28.950170278549194,
    29.123133182525635,
    28.96636724472046,
    28.881121158599854,
    28.92851233482361,
    28.827288150787354,
    28.897461652755737,
    28.910661458969116,
    29.041619062423706,
    28.994125366210938,
    29.32359218597412
  ],
  "early_stop": {
    "enabled": true,
    "monitor": "val_loss",
    "best_epoch": 21,
    "best_value": 0.0173236867891382
  }
}