{
  "run_name": "fold_2",
  "train_losses": [
    0.1838209164755034,
    0.06983048713620275,
    0.05809686367657022,
    0.04452844752775441,
    0.028710114485901318,
    0.044487919876509956,
    0.033166826839515384,
    0.02490856472665406,
    0.023675324357467456,
    0.029554055841236843,
    0.030259992095019797,
    0.020420798139475296,
    0.01602508393845108,
    0.01996356708174538
  ],
  "val_losses": [
    0.0675756835524469,
    0.06654797894980317,
    0.046718182191341724,
    0.0362059762846042,
    0.03538214745113499,
    0.053266178411537315,
    0.04714318989746032,
    0.04577672010645929,
    0.060674419686678915,
    0.05367277915118843,
    0.08365846846337244,
    0.043919272088805125,
    0.04464805565925767,
    0.04691100302135645
  ],
  "val_accs": [
    0.9605734767025089,
    0.9330943847072879,
    0.9522102747909199,
    0.970131421744325,
    0.9713261648745519,
    0.9474313022700119,
    0.9581839904420549,
    0.966547192353644,
    0.973715651135006,
    0.953405017921147,
    0.9283154121863799,
    0.9796893667861409,
    0.97610513739546,
    0.9629629629629629
  ],
  "epoch_times_sec": [
    30.363816261291504,
    28.906685829162598,
    28.93024730682373,
    28.9948410987854,
    28.903652906417847,
    28.78035306930542,
    29.04831051826477,
    28.88997745513916,
    29.009413719177246,
    28.92672634124756,
    28.940791606903076,
    29.007166862487793,
    28.910778522491455,
    28.901510000228882
  ],
  "early_stop": {
    "enabled": true,
    "monitor": "val_loss",
    "best_epoch": 3,
    "best_value": 0.0362059762846042
  }
}