{
  "run_name": "fold_4",
  "train_losses": [
    0.20539220231123437,
    0.07436785283481775,
    0.05892964147182633,
    0.0470882464053383,
    0.03717571632266757,
    0.04034899273083913,
    0.03856311985953592,
    0.021583672234590477,
    0.03161946711716829,
    0.0202800013934982,
    0.03507197659858809,
    0.0201855542732396,
    0.016896015734121365,
    0.021162872842491885,
    0.01597407332030676,
    0.01889092231273936,
    0.015013852751988521,
    0.02638757948094941,
    0.014949899927903246,
    0.01720871306786685,
    0.015832046934780682,
    0.018956483932592534,
    0.01417319058677629,
    0.012648437897649148
  ],
  "val_losses": [
    0.07586345651599812,
    0.07212739982592162,
    0.0510709482415389,
    0.04500941151537206,
    0.04032342022411712,
    0.10295222166440535,
    0.04307559366463689,
    0.03704624989803262,
    0.04980184463172119,
    0.03267298331717864,
    0.034126969430430955,
    0.03761024695232493,
    0.06930168901471112,
    0.02441871188483073,
    0.047268311552071375,
    0.0779596588473095,
    0.04193830303180175,
    0.09761577525054825,
    0.034375837177323045,
    0.05866054020902162,
    0.05042908389650935,
    0.04576560938586186,
    0.04367372174185379,
    0.08627024337453512
  ],
  "val_accs": [
    0.9223416965352449,
    0.9330943847072879,
    0.954599761051374,
    0.956989247311828,
    0.9713261648745519,
    0.9223416965352449,
    0.965352449223417,
    0.97610513739546,
    0.9629629629629629,
    0.977299880525687,
    0.978494623655914,
    0.973715651135006,
    0.9498207885304659,
    0.980884109916368,
    0.96415770609319,
    0.948626045400239,
    0.974910394265233,
    0.929510155316607,
    0.977299880525687,
    0.9581839904420549,
    0.966547192353644,
    0.9713261648745519,
    0.967741935483871,
    0.945041816009558
  ],
  "epoch_times_sec": [
    30.39018726348877,
    28.86625051498413,
    28.950270175933838,
    28.896594047546387,
    29.268266439437866,
    28.989784955978394,
    29.059354066848755,
    29.0465726852417,
    29.01174783706665,
    29.292446613311768,
    29.17820644378662,
    28.825706958770752,
    29.211231231689453,
    28.988618850708008,
    29.01209592819214,
    28.93894124031067,
    28.925535202026367,
    28.916560411453247,
    29.198991298675537,
    29.084715127944946,
    29.202553272247314,
    28.802297115325928,
    29.03818655014038,
    29.28820013999939
  ],
  "early_stop": {
    "enabled": true,
    "monitor": "val_loss",
    "best_epoch": 13,
    "best_value": 0.02441871188483073
  }
}