{
  "data_flag": "pneumoniamnist",
  "num_classes": 2,
  "class_names": [
    "normal",
    "pneumonia"
  ],
  "is_ensemble": false,
  "metrics": {
    "accuracy": 0.9278846153846154,
    "balanced_accuracy": 0.9064102564102564,
    "auc": 0.9893929432390971
  },
  "confusion_matrix": [
    [
      192,
      42
    ],
    [
      3,
      387
    ]
  ],
  "counts": {
    "n_samples": 624
  },
  "timing": {
    "eval_wall_sec": 1.7463829517364502,
    "throughput_img_per_s": 357.3099470419985,
    "latency_ms_per_img": 2.7986906277827726
  }
}