{
  "data_flag": "pneumoniamnist",
  "num_classes": 2,
  "class_names": [
    "normal",
    "pneumonia"
  ],
  "is_ensemble": false,
  "metrics": {
    "accuracy": 0.9439102564102564,
    "balanced_accuracy": 0.9277777777777778,
    "auc": 0.9900394477317553
  },
  "confusion_matrix": [
    [
      202,
      32
    ],
    [
      3,
      387
    ]
  ],
  "counts": {
    "n_samples": 624
  },
  "timing": {
    "eval_wall_sec": 1.770871877670288,
    "throughput_img_per_s": 352.36880085357603,
    "latency_ms_per_img": 2.8379357013946924
  }
}