{
  "data_flag": "pneumoniamnist",
  "num_classes": 2,
  "class_names": [
    "normal",
    "pneumonia"
  ],
  "is_ensemble": false,
  "metrics": {
    "accuracy": 0.9423076923076923,
    "balanced_accuracy": 0.9256410256410257,
    "auc": 0.9922309883848346
  },
  "confusion_matrix": [
    [
      201,
      33
    ],
    [
      3,
      387
    ]
  ],
  "counts": {
    "n_samples": 624
  },
  "timing": {
    "eval_wall_sec": 2.242063283920288,
    "throughput_img_per_s": 278.31507008532105,
    "latency_ms_per_img": 3.5930501344876413
  }
}