{
  "data_flag": "pneumoniamnist",
  "num_classes": 2,
  "class_names": [
    "normal",
    "pneumonia"
  ],
  "is_ensemble": false,
  "metrics": {
    "accuracy": 0.9503205128205128,
    "balanced_accuracy": 0.9363247863247863,
    "auc": 0.9876944992329607
  },
  "confusion_matrix": [
    [
      206,
      28
    ],
    [
      3,
      387
    ]
  ],
  "counts": {
    "n_samples": 624
  },
  "timing": {
    "eval_wall_sec": 1.7480409145355225,
    "throughput_img_per_s": 356.9710495968597,
    "latency_ms_per_img": 2.8013476194479527
  }
}