{
  "data_flag": "pneumoniamnist",
  "num_classes": 2,
  "class_names": [
    "normal",
    "pneumonia"
  ],
  "is_ensemble": false,
  "metrics": {
    "accuracy": 0.9310897435897436,
    "balanced_accuracy": 0.9106837606837608,
    "auc": 0.9920885382423844
  },
  "confusion_matrix": [
    [
      194,
      40
    ],
    [
      3,
      387
    ]
  ],
  "counts": {
    "n_samples": 624
  },
  "timing": {
    "eval_wall_sec": 1.7177462577819824,
    "throughput_img_per_s": 363.26669155765296,
    "latency_ms_per_img": 2.7527984900352283
  }
}