{
  "run_name": "fold_2",
  "train_losses": [
    0.17804001452815202,
    0.06284063063234228,
    0.035478631865569495,
    0.030250330600311928,
    0.02632005732556098,
    0.010862180350091809,
    0.022591737238717206,
    0.022835726746254496,
    0.014677939956190702,
    0.017164315787172032,
    0.00693352023715003,
    0.018768485480972298,
    0.011151372296134705,
    0.006853544229864349,
    0.00231847874327421,
    0.004942628842421208,
    0.01973946204776035,
    0.012253683418108537,
    0.016803245525066072,
    0.0022651653651219357,
    0.004729458307165428,
    0.003459887550619627,
    0.018273812387330206,
    0.013759478353239063
  ],
  "val_losses": [
    0.127121910314869,
    0.0784886977635324,
    0.03268037857142864,
    0.041071108223318505,
    0.02079521384978391,
    0.015694087304938067,
    0.08121943492787304,
    0.05932751740760135,
    0.01449291570288888,
    0.013732737437951274,
    0.01720680107407841,
    0.02513408948154258,
    0.01417999247577326,
    0.006052667882074645,
    0.005767923555426764,
    0.03283658450365894,
    0.032094487682722196,
    0.01345637455113791,
    0.01314579639343989,
    0.0069592729855095835,
    0.0070997825480979505,
    0.01884333582778776,
    0.04361827273344345,
    0.006721410067118288
  ],
  "val_accs": [
    0.9577546296296297,
    0.9758391203703703,
    0.9903067129629629,
    0.9858217592592593,
    0.9923321759259259,
    0.9936342592592593,
    0.9678819444444444,
    0.9816261574074074,
    0.9942129629629629,
    0.9945023148148148,
    0.9936342592592593,
    0.9924768518518519,
    0.9952256944444444,
    0.9981192129629629,
    0.9981192129629629,
    0.9898726851851852,
    0.9905960648148148,
    0.9950810185185185,
    0.99609375,
    0.9978298611111112,
    0.9981192129629629,
    0.9962384259259259,
    0.9878472222222222,
    0.9976851851851852
  ],
  "epoch_times_sec": [
    42.3972373008728,
    42.57138204574585,
    42.37606978416443,
    42.16794753074646,
    42.615524768829346,
    43.29826235771179,
    42.50314426422119,
    41.704675912857056,
    42.31211876869202,
    42.26374101638794,
    42.03870487213135,
    42.626155376434326,
    42.51573085784912,
    42.37156867980957,
    42.78352403640747,
    42.52216410636902,
    42.623806953430176,
    43.28549909591675,
    42.55200791358948,
    41.91940474510193,
    42.802706480026245,
    42.53894376754761,
    43.36211585998535,
    42.79755926132202
  ],
  "total_train_sec": 1021.4948916435242,
  "early_stop": {
    "enabled": true,
    "monitor": "val_loss",
    "best_epoch": 13,
    "best_value": 0.006052667882074645
  }
}