{
  "run_name": "fold_0",
  "train_losses": [
    0.1730133830871502,
    0.0628900916975302,
    0.030169517710520368,
    0.03432585027271502,
    0.024016880418154567,
    0.013313569816360811,
    0.018777915657025274,
    0.02193669445727277,
    0.014387721488472179,
    0.00931557092890553,
    0.008331372898594593,
    0.012150408796902344,
    0.02744431743862892,
    0.005950331809833221,
    0.007661017693930329,
    0.0039737914840366605,
    0.009658847259204238,
    0.021141541829904412,
    0.01746226315036539,
    0.004930502623294699
  ],
  "val_losses": [
    0.07158780776054217,
    0.0400103214196406,
    0.034097764793434425,
    0.07399965382435104,
    0.017224652823609753,
    0.012899768721168088,
    0.03564740941730468,
    0.04316968056796213,
    0.011471373340728777,
    0.0074005419594289955,
    0.014472002608288842,
    0.06475467405530252,
    0.011711621537555898,
    0.009238045669520613,
    0.015403337687629656,
    0.00768656050786376,
    0.017046265879286114,
    0.029417468754532324,
    0.009825624038322447,
    0.013506378047432835
  ],
  "val_accs": [
    0.9771445103428323,
    0.9862577752061333,
    0.9890062201649067,
    0.9751193403732099,
    0.9939244900911326,
    0.9963836250542456,
    0.9881382901779256,
    0.986836395197454,
    0.9963836250542456,
    0.997540865036887,
    0.9956603500650948,
    0.9824967452625488,
    0.9965282800520758,
    0.9972515550412266,
    0.996672935049906,
    0.9979748300303776,
    0.9940691450889628,
    0.9926225951106611,
    0.996672935049906,
    0.9958050050629249
  ],
  "epoch_times_sec": [
    42.65080666542053,
    42.432684659957886,
    42.26803374290466,
    42.16783928871155,
    42.77368140220642,
    42.23848485946655,
    44.2412428855896,
    43.80772352218628,
    44.43745446205139,
    44.98265218734741,
    43.23931550979614,
    43.017943143844604,
    42.4778995513916,
    43.37895226478577,
    42.96445417404175,
    44.10180187225342,
    42.65200400352478,
    43.110665798187256,
    43.34516191482544,
    42.47097182273865
  ],
  "total_train_sec": 863.2814409732819,
  "early_stop": {
    "enabled": true,
    "monitor": "val_loss",
    "best_epoch": 9,
    "best_value": 0.0074005419594289955
  }
}