{
  "run_name": "fold_3",
  "train_losses": [
    0.18792551750731137,
    0.06632445479260275,
    0.043255426452055365,
    0.022194867982896674,
    0.0219223381901867,
    0.02067397198091688,
    0.024580904389141425,
    0.006855264300948302,
    0.0038421968275475526,
    0.02706118064398416,
    0.011668070419680723,
    0.007306360009520345,
    0.005228143102495205,
    0.016410948427181684,
    0.01092433221489315,
    0.04287975766902929,
    0.004638432318693554,
    0.0017193423969577755,
    0.005693417255702958,
    0.013092617779336622,
    0.008552401502129214,
    0.008318966403100637,
    0.00650670942899591,
    0.0034176960273923753,
    0.0148346422185181,
    0.00791107226149279,
    0.007326557587909384
  ],
  "val_losses": [
    0.1872896865286209,
    0.09650932804301933,
    0.06889699101103125,
    0.09049021982139459,
    0.03758073853505603,
    0.0332057009347611,
    0.011958524155758184,
    0.007401613691399689,
    0.0077930925709989865,
    0.0354785580496321,
    0.01303898422823598,
    0.0207244097729455,
    0.04395679298734952,
    0.017668949485933234,
    0.01080642008053945,
    0.015519502906870373,
    0.005427117233685513,
    0.00612774200055389,
    0.019291678034042654,
    0.008327597995082248,
    0.015182680310250295,
    0.01749297648509835,
    0.010790237065184219,
    0.009826802010256533,
    0.043861305758279436,
    0.014334151767292901,
    0.014869145716484464
  ],
  "val_accs": [
    0.9503761574074074,
    0.9673032407407407,
    0.9774305555555556,
    0.9732349537037037,
    0.9885706018518519,
    0.9891493055555556,
    0.9950810185185185,
    0.9981192129629629,
    0.9975405092592593,
    0.9900173611111112,
    0.9955150462962963,
    0.9929108796296297,
    0.9897280092592593,
    0.9940682870370371,
    0.9962384259259259,
    0.9952256944444444,
    0.9982638888888888,
    0.9981192129629629,
    0.9955150462962963,
    0.9972511574074074,
    0.9940682870370371,
    0.9949363425925926,
    0.9972511574074074,
    0.9981192129629629,
    0.9881365740740741,
    0.9958043981481481,
    0.9949363425925926
  ],
  "epoch_times_sec": [
    41.33368253707886,
    42.80221700668335,
    42.58557939529419,
    41.52358818054199,
    41.76763200759888,
    42.129226207733154,
    41.99177289009094,
    43.299124240875244,
    42.586615324020386,
    42.601919174194336,
    42.54694652557373,
    42.547199010849,
    42.325746297836304,
    42.9715051651001,
    42.10721206665039,
    41.90088868141174,
    44.70493197441101,
    42.845181465148926,
    42.4807870388031,
    42.041919231414795,
    42.1294584274292,
    42.9103798866272,
    42.73200607299805,
    42.4160737991333,
    41.968621492385864,
    42.25706243515015,
    42.935107707977295
  ],
  "total_train_sec": 1147.1328964233398,
  "early_stop": {
    "enabled": true,
    "monitor": "val_loss",
    "best_epoch": 16,
    "best_value": 0.005427117233685513
  }
}