{
  "run_name": "fold_1",
  "train_losses": [
    0.185226090217906,
    0.05474093247256759,
    0.04943157749410063,
    0.01959118751606352,
    0.02283091030215103,
    0.027309104399238195,
    0.009441888696865472,
    0.028169562811348844,
    0.012067370925285138,
    0.013940515052160696,
    0.017696565125839295,
    0.014409479433702977,
    0.019785412708087178,
    0.004573922726304199,
    0.006830143033143772,
    0.016465584364360204,
    0.015677094540579774
  ],
  "val_losses": [
    0.12879156897327415,
    0.056563241881559846,
    0.0332341791967068,
    0.03321671859723412,
    0.05556650971131468,
    0.0733494451959376,
    0.012148894677887222,
    0.017585984181129822,
    0.01270086152901597,
    0.014804645080369449,
    0.020085413717121508,
    0.06629617274221447,
    0.03950304746373418,
    0.015165879859759352,
    0.030912601801025664,
    0.049242793349549174,
    0.024752519061655254
  ],
  "val_accs": [
    0.9552951388888888,
    0.9813368055555556,
    0.9874131944444444,
    0.9894386574074074,
    0.9820601851851852,
    0.9778645833333334,
    0.9953703703703703,
    0.9936342592592593,
    0.9966724537037037,
    0.9945023148148148,
    0.9946469907407407,
    0.9796006944444444,
    0.9885706018518519,
    0.99609375,
    0.9916087962962963,
    0.9850983796296297,
    0.9940682870370371
  ],
  "epoch_times_sec": [
    41.975340604782104,
    42.81083846092224,
    41.57186675071716,
    41.409976959228516,
    42.04340100288391,
    41.80851411819458,
    41.96603322029114,
    43.753445863723755,
    43.173728466033936,
    41.79161095619202,
    43.3166823387146,
    42.02772116661072,
    42.522621631622314,
    42.581151485443115,
    42.88768720626831,
    42.584407567977905,
    42.40331268310547
  ],
  "total_train_sec": 721.0122385025024,
  "early_stop": {
    "enabled": true,
    "monitor": "val_loss",
    "best_epoch": 6,
    "best_value": 0.012148894677887222
  }
}