{
  "run_name": "fold_4",
  "train_losses": [
    0.1834102973635136,
    0.06689520761008477,
    0.039689123990548844,
    0.021691022842855158,
    0.016793236800973926,
    0.03212224022286979,
    0.020853601093727372,
    0.014389642047818698,
    0.01838557258539637,
    0.010291251292073866,
    0.017117166727715544,
    0.010374918846301389,
    0.008938734594873191,
    0.01061716453729652,
    0.005017823754163449,
    0.005258050152717799,
    0.02626010113811019,
    0.007162476125417756,
    0.009515494310208952,
    0.007563328473106931,
    0.0024233529033179163,
    0.002118285765008026,
    0.007898590359782584,
    0.0331634997166677,
    0.008132921130641922,
    0.0045819214402858625,
    0.0018226431946794088,
    0.001707688743038118,
    0.004822160118212398,
    0.00917144683344978,
    0.003230707552103451
  ],
  "val_losses": [
    0.10672149407090964,
    0.06445934335890881,
    0.08104571913955388,
    0.03087799078504624,
    0.05137563805544266,
    0.02518398430483002,
    0.02183520699489034,
    0.03874059441861593,
    0.02304450318937328,
    0.043781059137674876,
    0.01902665098552663,
    0.05129256862521827,
    0.006086720918843908,
    0.00817055361262141,
    0.015780392261755576,
    0.007663942979939343,
    0.02527816993770776,
    0.01220705423148266,
    0.01872650427200521,
    0.011859135014270173,
    0.005014884778667557,
    0.014347921235269125,
    0.026913382301615826,
    0.041313118451162825,
    0.014089377566523143,
    0.0052139920315783924,
    0.006627796696631305,
    0.004911853848507571,
    0.01024398060461088,
    0.006454578241303992,
    0.006270268369437165
  ],
  "val_accs": [
    0.9628182870370371,
    0.9810474537037037,
    0.9749710648148148,
    0.9894386574074074,
    0.9820601851851852,
    0.9908854166666666,
    0.9930555555555556,
    0.9891493055555556,
    0.9934895833333334,
    0.9891493055555556,
    0.99609375,
    0.9871238425925926,
    0.9978298611111112,
    0.9973958333333334,
    0.9952256944444444,
    0.9978298611111112,
    0.9914641203703703,
    0.9958043981481481,
    0.9947916666666666,
    0.99609375,
    0.9984085648148148,
    0.9956597222222222,
    0.9903067129629629,
    0.98828125,
    0.9955150462962963,
    0.9984085648148148,
    0.9979745370370371,
    0.9984085648148148,
    0.9965277777777778,
    0.9982638888888888,
    0.9979745370370371
  ],
  "epoch_times_sec": [
    42.535295724868774,
    43.462812423706055,
    44.18035936355591,
    42.56866478919983,
    43.05145025253296,
    43.18445301055908,
    42.3845899105072,
    43.24338173866272,
    43.30085325241089,
    42.15254497528076,
    43.353997230529785,
    43.344452142715454,
    43.545894145965576,
    43.08001708984375,
    42.691497802734375,
    43.11750531196594,
    42.86796283721924,
    42.65906000137329,
    43.12653064727783,
    42.81868362426758,
    42.3690869808197,
    42.66929388046265,
    43.69035005569458,
    42.13425970077515,
    43.97385311126709,
    45.69095516204834,
    43.80801272392273,
    44.999526500701904,
    43.718170166015625,
    44.43149495124817,
    42.91152215003967
  ],
  "total_train_sec": 1341.7788412570953,
  "early_stop": {
    "enabled": true,
    "monitor": "val_loss",
    "best_epoch": 20,
    "best_value": 0.005014884778667557
  }
}