{
  "data_flag": "organamnist",
  "num_classes": 11,
  "class_names": [
    "bladder",
    "femur-left",
    "femur-right",
    "heart",
    "kidney-left",
    "kidney-right",
    "liver",
    "lung-left",
    "lung-right",
    "pancreas",
    "spleen"
  ],
  "is_ensemble": false,
  "metrics": {
    "accuracy": 0.9601754978062774,
    "balanced_accuracy": 0.9550248747050805,
    "auc": 0.9987902745928132
  },
  "confusion_matrix": [
    [
      928,
      8,
      2,
      0,
      20,
      22,
      0,
      0,
      0,
      56,
      0
    ],
    [
      0,
      732,
      38,
      0,
      10,
      1,
      0,
      0,
      0,
      0,
      3
    ],
    [
      1,
      0,
      782,
      0,
      2,
      3,
      0,
      0,
      0,
      0,
      5
    ],
    [
      0,
      0,
      0,
      729,
      7,
      0,
      0,
      34,
      0,
      4,
      11
    ],
    [
      35,
      12,
      20,
      0,
      1824,
      62,
      0,
      0,
      0,
      20,
      91
    ],
    [
      17,
      5,
      8,
      0,
      75,
      1853,
      0,
      0,
      0,
      4,
      3
    ],
    [
      0,
      0,
      0,
      0,
      0,
      0,
      3267,
      0,
      18,
      0,
      0
    ],
    [
      0,
      0,
      0,
      0,
      0,
      0,
      0,
      1746,
      0,
      0,
      1
    ],
    [
      0,
      0,
      0,
      0,
      0,
      5,
      50,
      0,
      1758,
      0,
      0
    ],
    [
      0,
      0,
      0,
      0,
      0,
      0,
      1,
      0,
      0,
      1621,
      0
    ],
    [
      28,
      0,
      0,
      7,
      10,
      1,
      0,
      5,
      0,
      3,
      1830
    ]
  ],
  "counts": {
    "n_samples": 17778
  },
  "timing": {
    "eval_wall_sec": 9.519658327102661,
    "throughput_img_per_s": 1867.5039995275536,
    "latency_ms_per_img": 0.5354740874734313
  }
}