{
  "data_flag": "organamnist",
  "num_classes": 11,
  "class_names": [
    "bladder",
    "femur-left",
    "femur-right",
    "heart",
    "kidney-left",
    "kidney-right",
    "liver",
    "lung-left",
    "lung-right",
    "pancreas",
    "spleen"
  ],
  "is_ensemble": false,
  "metrics": {
    "accuracy": 0.9610754865564181,
    "balanced_accuracy": 0.9588613912422791,
    "auc": 0.9987089028030418
  },
  "confusion_matrix": [
    [
      966,
      6,
      1,
      0,
      8,
      47,
      0,
      0,
      0,
      8,
      0
    ],
    [
      0,
      743,
      30,
      0,
      10,
      1,
      0,
      0,
      0,
      0,
      0
    ],
    [
      3,
      11,
      769,
      0,
      6,
      4,
      0,
      0,
      0,
      0,
      0
    ],
    [
      0,
      2,
      0,
      756,
      2,
      4,
      0,
      0,
      0,
      15,
      6
    ],
    [
      43,
      26,
      21,
      0,
      1804,
      59,
      0,
      0,
      0,
      47,
      64
    ],
    [
      13,
      0,
      4,
      0,
      92,
      1854,
      0,
      0,
      0,
      1,
      1
    ],
    [
      0,
      0,
      0,
      3,
      0,
      1,
      3279,
      0,
      2,
      0,
      0
    ],
    [
      0,
      0,
      0,
      0,
      0,
      0,
      0,
      1747,
      0,
      0,
      0
    ],
    [
      0,
      0,
      0,
      0,
      0,
      0,
      12,
      0,
      1801,
      0,
      0
    ],
    [
      2,
      0,
      0,
      0,
      0,
      7,
      0,
      0,
      0,
      1613,
      0
    ],
    [
      57,
      0,
      0,
      15,
      35,
      1,
      0,
      6,
      0,
      16,
      1754
    ]
  ],
  "counts": {
    "n_samples": 17778
  },
  "timing": {
    "eval_wall_sec": 6.004623174667358,
    "throughput_img_per_s": 2960.718680066857,
    "latency_ms_per_img": 0.33775583162714357
  }
}