{
  "data_flag": "organamnist",
  "num_classes": 11,
  "class_names": [
    "bladder",
    "femur-left",
    "femur-right",
    "heart",
    "kidney-left",
    "kidney-right",
    "liver",
    "lung-left",
    "lung-right",
    "pancreas",
    "spleen"
  ],
  "is_ensemble": false,
  "metrics": {
    "accuracy": 0.9631004612442344,
    "balanced_accuracy": 0.9571786533629194,
    "auc": 0.9985980125335426
  },
  "confusion_matrix": [
    [
      946,
      1,
      1,
      0,
      19,
      23,
      0,
      0,
      0,
      45,
      1
    ],
    [
      3,
      724,
      24,
      0,
      32,
      1,
      0,
      0,
      0,
      0,
      0
    ],
    [
      3,
      2,
      755,
      0,
      8,
      25,
      0,
      0,
      0,
      0,
      0
    ],
    [
      0,
      0,
      0,
      742,
      13,
      0,
      0,
      17,
      0,
      0,
      13
    ],
    [
      21,
      0,
      4,
      0,
      1836,
      40,
      0,
      0,
      0,
      41,
      122
    ],
    [
      13,
      0,
      0,
      0,
      81,
      1850,
      0,
      0,
      0,
      19,
      2
    ],
    [
      0,
      0,
      0,
      2,
      0,
      12,
      3247,
      0,
      20,
      4,
      0
    ],
    [
      0,
      0,
      0,
      0,
      0,
      0,
      0,
      1747,
      0,
      0,
      0
    ],
    [
      0,
      0,
      0,
      0,
      0,
      0,
      8,
      0,
      1805,
      0,
      0
    ],
    [
      0,
      0,
      0,
      0,
      2,
      0,
      0,
      0,
      0,
      1612,
      8
    ],
    [
      6,
      0,
      0,
      0,
      2,
      0,
      0,
      18,
      0,
      0,
      1858
    ]
  ],
  "counts": {
    "n_samples": 17778
  },
  "timing": {
    "eval_wall_sec": 5.722735404968262,
    "throughput_img_per_s": 3106.556347960071,
    "latency_ms_per_img": 0.32189984278142997
  }
}