{
  "data_flag": "organamnist",
  "num_classes": 11,
  "class_names": [
    "bladder",
    "femur-left",
    "femur-right",
    "heart",
    "kidney-left",
    "kidney-right",
    "liver",
    "lung-left",
    "lung-right",
    "pancreas",
    "spleen"
  ],
  "is_ensemble": false,
  "metrics": {
    "accuracy": 0.9686128923388457,
    "balanced_accuracy": 0.962389567221424,
    "auc": 0.9989686605501724
  },
  "confusion_matrix": [
    [
      974,
      3,
      0,
      0,
      12,
      22,
      0,
      0,
      0,
      25,
      0
    ],
    [
      0,
      729,
      41,
      0,
      11,
      3,
      0,
      0,
      0,
      0,
      0
    ],
    [
      11,
      1,
      755,
      0,
      5,
      21,
      0,
      0,
      0,
      0,
      0
    ],
    [
      0,
      0,
      0,
      735,
      10,
      0,
      1,
      24,
      0,
      10,
      5
    ],
    [
      60,
      1,
      9,
      0,
      1836,
      32,
      0,
      1,
      0,
      31,
      94
    ],
    [
      6,
      2,
      1,
      0,
      57,
      1896,
      0,
      0,
      0,
      0,
      3
    ],
    [
      0,
      0,
      0,
      0,
      0,
      7,
      3269,
      0,
      9,
      0,
      0
    ],
    [
      0,
      0,
      0,
      0,
      0,
      0,
      0,
      1747,
      0,
      0,
      0
    ],
    [
      0,
      0,
      0,
      0,
      0,
      2,
      10,
      0,
      1801,
      0,
      0
    ],
    [
      0,
      0,
      0,
      0,
      0,
      0,
      2,
      0,
      0,
      1620,
      0
    ],
    [
      7,
      0,
      0,
      5,
      7,
      0,
      0,
      7,
      0,
      0,
      1858
    ]
  ],
  "counts": {
    "n_samples": 17778
  },
  "timing": {
    "eval_wall_sec": 5.859487771987915,
    "throughput_img_per_s": 3034.0536053322217,
    "latency_ms_per_img": 0.3295920672734793
  }
}