{
  "data_flag": "organamnist",
  "num_classes": 11,
  "class_names": [
    "bladder",
    "femur-left",
    "femur-right",
    "heart",
    "kidney-left",
    "kidney-right",
    "liver",
    "lung-left",
    "lung-right",
    "pancreas",
    "spleen"
  ],
  "is_ensemble": false,
  "metrics": {
    "accuracy": 0.9625942175722804,
    "balanced_accuracy": 0.9579378809809268,
    "auc": 0.998766656861353
  },
  "confusion_matrix": [
    [
      976,
      3,
      2,
      0,
      2,
      44,
      2,
      0,
      0,
      6,
      1
    ],
    [
      0,
      742,
      28,
      0,
      4,
      10,
      0,
      0,
      0,
      0,
      0
    ],
    [
      5,
      6,
      742,
      0,
      0,
      40,
      0,
      0,
      0,
      0,
      0
    ],
    [
      11,
      0,
      0,
      735,
      5,
      2,
      1,
      11,
      0,
      5,
      15
    ],
    [
      42,
      3,
      48,
      0,
      1754,
      103,
      0,
      4,
      0,
      21,
      89
    ],
    [
      10,
      1,
      2,
      0,
      30,
      1919,
      0,
      0,
      0,
      2,
      1
    ],
    [
      0,
      0,
      0,
      0,
      0,
      0,
      3247,
      0,
      38,
      0,
      0
    ],
    [
      0,
      0,
      0,
      0,
      0,
      0,
      0,
      1747,
      0,
      0,
      0
    ],
    [
      0,
      0,
      0,
      0,
      0,
      0,
      6,
      0,
      1807,
      0,
      0
    ],
    [
      0,
      0,
      0,
      0,
      2,
      2,
      5,
      0,
      0,
      1601,
      12
    ],
    [
      16,
      0,
      0,
      3,
      14,
      1,
      0,
      7,
      0,
      0,
      1843
    ]
  ],
  "counts": {
    "n_samples": 17778
  },
  "timing": {
    "eval_wall_sec": 5.636197328567505,
    "throughput_img_per_s": 3154.2543604516513,
    "latency_ms_per_img": 0.31703213683021175
  }
}