{
  "data_flag": "organamnist",
  "num_classes": 11,
  "class_names": [
    "bladder",
    "femur-left",
    "femur-right",
    "heart",
    "kidney-left",
    "kidney-right",
    "liver",
    "lung-left",
    "lung-right",
    "pancreas",
    "spleen"
  ],
  "is_ensemble": true,
  "metrics": {
    "accuracy": 0.9740128248396895,
    "balanced_accuracy": 0.9689874486401657,
    "auc": 0.9993293458436372
  },
  "confusion_matrix": [
    [
      974,
      3,
      1,
      0,
      5,
      29,
      0,
      0,
      0,
      24,
      0
    ],
    [
      0,
      742,
      29,
      0,
      11,
      2,
      0,
      0,
      0,
      0,
      0
    ],
    [
      4,
      0,
      769,
      0,
      5,
      15,
      0,
      0,
      0,
      0,
      0
    ],
    [
      0,
      0,
      0,
      740,
      9,
      0,
      0,
      17,
      0,
      7,
      12
    ],
    [
      26,
      0,
      13,
      0,
      1875,
      32,
      0,
      0,
      0,
      32,
      86
    ],
    [
      9,
      0,
      0,
      0,
      47,
      1909,
      0,
      0,
      0,
      0,
      0
    ],
    [
      0,
      0,
      0,
      0,
      0,
      1,
      3270,
      0,
      14,
      0,
      0
    ],
    [
      0,
      0,
      0,
      0,
      0,
      0,
      0,
      1747,
      0,
      0,
      0
    ],
    [
      0,
      0,
      0,
      0,
      0,
      0,
      5,
      0,
      1808,
      0,
      0
    ],
    [
      0,
      0,
      0,
      0,
      0,
      0,
      0,
      0,
      0,
      1622,
      0
    ],
    [
      15,
      0,
      0,
      4,
      1,
      0,
      0,
      4,
      0,
      0,
      1860
    ]
  ],
  "counts": {
    "n_samples": 17778
  },
  "timing": {
    "eval_wall_sec": 17.981788396835327,
    "throughput_img_per_s": 988.6669561259439,
    "latency_ms_per_img": 1.0114629540350617
  }
}