{
  "run_name": "fold_4",
  "train_losses": [
    0.30999325564721736,
    0.13491298589037687,
    0.08867433679903426,
    0.07937721308865925,
    0.05968046862086872,
    0.0505092817290527,
    0.04990421274631489,
    0.04170257302296416,
    0.03497945731562539,
    0.03670665490350163,
    0.03099323624727975,
    0.026982557211389264,
    0.03719111856516087,
    0.019165382124540373,
    0.028543086218641982,
    0.028244979617685625,
    0.03122172940383302,
    0.0222347612455828,
    0.025219809261957046,
    0.020549805121277687,
    0.029040732787547225,
    0.012928670770403498,
    0.010705604034237473,
    0.023277846637051326
  ],
  "val_losses": [
    0.13784548031309476,
    0.07739715875448802,
    0.11803740578202102,
    0.05335400087978297,
    0.03618437457211817,
    0.04459028117931806,
    0.03250138659062101,
    0.015715384734693753,
    0.03603070404250712,
    0.014459841620079645,
    0.03115934321585183,
    0.01623105298229068,
    0.0201532253318314,
    0.011052100949830045,
    0.017262818389256678,
    0.014091114166485742,
    0.029433864950008753,
    0.011386583659994077,
    0.01779771059544216,
    0.011257067953500574,
    0.01430928355753517,
    0.01472386442552621,
    0.0157776838322471,
    0.03233968162703167
  ],
  "val_accs": [
    0.9482338611449452,
    0.9704628501827041,
    0.9626979293544458,
    0.9823386114494519,
    0.9859926918392204,
    0.9853836784409257,
    0.9870584652862363,
    0.9933008526187577,
    0.9897990255785627,
    0.994062119366626,
    0.9878197320341048,
    0.9942143727161997,
    0.9926918392204629,
    0.9960414129110841,
    0.9928440925700366,
    0.9957369062119367,
    0.9908647990255786,
    0.9954323995127893,
    0.994062119366626,
    0.9963459196102314,
    0.9961936662606578,
    0.9951278928136419,
    0.9960414129110841,
    0.991169305724726
  ],
  "epoch_times_sec": [
    29.435319662094116,
    21.52874732017517,
    21.666245222091675,
    21.7075457572937,
    21.77256751060486,
    21.675419807434082,
    21.76849675178528,
    21.839981079101562,
    21.717456340789795,
    21.71123766899109,
    21.77065658569336,
    21.708970069885254,
    21.71620798110962,
    21.79828453063965,
    21.685235738754272,
    21.945156812667847,
    21.85268783569336,
    21.852662086486816,
    21.657819747924805,
    21.61861753463745,
    21.66704249382019,
    21.738586902618408,
    21.858994722366333,
    21.67738676071167
  ],
  "total_train_sec": 530.0657632350922,
  "early_stop": {
    "enabled": true,
    "monitor": "val_loss",
    "best_epoch": 13,
    "best_value": 0.011052100949830045
  }
}