{
  "run_name": "fold_1",
  "train_losses": [
    0.30500236148150955,
    0.1364784965609632,
    0.0951461817251473,
    0.06588365746571159,
    0.06026731692254543,
    0.05447381831728285,
    0.03903413113751789,
    0.044670274894593694,
    0.036862956085128754,
    0.028354070839903704,
    0.03685033075176407,
    0.023001045760096664,
    0.03408877267899764,
    0.030349819450184886,
    0.028506624211398202,
    0.028641105599406108,
    0.02292134117948391,
    0.02298252850049743,
    0.028187522487771673,
    0.01850843845849584,
    0.018768131312425815,
    0.02273018233770527,
    0.022750596558141364,
    0.01603906264700061,
    0.017847496028222914,
    0.020317719591406696,
    0.017390868232426485,
    0.025457359404976072,
    0.01379587612245814
  ],
  "val_losses": [
    0.13534640449170882,
    0.11644235304825437,
    0.06409891731499766,
    0.040451446418256425,
    0.036201294711925305,
    0.02434710835446962,
    0.02937912299407449,
    0.030123428691765115,
    0.01932588313558461,
    0.026073911549107064,
    0.021819739431801002,
    0.01354765928674449,
    0.023006487543170806,
    0.01659599758876049,
    0.018199733976101785,
    0.03505504514983981,
    0.015736038518508185,
    0.037504573652628236,
    0.0086286419116452,
    0.016078567490624734,
    0.019781018193149598,
    0.02636860431742277,
    0.02235334283626309,
    0.018133457937018156,
    0.014294322864211258,
    0.011526564984076405,
    0.013460548871307765,
    0.01233572247310104,
    0.01219223977448809
  ],
  "val_accs": [
    0.9604141291108405,
    0.9613276492082826,
    0.9771619975639464,
    0.9835566382460414,
    0.9870584652862363,
    0.9910170523751523,
    0.991169305724726,
    0.9899512789281364,
    0.9942143727161997,
    0.9943666260657734,
    0.993605359317905,
    0.9951278928136419,
    0.9929963459196103,
    0.9960414129110841,
    0.9933008526187577,
    0.9901035322777101,
    0.9957369062119367,
    0.991626065773447,
    0.9971071863580999,
    0.995584652862363,
    0.9946711327649208,
    0.991626065773447,
    0.9922350791717418,
    0.9945188794153471,
    0.995584652862363,
    0.9964981729598051,
    0.9957369062119367,
    0.995584652862363,
    0.9966504263093788
  ],
  "epoch_times_sec": [
    29.14713478088379,
    21.42095422744751,
    21.425132989883423,
    21.572670459747314,
    21.514278173446655,
    21.562570095062256,
    21.679561614990234,
    21.565593242645264,
    21.575475692749023,
    21.651129722595215,
    21.52946448326111,
    21.619632482528687,
    21.701903820037842,
    21.595056295394897,
    21.43407392501831,
    21.421125411987305,
    21.62957239151001,
    21.67579174041748,
    21.609663724899292,
    21.434014081954956,
    21.636922121047974,
    21.603030920028687,
    21.648047924041748,
    21.50519633293152,
    21.442573308944702,
    21.60630989074707,
    21.60844922065735,
    21.393566370010376,
    21.460207223892212
  ],
  "total_train_sec": 633.476232290268,
  "early_stop": {
    "enabled": true,
    "monitor": "val_loss",
    "best_epoch": 18,
    "best_value": 0.0086286419116452
  }
}