{
  "run_name": "fold_2",
  "train_losses": [
    0.32578829214340305,
    0.1314099690627034,
    0.097944843587352,
    0.07208816949050964,
    0.0647800101467022,
    0.05573029917914693,
    0.04545295285061002,
    0.04695131395057571,
    0.04539555686457855,
    0.04060039643266397,
    0.03162961250182423,
    0.03834651865791984,
    0.02806341930621917,
    0.02263502343500987,
    0.02697605806908275,
    0.02807995691276496,
    0.026102893039223557,
    0.02558485756077372,
    0.024879048901848586,
    0.0335646417483165,
    0.024912481600271038,
    0.021040642799571067,
    0.016715199394696734,
    0.02862424764820522,
    0.01233187404314976,
    0.018130646242082927,
    0.01605107605886055,
    0.014798868054285555,
    0.012869047733994837,
    0.0268915150345093,
    0.017884638394611012,
    0.013493270695453691,
    0.01727581482445225,
    0.01710458505813887,
    0.01237755336671132
  ],
  "val_losses": [
    0.1703983606913915,
    0.09046388374498257,
    0.0713179142644199,
    0.03418027792493096,
    0.03853461203666834,
    0.03554258366616873,
    0.08994794939644635,
    0.027050439833636537,
    0.019835898090744965,
    0.017790420552326117,
    0.01645310260181969,
    0.020263395815513483,
    0.017602725538661337,
    0.0239899581112975,
    0.0217377468554612,
    0.02165703671926167,
    0.029290868993064996,
    0.0195896373164802,
    0.016008109818882916,
    0.012167912886350397,
    0.02291966858235985,
    0.0088230094829319,
    0.01187645812550587,
    0.007527149215093232,
    0.006325827489700504,
    0.012190690484343437,
    0.011513390078055007,
    0.008833919732226674,
    0.012330040851478631,
    0.02505104135595432,
    0.018727642318918488,
    0.011344981089914304,
    0.019334392682594626,
    0.015339644355593079,
    0.007643879930460921
  ],
  "val_accs": [
    0.9518879415347138,
    0.9759439707673568,
    0.9760962241169305,
    0.9884287454323996,
    0.9879719853836785,
    0.9884287454323996,
    0.9747259439707674,
    0.9923873325213155,
    0.9926918392204629,
    0.9946711327649208,
    0.9937576126674786,
    0.993605359317905,
    0.9952801461632156,
    0.9934531059683313,
    0.9928440925700366,
    0.991626065773447,
    0.9907125456760049,
    0.9933008526187577,
    0.9934531059683313,
    0.9958891595615104,
    0.9925395858708892,
    0.9963459196102314,
    0.9972594397076736,
    0.9971071863580999,
    0.9983252131546894,
    0.9951278928136419,
    0.9969549330085262,
    0.997563946406821,
    0.9964981729598051,
    0.9925395858708892,
    0.9958891595615104,
    0.9963459196102314,
    0.994062119366626,
    0.9969549330085262,
    0.998020706455542
  ],
  "epoch_times_sec": [
    28.60589623451233,
    21.81127953529358,
    21.90701198577881,
    21.80610942840576,
    21.793522357940674,
    21.96896004676819,
    21.921937465667725,
    21.87406086921692,
    21.83326816558838,
    21.894915342330933,
    21.912105083465576,
    21.695982456207275,
    21.59705400466919,
    21.75509214401245,
    21.81463384628296,
    21.77230739593506,
    21.928727626800537,
    21.94590473175049,
    21.880152463912964,
    21.85843276977539,
    21.88402509689331,
    21.952569723129272,
    21.67125964164734,
    21.712929248809814,
    21.710593938827515,
    21.859217882156372,
    21.663838148117065,
    21.689810037612915,
    21.802427530288696,
    21.78248143196106,
    21.648247957229614,
    21.714055061340332,
    21.954506158828735,
    21.760451316833496,
    21.779449939727783
  ],
  "total_train_sec": 771.09366106987,
  "early_stop": {
    "enabled": true,
    "monitor": "val_loss",
    "best_epoch": 24,
    "best_value": 0.006325827489700504
  }
}