{
  "run_name": "fold_3",
  "train_losses": [
    0.31109588402437,
    0.12579332760921338,
    0.08998274114891523,
    0.07651108084927971,
    0.05471623527204118,
    0.05372720343038076,
    0.0524597943249363,
    0.03907827095230814,
    0.03734265249108941,
    0.027570660993252404,
    0.032069101018501765,
    0.0306872900600954,
    0.029097785731981986,
    0.030362436636180684,
    0.024811511772376678,
    0.031342695138655695,
    0.017707160767451748,
    0.0210472606842991,
    0.01706378613371493,
    0.039361042728386364,
    0.015644200899064677,
    0.016033506301720058,
    0.03287289941388114,
    0.01793238579156445,
    0.020050893978268283,
    0.015431682762786428,
    0.010766669911461621,
    0.020302016334608198,
    0.013688987028421607
  ],
  "val_losses": [
    0.1356968876117697,
    0.06439714218812206,
    0.050017074113174416,
    0.050248914666903705,
    0.035696293272149675,
    0.0492733345398357,
    0.06930801016278565,
    0.04202280120248011,
    0.014394750359665172,
    0.028370563217042497,
    0.016269020721105896,
    0.023671368065921482,
    0.030798914157248173,
    0.018247859610710293,
    0.0245311974129156,
    0.013757935455382371,
    0.029744360284054822,
    0.017403956762371726,
    0.009821295516732019,
    0.023639352928781294,
    0.027440163174595418,
    0.013423094873167849,
    0.0150498622147447,
    0.014154416619546212,
    0.02294872443913986,
    0.018161264821820292,
    0.012550577973378005,
    0.014587703949088721,
    0.01390820637927758
  ],
  "val_accs": [
    0.9526492082825823,
    0.980816077953715,
    0.9837088915956151,
    0.9841656516443362,
    0.9885809987819733,
    0.9858404384896468,
    0.9764007308160779,
    0.9917783191230207,
    0.9964981729598051,
    0.991626065773447,
    0.9948233861144945,
    0.9929963459196103,
    0.9917783191230207,
    0.9943666260657734,
    0.9946711327649208,
    0.9960414129110841,
    0.9904080389768575,
    0.9954323995127893,
    0.997563946406821,
    0.9949756394640682,
    0.9958891595615104,
    0.9958891595615104,
    0.9964981729598051,
    0.9971071863580999,
    0.994062119366626,
    0.9971071863580999,
    0.9971071863580999,
    0.9963459196102314,
    0.9969549330085262
  ],
  "epoch_times_sec": [
    28.388469219207764,
    21.551830530166626,
    21.51076865196228,
    21.563068389892578,
    21.71290612220764,
    21.765480995178223,
    22.394716024398804,
    21.84793210029602,
    21.818880796432495,
    21.75773024559021,
    22.254995822906494,
    22.105891942977905,
    21.595402479171753,
    21.81404423713684,
    21.922159671783447,
    21.89058494567871,
    21.765352964401245,
    21.920042037963867,
    21.83932900428772,
    21.894177675247192,
    21.8477201461792,
    21.72401475906372,
    21.66879677772522,
    21.89061999320984,
    21.444369316101074,
    21.75143599510193,
    21.88054084777832,
    21.83538246154785,
    21.795717239379883
  ],
  "total_train_sec": 639.9344005584717,
  "early_stop": {
    "enabled": true,
    "monitor": "val_loss",
    "best_epoch": 18,
    "best_value": 0.009821295516732019
  }
}