{
  "run_name": "fold_0",
  "train_losses": [
    0.3073304436919166,
    0.12312733742703752,
    0.09524929436241708,
    0.07701658845720132,
    0.0538990263327411,
    0.05759315746325273,
    0.04643661322571883,
    0.05004500765353441,
    0.04856976787559688,
    0.028367041636445763,
    0.0330169359653643,
    0.03064399212201285,
    0.03065140167870218,
    0.020222039585478784,
    0.03335121466605016,
    0.023292494559143784,
    0.0261607085025256,
    0.03042036824399696,
    0.030789203503986867,
    0.016884827700432207
  ],
  "val_losses": [
    0.5319380685687065,
    0.06883094748123907,
    0.03961337440593455,
    0.036302497171653576,
    0.18760610414812198,
    0.05948391664200104,
    0.04421356726827351,
    0.018019269239560414,
    0.0212816179969545,
    0.012822268223597067,
    0.01606120470359411,
    0.023434588526120372,
    0.046104593437541135,
    0.037977159254716335,
    0.0326298105168322,
    0.028055645765562076,
    0.039422935322643474,
    0.05500976544975016,
    0.013011454697037222,
    0.013161390186269273
  ],
  "val_accs": [
    0.8547724158928299,
    0.9803623078094078,
    0.9869082052062719,
    0.9881260465824326,
    0.9477850509971076,
    0.9844725224539503,
    0.9893438879585934,
    0.9940630232912163,
    0.9943674836352565,
    0.9957375551834373,
    0.9952808646673771,
    0.9936063327751561,
    0.9875171258943523,
    0.9872126655503121,
    0.9911706500228346,
    0.9910184198508144,
    0.9881260465824326,
    0.9844725224539503,
    0.9958897853554575,
    0.9961942456994977
  ],
  "epoch_times_sec": [
    29.00074338912964,
    21.550610065460205,
    21.67556881904602,
    21.59061026573181,
    21.73262310028076,
    21.81197953224182,
    21.77862048149109,
    21.67464828491211,
    21.840226411819458,
    21.75199317932129,
    21.751915216445923,
    21.740013599395752,
    21.681979417800903,
    21.669471979141235,
    21.895724058151245,
    21.71793007850647,
    21.88818669319153,
    21.7259624004364,
    21.82958722114563,
    21.63986825942993
  ],
  "total_train_sec": 442.54346776008606,
  "early_stop": {
    "enabled": true,
    "monitor": "val_loss",
    "best_epoch": 9,
    "best_value": 0.012822268223597067
  }
}