{
  "data_flag": "organamnist",
  "num_classes": 11,
  "class_names": [
    "bladder",
    "femur-left",
    "femur-right",
    "heart",
    "kidney-left",
    "kidney-right",
    "liver",
    "lung-left",
    "lung-right",
    "pancreas",
    "spleen"
  ],
  "is_ensemble": true,
  "metrics": {
    "accuracy": 0.9694566317921026,
    "balanced_accuracy": 0.9686761515624799,
    "auc": 0.9990386491756138
  },
  "confusion_matrix": [
    [
      972,
      0,
      3,
      0,
      18,
      29,
      0,
      0,
      0,
      14,
      0
    ],
    [
      0,
      754,
      14,
      0,
      10,
      6,
      0,
      0,
      0,
      0,
      0
    ],
    [
      0,
      0,
      782,
      0,
      5,
      6,
      0,
      0,
      0,
      0,
      0
    ],
    [
      0,
      0,
      0,
      760,
      1,
      2,
      0,
      12,
      0,
      0,
      10
    ],
    [
      30,
      0,
      8,
      0,
      1786,
      50,
      0,
      0,
      0,
      34,
      156
    ],
    [
      15,
      0,
      3,
      0,
      55,
      1885,
      0,
      0,
      0,
      1,
      6
    ],
    [
      0,
      0,
      0,
      0,
      0,
      0,
      3256,
      0,
      29,
      0,
      0
    ],
    [
      0,
      0,
      0,
      0,
      0,
      0,
      0,
      1747,
      0,
      0,
      0
    ],
    [
      0,
      0,
      0,
      0,
      0,
      0,
      0,
      0,
      1813,
      0,
      0
    ],
    [
      0,
      0,
      0,
      0,
      0,
      0,
      0,
      0,
      0,
      1613,
      9
    ],
    [
      6,
      0,
      0,
      0,
      0,
      0,
      0,
      11,
      0,
      0,
      1867
    ]
  ],
  "counts": {
    "n_samples": 17778
  },
  "timing": {
    "eval_wall_sec": 17.95252513885498,
    "throughput_img_per_s": 990.2785186203554,
    "latency_ms_per_img": 1.0098169163491384
  }
}