{
  "data_flag": "organamnist",
  "num_classes": 11,
  "class_names": [
    "bladder",
    "femur-left",
    "femur-right",
    "heart",
    "kidney-left",
    "kidney-right",
    "liver",
    "lung-left",
    "lung-right",
    "pancreas",
    "spleen"
  ],
  "is_ensemble": false,
  "metrics": {
    "accuracy": 0.9597255034312071,
    "balanced_accuracy": 0.9558844637243002,
    "auc": 0.9981929485761771
  },
  "confusion_matrix": [
    [
      919,
      4,
      1,
      0,
      16,
      76,
      0,
      1,
      0,
      17,
      2
    ],
    [
      0,
      752,
      13,
      0,
      10,
      9,
      0,
      0,
      0,
      0,
      0
    ],
    [
      0,
      11,
      755,
      0,
      4,
      23,
      0,
      0,
      0,
      0,
      0
    ],
    [
      0,
      0,
      0,
      751,
      3,
      0,
      0,
      24,
      0,
      6,
      1
    ],
    [
      31,
      3,
      3,
      0,
      1754,
      100,
      0,
      4,
      0,
      8,
      161
    ],
    [
      15,
      0,
      5,
      0,
      49,
      1892,
      0,
      0,
      0,
      2,
      2
    ],
    [
      0,
      0,
      0,
      0,
      0,
      0,
      3254,
      0,
      31,
      0,
      0
    ],
    [
      0,
      0,
      0,
      0,
      0,
      0,
      0,
      1747,
      0,
      0,
      0
    ],
    [
      0,
      0,
      0,
      0,
      0,
      0,
      0,
      0,
      1813,
      0,
      0
    ],
    [
      0,
      0,
      0,
      0,
      2,
      0,
      0,
      0,
      0,
      1616,
      4
    ],
    [
      5,
      0,
      0,
      0,
      9,
      0,
      0,
      60,
      0,
      1,
      1809
    ]
  ],
  "counts": {
    "n_samples": 17778
  },
  "timing": {
    "eval_wall_sec": 5.551702976226807,
    "throughput_img_per_s": 3202.260653375723,
    "latency_ms_per_img": 0.31227938892039636
  }
}