{
  "data_flag": "organamnist",
  "num_classes": 11,
  "class_names": [
    "bladder",
    "femur-left",
    "femur-right",
    "heart",
    "kidney-left",
    "kidney-right",
    "liver",
    "lung-left",
    "lung-right",
    "pancreas",
    "spleen"
  ],
  "is_ensemble": false,
  "metrics": {
    "accuracy": 0.9575880301496231,
    "balanced_accuracy": 0.9580983240819417,
    "auc": 0.9979036242649442
  },
  "confusion_matrix": [
    [
      956,
      0,
      2,
      0,
      21,
      24,
      0,
      0,
      0,
      19,
      14
    ],
    [
      0,
      745,
      16,
      0,
      13,
      10,
      0,
      0,
      0,
      0,
      0
    ],
    [
      0,
      0,
      780,
      0,
      1,
      12,
      0,
      0,
      0,
      0,
      0
    ],
    [
      0,
      0,
      0,
      766,
      5,
      2,
      0,
      0,
      0,
      0,
      12
    ],
    [
      53,
      0,
      11,
      0,
      1667,
      54,
      0,
      8,
      0,
      44,
      227
    ],
    [
      21,
      0,
      2,
      0,
      50,
      1868,
      2,
      0,
      0,
      7,
      15
    ],
    [
      0,
      0,
      0,
      0,
      0,
      0,
      3250,
      0,
      35,
      0,
      0
    ],
    [
      0,
      0,
      0,
      0,
      0,
      0,
      0,
      1747,
      0,
      0,
      0
    ],
    [
      0,
      0,
      0,
      0,
      0,
      0,
      0,
      0,
      1813,
      0,
      0
    ],
    [
      0,
      0,
      0,
      0,
      0,
      0,
      1,
      0,
      0,
      1602,
      19
    ],
    [
      11,
      0,
      0,
      0,
      1,
      0,
      0,
      40,
      2,
      0,
      1830
    ]
  ],
  "counts": {
    "n_samples": 17778
  },
  "timing": {
    "eval_wall_sec": 5.386025667190552,
    "throughput_img_per_s": 3300.764069561764,
    "latency_ms_per_img": 0.3029601567775088
  }
}