{
  "data_flag": "organamnist",
  "num_classes": 11,
  "class_names": [
    "bladder",
    "femur-left",
    "femur-right",
    "heart",
    "kidney-left",
    "kidney-right",
    "liver",
    "lung-left",
    "lung-right",
    "pancreas",
    "spleen"
  ],
  "is_ensemble": false,
  "metrics": {
    "accuracy": 0.9511756103048712,
    "balanced_accuracy": 0.948770509863516,
    "auc": 0.9982092559179558
  },
  "confusion_matrix": [
    [
      936,
      0,
      3,
      0,
      4,
      28,
      0,
      0,
      8,
      53,
      4
    ],
    [
      0,
      712,
      44,
      0,
      14,
      14,
      0,
      0,
      0,
      0,
      0
    ],
    [
      0,
      1,
      778,
      0,
      12,
      2,
      0,
      0,
      0,
      0,
      0
    ],
    [
      0,
      0,
      0,
      748,
      0,
      2,
      0,
      18,
      0,
      2,
      15
    ],
    [
      96,
      1,
      6,
      0,
      1601,
      107,
      2,
      1,
      0,
      89,
      161
    ],
    [
      8,
      1,
      2,
      0,
      64,
      1873,
      0,
      0,
      0,
      11,
      6
    ],
    [
      0,
      0,
      0,
      0,
      0,
      0,
      3238,
      0,
      47,
      0,
      0
    ],
    [
      0,
      0,
      0,
      0,
      0,
      0,
      0,
      1747,
      0,
      0,
      0
    ],
    [
      0,
      0,
      0,
      0,
      0,
      0,
      0,
      0,
      1813,
      0,
      0
    ],
    [
      1,
      0,
      2,
      1,
      0,
      0,
      0,
      0,
      0,
      1606,
      12
    ],
    [
      8,
      0,
      0,
      0,
      9,
      0,
      0,
      4,
      3,
      2,
      1858
    ]
  ],
  "counts": {
    "n_samples": 17778
  },
  "timing": {
    "eval_wall_sec": 11.817272186279297,
    "throughput_img_per_s": 1504.4081002586652,
    "latency_ms_per_img": 0.6647132515625659
  }
}