{
  "data_flag": "organamnist",
  "num_classes": 11,
  "class_names": [
    "bladder",
    "femur-left",
    "femur-right",
    "heart",
    "kidney-left",
    "kidney-right",
    "liver",
    "lung-left",
    "lung-right",
    "pancreas",
    "spleen"
  ],
  "is_ensemble": false,
  "metrics": {
    "accuracy": 0.9600629992125098,
    "balanced_accuracy": 0.9593525852300954,
    "auc": 0.9987986482032315
  },
  "confusion_matrix": [
    [
      955,
      1,
      5,
      0,
      30,
      11,
      0,
      0,
      0,
      23,
      11
    ],
    [
      0,
      741,
      39,
      0,
      1,
      3,
      0,
      0,
      0,
      0,
      0
    ],
    [
      0,
      9,
      781,
      0,
      1,
      2,
      0,
      0,
      0,
      0,
      0
    ],
    [
      0,
      0,
      0,
      761,
      1,
      0,
      3,
      12,
      0,
      1,
      7
    ],
    [
      39,
      26,
      22,
      0,
      1731,
      75,
      0,
      0,
      0,
      9,
      162
    ],
    [
      18,
      5,
      7,
      0,
      88,
      1807,
      0,
      0,
      0,
      32,
      8
    ],
    [
      0,
      0,
      0,
      0,
      0,
      0,
      3260,
      0,
      25,
      0,
      0
    ],
    [
      0,
      0,
      0,
      0,
      0,
      0,
      0,
      1744,
      1,
      0,
      2
    ],
    [
      0,
      0,
      0,
      0,
      0,
      0,
      0,
      0,
      1813,
      0,
      0
    ],
    [
      0,
      0,
      0,
      1,
      0,
      0,
      0,
      0,
      0,
      1612,
      9
    ],
    [
      2,
      0,
      0,
      2,
      17,
      0,
      0,
      0,
      0,
      0,
      1863
    ]
  ],
  "counts": {
    "n_samples": 17778
  },
  "timing": {
    "eval_wall_sec": 5.6922218799591064,
    "throughput_img_per_s": 3123.209244986023,
    "latency_ms_per_img": 0.3201834784542191
  }
}