{
  "data_flag": "organamnist",
  "num_classes": 11,
  "class_names": [
    "bladder",
    "femur-left",
    "femur-right",
    "heart",
    "kidney-left",
    "kidney-right",
    "liver",
    "lung-left",
    "lung-right",
    "pancreas",
    "spleen"
  ],
  "is_ensemble": false,
  "metrics": {
    "accuracy": 0.9633817077286534,
    "balanced_accuracy": 0.9596838270385727,
    "auc": 0.9984120891554119
  },
  "confusion_matrix": [
    [
      968,
      1,
      1,
      0,
      28,
      32,
      0,
      0,
      0,
      2,
      4
    ],
    [
      0,
      759,
      11,
      0,
      8,
      6,
      0,
      0,
      0,
      0,
      0
    ],
    [
      0,
      1,
      765,
      0,
      12,
      14,
      0,
      0,
      0,
      1,
      0
    ],
    [
      0,
      26,
      0,
      722,
      12,
      11,
      0,
      0,
      0,
      2,
      12
    ],
    [
      37,
      8,
      0,
      0,
      1815,
      42,
      0,
      0,
      0,
      51,
      111
    ],
    [
      12,
      0,
      4,
      0,
      69,
      1870,
      0,
      0,
      0,
      0,
      10
    ],
    [
      2,
      0,
      0,
      0,
      0,
      2,
      3258,
      0,
      23,
      0,
      0
    ],
    [
      0,
      0,
      0,
      0,
      0,
      0,
      0,
      1747,
      0,
      0,
      0
    ],
    [
      0,
      0,
      0,
      0,
      0,
      0,
      0,
      0,
      1813,
      0,
      0
    ],
    [
      2,
      0,
      0,
      0,
      1,
      0,
      0,
      0,
      0,
      1596,
      23
    ],
    [
      21,
      0,
      0,
      0,
      14,
      1,
      0,
      31,
      1,
      2,
      1814
    ]
  ],
  "counts": {
    "n_samples": 17778
  },
  "timing": {
    "eval_wall_sec": 6.283660888671875,
    "throughput_img_per_s": 2829.2424296877657,
    "latency_ms_per_img": 0.35345150684395743
  }
}