{
  "run_name": "fold_2",
  "train_losses": [
    1.5747769609169247,
    1.0944653651326417,
    0.8028086313641355,
    0.7833395841481674,
    0.6776928218881739,
    0.6192068367138348,
    0.47077241838792316,
    0.47486757627465603,
    0.4097909257600794,
    0.3829101725476727,
    0.4069934648505608,
    0.3081959967402988,
    0.2907176685668136,
    0.25685662661406194,
    0.21665177873647914,
    0.2331650622691952,
    0.22423910396991184,
    0.19545586203114856,
    0.14748565247409567,
    0.19238933994116098,
    0.1400292920638377
  ],
  "val_losses": [
    1.005171127326775,
    0.8687359496323441,
    0.8133739212559835,
    0.9385962601570926,
    0.7064461847549296,
    0.7285789699524687,
    0.7035377312004101,
    0.896516389110345,
    0.83379572862396,
    0.8086188838188064,
    0.6869969715752208,
    0.7052075915887092,
    0.8500328792982652,
    0.7770060718803435,
    0.9231945942976917,
    0.9187021255958099,
    0.9239837775550283,
    0.7789901321094234,
    1.0582578978653816,
    0.8394444217547984,
    0.8689925410260276
  ],
  "val_accs": [
    0.6794071762870515,
    0.7457098283931357,
    0.7636505460218409,
    0.7644305772230889,
    0.7574102964118564,
    0.641185647425897,
    0.7043681747269891,
    0.7457098283931357,
    0.7589703588143526,
    0.7605304212168487,
    0.7675507020280812,
    0.7917316692667706,
    0.797191887675507,
    0.8120124804992199,
    0.7987519500780031,
    0.7956318252730109,
    0.8252730109204368,
    0.7698907956318253,
    0.8315132605304212,
    0.8400936037441498,
    0.8120124804992199
  ],
  "epoch_times_sec": [
    44.8599328994751,
    42.52303123474121,
    42.92920708656311,
    42.90921378135681,
    42.90147161483765,
    42.79770517349243,
    42.87613368034363,
    42.66479015350342,
    42.61113452911377,
    42.712409019470215,
    42.93272066116333,
    42.648005962371826,
    42.710254430770874,
    42.886993408203125,
    42.826353549957275,
    42.748454570770264,
    42.771592140197754,
    42.63074517250061,
    42.59716844558716,
    42.605961322784424,
    42.74873948097229
  ],
  "early_stop": {
    "enabled": true,
    "monitor": "val_loss",
    "best_epoch": 10,
    "best_value": 0.6869969715752208
  }
}