{
  "run_name": "fold_0",
  "train_losses": [
    1.7130841252583338,
    1.1653509627456458,
    1.014195514013653,
    0.8332886161908385,
    0.7233763407135307,
    0.6029604347339144,
    0.4947785680014037,
    0.4289403923591319,
    0.4098104669672876,
    0.35030406218136934,
    0.3746082173443101,
    0.3347432125000762,
    0.256678289144801,
    0.23407597119483545,
    0.24728189070988482,
    0.2360015600117398,
    0.20189116087640768,
    0.20402732920562947,
    0.16947011774608597,
    0.19091927926148747,
    0.2047586960109751
  ],
  "val_losses": [
    1.0764652320914634,
    0.9217356091449488,
    1.1607730317971263,
    0.9610061414202736,
    0.8093381773349182,
    0.7251420232602475,
    1.0210822280176717,
    0.9546757354379258,
    0.913921055388339,
    1.1130571599916066,
    0.7050284781201209,
    0.9718935587058387,
    1.0272499751909847,
    0.7458049779795634,
    1.065396083184691,
    0.9822609032505714,
    0.8489830919109901,
    1.0133128348395066,
    1.0345783525912233,
    0.9734201717906734,
    0.9869811232441487
  ],
  "val_accs": [
    0.6466458658346333,
    0.6349453978159126,
    0.40639625585023403,
    0.6996879875195008,
    0.7644305772230889,
    0.7160686427457098,
    0.7129485179407177,
    0.6435257410296412,
    0.702808112324493,
    0.7675507020280812,
    0.7589703588143526,
    0.8049921996879875,
    0.7792511700468019,
    0.7535101404056163,
    0.7574102964118564,
    0.8026521060842434,
    0.702808112324493,
    0.8127925117004681,
    0.7979719188767551,
    0.7901716068642746,
    0.7706708268330733
  ],
  "epoch_times_sec": [
    43.851569175720215,
    42.45563340187073,
    42.71448373794556,
    42.88053750991821,
    42.93506717681885,
    43.125609397888184,
    42.809449672698975,
    42.88061714172363,
    42.95451211929321,
    43.028194427490234,
    42.69835662841797,
    42.7567343711853,
    43.101316690444946,
    42.76185965538025,
    43.0599582195282,
    42.728790283203125,
    42.93530583381653,
    42.77410578727722,
    42.67817807197571,
    42.94177579879761,
    42.8251588344574
  ],
  "early_stop": {
    "enabled": true,
    "monitor": "val_loss",
    "best_epoch": 10,
    "best_value": 0.7050284781201209
  }
}