{
  "run_name": "fold_1",
  "train_losses": [
    1.5665454782641497,
    1.0625514649247174,
    0.9004934283378205,
    0.7593831997386562,
    0.695482888074764,
    0.597859505047986,
    0.5895039762689692,
    0.4369983948444511,
    0.4255780425799158,
    0.41539340627598104,
    0.38214302844383546,
    0.3409531117415828,
    0.26993337293365155,
    0.2685837760550223
  ],
  "val_losses": [
    1.0128662805661397,
    0.89749147116487,
    0.7775881853936801,
    0.720840994448818,
    0.8907796950943989,
    0.8753011625335667,
    0.7749713511727808,
    0.7442965736545843,
    0.838818098076978,
    1.1279920085032533,
    0.994939055154318,
    0.7327303658232279,
    0.8971392853910543,
    1.180297747598714
  ],
  "val_accs": [
    0.6833073322932918,
    0.6466458658346333,
    0.7542901716068643,
    0.7909516380655226,
    0.8042121684867395,
    0.7004680187207488,
    0.7917316692667706,
    0.8135725429017161,
    0.7737909516380655,
    0.7925117004680188,
    0.7792511700468019,
    0.7644305772230889,
    0.8143525741029641,
    0.8237129485179407
  ],
  "epoch_times_sec": [
    44.34758186340332,
    42.71969699859619,
    42.658915281295776,
    42.904788970947266,
    42.949323654174805,
    42.8227424621582,
    42.816479206085205,
    42.607118368148804,
    42.70756411552429,
    42.844624042510986,
    42.66179013252258,
    42.59553337097168,
    42.74066185951233,
    42.65255641937256
  ],
  "early_stop": {
    "enabled": true,
    "monitor": "val_loss",
    "best_epoch": 3,
    "best_value": 0.720840994448818
  }
}