{
  "data_flag": "dermamnist",
  "num_classes": 7,
  "class_names": [
    "actinic keratoses and intraepithelial carcinoma",
    "basal cell carcinoma",
    "benign keratosis-like lesions",
    "dermatofibroma",
    "melanoma",
    "melanocytic nevi",
    "vascular lesions"
  ],
  "is_ensemble": false,
  "metrics": {
    "accuracy": 0.7810473815461346,
    "balanced_accuracy": 0.778495043524537,
    "auc": 0.9654795083165107
  },
  "confusion_matrix": [
    [
      47,
      6,
      13,
      0,
      0,
      0,
      0
    ],
    [
      3,
      82,
      7,
      2,
      4,
      3,
      2
    ],
    [
      8,
      4,
      186,
      1,
      11,
      10,
      0
    ],
    [
      1,
      1,
      2,
      16,
      0,
      3,
      0
    ],
    [
      2,
      7,
      32,
      3,
      152,
      26,
      1
    ],
    [
      3,
      17,
      127,
      24,
      107,
      1056,
      7
    ],
    [
      0,
      0,
      1,
      0,
      0,
      1,
      27
    ]
  ],
  "counts": {
    "n_samples": 2005
  },
  "timing": {
    "eval_wall_sec": 6.006227016448975,
    "throughput_img_per_s": 333.8202160039905,
    "latency_ms_per_img": 2.9956244471067204
  }
}