{
  "data_flag": "dermamnist",
  "num_classes": 7,
  "class_names": [
    "actinic keratoses and intraepithelial carcinoma",
    "basal cell carcinoma",
    "benign keratosis-like lesions",
    "dermatofibroma",
    "melanoma",
    "melanocytic nevi",
    "vascular lesions"
  ],
  "is_ensemble": false,
  "metrics": {
    "accuracy": 0.7960099750623442,
    "balanced_accuracy": 0.751168952966166,
    "auc": 0.9593305226725937
  },
  "confusion_matrix": [
    [
      45,
      6,
      12,
      1,
      2,
      0,
      0
    ],
    [
      3,
      86,
      3,
      2,
      4,
      3,
      2
    ],
    [
      15,
      6,
      177,
      0,
      11,
      11,
      0
    ],
    [
      3,
      1,
      1,
      14,
      2,
      2,
      0
    ],
    [
      10,
      1,
      42,
      0,
      134,
      36,
      0
    ],
    [
      9,
      13,
      134,
      2,
      68,
      1114,
      1
    ],
    [
      0,
      0,
      1,
      0,
      0,
      2,
      26
    ]
  ],
  "counts": {
    "n_samples": 2005
  },
  "timing": {
    "eval_wall_sec": 5.126722574234009,
    "throughput_img_per_s": 391.08806278630556,
    "latency_ms_per_img": 2.556968864954618
  }
}