{
  "run_name": "fold_2",
  "train_losses": [
    0.2373701150113193,
    0.06145287436698935,
    0.03535898979363198,
    0.04122281070374085,
    0.02433383150934384,
    0.02688526548519329,
    0.01978761372648056,
    0.01762791012797357,
    0.023132384334849147,
    0.016352442803887406,
    0.008681929890734536,
    0.011608977366061386,
    0.012991640282001041,
    0.021326163045455954,
    0.010807637751704444,
    0.005658123240763014,
    0.013056069888036296,
    0.012923379508751035,
    0.009836680308882228,
    0.01797094590875164,
    0.008288862339511194,
    0.009006054646254466,
    0.008094180682971477,
    0.01190410197697896,
    0.00693173764225087,
    0.005095240140069085,
    0.006564773720563107,
    0.012000171655954135,
    0.00525959874559398
  ],
  "val_losses": [
    0.05681219600416996,
    0.03804564870100607,
    0.02631546360337072,
    0.025798399173827084,
    0.019244197036001692,
    0.024278593870500725,
    0.014893999147009,
    0.027583509308492973,
    0.018869421509508457,
    0.025232423279063637,
    0.01865342217583761,
    0.007960866701776266,
    0.011849161765928363,
    0.020314617777734786,
    0.005509740027870673,
    0.008741084876722502,
    0.017991691531885106,
    0.007526794862416055,
    0.004103041853576778,
    0.008032921768500711,
    0.006152983093839053,
    0.004338897588577647,
    0.006600972684989554,
    0.009343384782200533,
    0.005176491451695458,
    0.004404986964126928,
    0.010364075585298619,
    0.006180929995699208,
    0.011734974120945143
  ],
  "val_accs": [
    0.9806134259259259,
    0.9891493055555556,
    0.9910300925925926,
    0.9934895833333334,
    0.9940682870370371,
    0.9917534722222222,
    0.9958043981481481,
    0.9927662037037037,
    0.9963831018518519,
    0.9908854166666666,
    0.9959490740740741,
    0.9976851851851852,
    0.9973958333333334,
    0.9942129629629629,
    0.9981192129629629,
    0.9975405092592593,
    0.9945023148148148,
    0.9981192129629629,
    0.9988425925925926,
    0.9978298611111112,
    0.9984085648148148,
    0.9986979166666666,
    0.9986979166666666,
    0.9966724537037037,
    0.9982638888888888,
    0.9988425925925926,
    0.9966724537037037,
    0.9984085648148148,
    0.9976851851851852
  ],
  "epoch_times_sec": [
    253.39516758918762,
    252.7737786769867,
    251.72896933555603,
    251.3325173854828,
    250.85612154006958,
    250.58402800559998,
    251.81500053405762,
    253.67781472206116,
    253.63370323181152,
    253.9014186859131,
    252.30575037002563,
    250.6448130607605,
    251.69460892677307,
    252.22014379501343,
    251.78262066841125,
    251.83494114875793,
    251.75794529914856,
    250.38919162750244,
    252.15067434310913,
    253.65658164024353,
    253.3162486553192,
    253.53258228302002,
    253.44790363311768,
    254.0804386138916,
    254.00661730766296,
    253.1341998577118,
    253.6356647014618,
    251.1692452430725,
    252.18826627731323
  ],
  "early_stop": {
    "enabled": true,
    "monitor": "val_loss",
    "best_epoch": 18,
    "best_value": 0.004103041853576778
  }
}