{
  "run_name": "fold_3",
  "train_losses": [
    0.24516619709526344,
    0.056988734654256835,
    0.04181615775513379,
    0.03351716729929712,
    0.03555258204686568,
    0.019702325662799915,
    0.016536829404673305,
    0.02304319794356765,
    0.02986341016715705,
    0.013315071526274438,
    0.012761279749550816,
    0.014198739705714072,
    0.013958243894151911,
    0.015247494705909824,
    0.020575385385508984,
    0.013910657248087113,
    0.0048870242305649415,
    0.01149613711279783,
    0.010115663779380007,
    0.012055580694450858,
    0.013150764547527977,
    0.01764423788510579,
    0.013494400325725362,
    0.009159853470994187,
    0.004485020361448107,
    0.0038613067178489557
  ],
  "val_losses": [
    0.059988732208256366,
    0.027143810026313143,
    0.012578715479725765,
    0.012113197527705106,
    0.012163672988578953,
    0.019000640266178245,
    0.014456610681480487,
    0.010591423140054016,
    0.007438234417888991,
    0.009600811031608222,
    0.012193840644882855,
    0.01137562144517519,
    0.0072046132904856845,
    0.007218362369005465,
    0.005862096699140103,
    0.003632046249549603,
    0.010881677553428474,
    0.008745459159534355,
    0.009753893677649709,
    0.013332999761957951,
    0.007735563589516527,
    0.006480845713802545,
    0.007315841701509069,
    0.004441571304562752,
    0.004436998302682898,
    0.005357821230669894
  ],
  "val_accs": [
    0.9850983796296297,
    0.9930555555555556,
    0.9976851851851852,
    0.9966724537037037,
    0.9965277777777778,
    0.9942129629629629,
    0.9978298611111112,
    0.9969618055555556,
    0.9982638888888888,
    0.9972511574074074,
    0.9966724537037037,
    0.9972511574074074,
    0.9978298611111112,
    0.9985532407407407,
    0.9988425925925926,
    0.9989872685185185,
    0.9969618055555556,
    0.9981192129629629,
    0.9981192129629629,
    0.9945023148148148,
    0.9979745370370371,
    0.9986979166666666,
    0.9985532407407407,
    0.9989872685185185,
    0.9989872685185185,
    0.9976851851851852
  ],
  "epoch_times_sec": [
    251.36794590950012,
    252.56027364730835,
    253.36891412734985,
    252.6809344291687,
    253.50801801681519,
    254.94628167152405,
    253.65561723709106,
    253.47242522239685,
    253.28432321548462,
    250.8385705947876,
    251.80289840698242,
    251.18004775047302,
    250.76125574111938,
    252.74764466285706,
    253.17643976211548,
    252.7192850112915,
    251.57662177085876,
    254.14759159088135,
    254.22586846351624,
    254.67788219451904,
    254.16141033172607,
    254.4112515449524,
    253.88141441345215,
    253.91944360733032,
    254.6163580417633,
    254.32754158973694
  ],
  "early_stop": {
    "enabled": true,
    "monitor": "val_loss",
    "best_epoch": 15,
    "best_value": 0.003632046249549603
  }
}