{
  "run_name": "fold_1",
  "train_losses": [
    0.23989137874908045,
    0.065948852876534,
    0.04050826878697537,
    0.03491968494124893,
    0.02626170723678587,
    0.02138563010664701,
    0.02703377182090074,
    0.02760202058575555,
    0.01013750946031,
    0.014503690490154958,
    0.012732106506745808,
    0.022556945783701154,
    0.013130243599917117,
    0.011115366535942965,
    0.012243779066258488,
    0.011856951798140612,
    0.016088735540464666,
    0.010898970269468957,
    0.017765387606949973,
    0.006557739039410704,
    0.011333966124818323,
    0.008683008595906575,
    0.0067643985894500136,
    0.007971053642511385
  ],
  "val_losses": [
    0.05267331000693418,
    0.029248563400297252,
    0.018492087937408575,
    0.017434775490848417,
    0.020171709516068437,
    0.03615421822932721,
    0.0261112805013976,
    0.008059592631373865,
    0.0081990119306957,
    0.00905548421185274,
    0.009949822815273094,
    0.009852764144953754,
    0.008207461868113131,
    0.004006462716831636,
    0.011231879698849903,
    0.015555978469449285,
    0.010731932942925832,
    0.008517577234468061,
    0.004436460254105946,
    0.009055212450524172,
    0.006214553986663102,
    0.005439376259649483,
    0.00642515713412582,
    0.006747059613526626
  ],
  "val_accs": [
    0.9820601851851852,
    0.9924768518518519,
    0.9942129629629629,
    0.9952256944444444,
    0.9955150462962963,
    0.9845196759259259,
    0.9945023148148148,
    0.9973958333333334,
    0.9975405092592593,
    0.9968171296296297,
    0.9973958333333334,
    0.9975405092592593,
    0.9973958333333334,
    0.9991319444444444,
    0.9959490740740741,
    0.9969618055555556,
    0.9968171296296297,
    0.9973958333333334,
    0.9984085648148148,
    0.9962384259259259,
    0.9979745370370371,
    0.9982638888888888,
    0.9982638888888888,
    0.9986979166666666
  ],
  "epoch_times_sec": [
    253.34249830245972,
    254.42453575134277,
    254.21564960479736,
    254.5681233406067,
    254.47322177886963,
    253.51538395881653,
    254.570725440979,
    253.98361778259277,
    253.70918655395508,
    254.34979844093323,
    253.98558378219604,
    254.25340938568115,
    254.29490447044373,
    253.06173539161682,
    253.39010190963745,
    254.20852398872375,
    253.87721705436707,
    253.57903051376343,
    253.8063714504242,
    253.93250799179077,
    252.22793221473694,
    253.1556315422058,
    253.74283647537231,
    253.99952960014343
  ],
  "early_stop": {
    "enabled": true,
    "monitor": "val_loss",
    "best_epoch": 13,
    "best_value": 0.004006462716831636
  }
}