{
  "run_name": "fold_4",
  "train_losses": [
    0.24167788851786715,
    0.0675866436672028,
    0.039454000273804246,
    0.03750850111294614,
    0.027857540481504194,
    0.024108987224115384,
    0.0257025179192987,
    0.016268780617012184,
    0.014925753714662206,
    0.025729099699187966,
    0.01227192399171344,
    0.012571158303842048,
    0.015254430606238531,
    0.01130067320811567,
    0.01931839744350941,
    0.008866587717014263,
    0.013193098460571854,
    0.012731046838293588,
    0.00875465968122745,
    0.0070636329610641625,
    0.016120935403180558
  ],
  "val_losses": [
    0.0725319718045217,
    0.036512219778227585,
    0.02212747350266134,
    0.0170908208022377,
    0.020465619144185137,
    0.011099943591505979,
    0.009192917777302986,
    0.0063415785698452964,
    0.02052749743463075,
    0.012650008291260477,
    0.004749102729504186,
    0.010139198858976468,
    0.005336965653070904,
    0.014042625520906531,
    0.007522920688239133,
    0.005245426309691673,
    0.0135143263312919,
    0.006123788772836431,
    0.00399513704771245,
    0.008000796026694675,
    0.00524076208940069
  ],
  "val_accs": [
    0.9807581018518519,
    0.9888599537037037,
    0.9927662037037037,
    0.9943576388888888,
    0.9947916666666666,
    0.9975405092592593,
    0.9976851851851852,
    0.9978298611111112,
    0.9924768518518519,
    0.9956597222222222,
    0.9986979166666666,
    0.9982638888888888,
    0.9982638888888888,
    0.9953703703703703,
    0.9978298611111112,
    0.9982638888888888,
    0.9973958333333334,
    0.9981192129629629,
    0.9988425925925926,
    0.9985532407407407,
    0.9982638888888888
  ],
  "epoch_times_sec": [
    255.03502106666565,
    255.08332872390747,
    255.6507694721222,
    255.29316401481628,
    254.1435534954071,
    252.36246633529663,
    252.93116235733032,
    255.18700909614563,
    253.47598361968994,
    254.87208032608032,
    256.30426478385925,
    255.96234369277954,
    254.36687994003296,
    256.38228058815,
    256.5911431312561,
    254.29692244529724,
    254.03677558898926,
    252.8027379512787,
    253.8698296546936,
    253.53625965118408,
    255.24611043930054
  ],
  "early_stop": {
    "enabled": true,
    "monitor": "val_loss",
    "best_epoch": 10,
    "best_value": 0.004749102729504186
  }
}