{
  "run_name": "fold_0",
  "train_losses": [
    0.23230688044525408,
    0.06356670266810667,
    0.0473282987691669,
    0.032158822359094674,
    0.02851518375704203,
    0.027000228246497164,
    0.022370383034555102,
    0.015782870364394814,
    0.027080584284569206,
    0.009858030551253318,
    0.014671226370679776,
    0.009277993306534848,
    0.012935265667490765,
    0.022567023668401548,
    0.011092303373583558,
    0.01251869752512128,
    0.00992123374237929,
    0.006645583685288632,
    0.015882107133047947,
    0.011363717239604469,
    0.011322585154428251,
    0.004531970389372738,
    0.020097887287664453,
    0.009543173842420974,
    0.00747326344140607,
    0.006145854773758738,
    0.005041061960784848,
    0.008887888226834346,
    0.009534385921984655,
    0.007214395040237933,
    0.007239402144343195
  ],
  "val_losses": [
    0.04907425016911603,
    0.03928377576496254,
    0.015654733908944275,
    0.011338198931185381,
    0.01965505106948202,
    0.023704961619596558,
    0.010312758675927241,
    0.03671925026946401,
    0.011425660651637415,
    0.006977218166664725,
    0.007902682864084423,
    0.00709224263751578,
    0.027033121763438653,
    0.012231784997258723,
    0.008043910023143195,
    0.009045263831242205,
    0.004868727000454865,
    0.020715868130663707,
    0.007859492928503804,
    0.011544739445670903,
    0.003552817043693521,
    0.004010717455231623,
    0.004161462856216033,
    0.004830479348233894,
    0.005038174274733702,
    0.003085392465427389,
    0.004277646874455259,
    0.019251455832101264,
    0.0075784042062756575,
    0.014933324297294687,
    0.005888899061568142
  ],
  "val_accs": [
    0.9806162302907565,
    0.9846665702300015,
    0.9953710400694344,
    0.9963836250542456,
    0.9945031100824534,
    0.9930565601041516,
    0.9965282800520758,
    0.99175466512368,
    0.9969622450455663,
    0.9982641400260379,
    0.9972515550412266,
    0.9978301750325473,
    0.9914653551280197,
    0.9960943150585853,
    0.9965282800520758,
    0.9963836250542456,
    0.9989874150151887,
    0.9949370750759439,
    0.9985534500216983,
    0.9947924200781137,
    0.999132070013019,
    0.9985534500216983,
    0.999132070013019,
    0.998408795023868,
    0.9988427600173586,
    0.9992767250108491,
    0.9988427600173586,
    0.994213800086793,
    0.9981194850282077,
    0.9973962100390569,
    0.9979748300303776
  ],
  "epoch_times_sec": [
    250.9801824092865,
    251.13229894638062,
    250.41199922561646,
    250.54959082603455,
    249.9720766544342,
    251.23310542106628,
    250.2973289489746,
    251.93723011016846,
    251.3720588684082,
    250.99513816833496,
    252.42296409606934,
    252.9127061367035,
    251.5128812789917,
    252.97336864471436,
    253.6436676979065,
    253.67878913879395,
    252.7155613899231,
    251.40089893341064,
    250.79008388519287,
    251.55450987815857,
    251.02212500572205,
    251.2848117351532,
    252.071839094162,
    251.373530626297,
    250.7485387325287,
    251.6930615901947,
    250.60118436813354,
    250.50712299346924,
    251.8723213672638,
    251.2882902622223,
    251.06889605522156
  ],
  "early_stop": {
    "enabled": true,
    "monitor": "val_loss",
    "best_epoch": 20,
    "best_value": 0.003552817043693521
  }
}