{
  "data_flag": "organamnist",
  "num_classes": 11,
  "class_names": [
    "bladder",
    "femur-left",
    "femur-right",
    "heart",
    "kidney-left",
    "kidney-right",
    "liver",
    "lung-left",
    "lung-right",
    "pancreas",
    "spleen"
  ],
  "is_ensemble": false,
  "metrics": {
    "accuracy": 0.9713128585892676,
    "balanced_accuracy": 0.9693364392895816,
    "auc": 0.9993735675805173
  },
  "confusion_matrix": [
    [
      993,
      1,
      2,
      0,
      7,
      14,
      0,
      0,
      0,
      18,
      1
    ],
    [
      0,
      768,
      13,
      0,
      3,
      0,
      0,
      0,
      0,
      0,
      0
    ],
    [
      0,
      16,
      769,
      0,
      6,
      2,
      0,
      0,
      0,
      0,
      0
    ],
    [
      0,
      0,
      0,
      743,
      1,
      0,
      0,
      34,
      0,
      0,
      7
    ],
    [
      26,
      16,
      2,
      0,
      1793,
      55,
      0,
      0,
      0,
      8,
      164
    ],
    [
      10,
      4,
      8,
      0,
      41,
      1893,
      0,
      0,
      0,
      1,
      8
    ],
    [
      0,
      0,
      0,
      0,
      0,
      0,
      3284,
      0,
      1,
      0,
      0
    ],
    [
      0,
      0,
      0,
      0,
      0,
      0,
      0,
      1746,
      0,
      0,
      1
    ],
    [
      0,
      0,
      0,
      0,
      0,
      0,
      26,
      0,
      1787,
      0,
      0
    ],
    [
      2,
      0,
      0,
      0,
      0,
      0,
      0,
      0,
      0,
      1610,
      10
    ],
    [
      0,
      0,
      0,
      0,
      1,
      0,
      0,
      0,
      0,
      1,
      1882
    ]
  ],
  "counts": {
    "n_samples": 17778
  },
  "timing": {
    "eval_wall_sec": 42.852778673172,
    "throughput_img_per_s": 414.8622458204776,
    "latency_ms_per_img": 2.4104386698825513
  }
}