{
  "data_flag": "organamnist",
  "num_classes": 11,
  "class_names": [
    "bladder",
    "femur-left",
    "femur-right",
    "heart",
    "kidney-left",
    "kidney-right",
    "liver",
    "lung-left",
    "lung-right",
    "pancreas",
    "spleen"
  ],
  "is_ensemble": false,
  "metrics": {
    "accuracy": 0.9720440994487569,
    "balanced_accuracy": 0.9668169692667415,
    "auc": 0.9991970728803551
  },
  "confusion_matrix": [
    [
      987,
      1,
      2,
      0,
      10,
      9,
      0,
      0,
      0,
      26,
      1
    ],
    [
      2,
      725,
      40,
      0,
      14,
      3,
      0,
      0,
      0,
      0,
      0
    ],
    [
      0,
      3,
      773,
      0,
      12,
      5,
      0,
      0,
      0,
      0,
      0
    ],
    [
      2,
      0,
      0,
      738,
      0,
      0,
      5,
      38,
      0,
      1,
      1
    ],
    [
      32,
      8,
      1,
      0,
      1830,
      18,
      0,
      0,
      0,
      25,
      150
    ],
    [
      10,
      0,
      0,
      0,
      50,
      1905,
      0,
      0,
      0,
      0,
      0
    ],
    [
      0,
      0,
      0,
      0,
      0,
      0,
      3276,
      0,
      9,
      0,
      0
    ],
    [
      0,
      0,
      0,
      0,
      0,
      0,
      0,
      1747,
      0,
      0,
      0
    ],
    [
      0,
      0,
      0,
      0,
      0,
      0,
      10,
      0,
      1803,
      0,
      0
    ],
    [
      0,
      0,
      0,
      0,
      0,
      0,
      0,
      0,
      0,
      1617,
      5
    ],
    [
      0,
      0,
      0,
      0,
      2,
      0,
      0,
      1,
      0,
      1,
      1880
    ]
  ],
  "counts": {
    "n_samples": 17778
  },
  "timing": {
    "eval_wall_sec": 42.85402011871338,
    "throughput_img_per_s": 414.85022760412505,
    "latency_ms_per_img": 2.4105085003213738
  }
}