{
  "data_flag": "organamnist",
  "num_classes": 11,
  "class_names": [
    "bladder",
    "femur-left",
    "femur-right",
    "heart",
    "kidney-left",
    "kidney-right",
    "liver",
    "lung-left",
    "lung-right",
    "pancreas",
    "spleen"
  ],
  "is_ensemble": true,
  "metrics": {
    "accuracy": 0.9780065249184385,
    "balanced_accuracy": 0.9760526645455356,
    "auc": 0.9994642082027309
  },
  "confusion_matrix": [
    [
      1005,
      1,
      2,
      0,
      8,
      10,
      0,
      0,
      0,
      10,
      0
    ],
    [
      0,
      771,
      8,
      0,
      5,
      0,
      0,
      0,
      0,
      0,
      0
    ],
    [
      0,
      2,
      772,
      0,
      17,
      2,
      0,
      0,
      0,
      0,
      0
    ],
    [
      0,
      0,
      0,
      747,
      0,
      0,
      0,
      34,
      0,
      0,
      4
    ],
    [
      21,
      15,
      1,
      0,
      1850,
      12,
      0,
      0,
      0,
      13,
      152
    ],
    [
      12,
      0,
      0,
      0,
      42,
      1908,
      0,
      0,
      0,
      0,
      3
    ],
    [
      0,
      0,
      0,
      0,
      0,
      0,
      3283,
      0,
      2,
      0,
      0
    ],
    [
      0,
      0,
      0,
      0,
      0,
      0,
      0,
      1746,
      0,
      0,
      1
    ],
    [
      0,
      0,
      0,
      0,
      0,
      0,
      6,
      0,
      1807,
      0,
      0
    ],
    [
      1,
      0,
      0,
      0,
      0,
      0,
      0,
      0,
      0,
      1615,
      6
    ],
    [
      0,
      0,
      0,
      0,
      0,
      0,
      0,
      0,
      0,
      1,
      1883
    ]
  ],
  "counts": {
    "n_samples": 17778
  },
  "timing": {
    "eval_wall_sec": 209.18861937522888,
    "throughput_img_per_s": 84.9855028112738,
    "latency_ms_per_img": 11.766712755947175
  }
}