{
  "data_flag": "organamnist",
  "num_classes": 11,
  "class_names": [
    "bladder",
    "femur-left",
    "femur-right",
    "heart",
    "kidney-left",
    "kidney-right",
    "liver",
    "lung-left",
    "lung-right",
    "pancreas",
    "spleen"
  ],
  "is_ensemble": false,
  "metrics": {
    "accuracy": 0.9694566317921026,
    "balanced_accuracy": 0.9682340085277975,
    "auc": 0.999333568576528
  },
  "confusion_matrix": [
    [
      998,
      1,
      2,
      0,
      22,
      4,
      0,
      0,
      0,
      9,
      0
    ],
    [
      0,
      765,
      15,
      0,
      4,
      0,
      0,
      0,
      0,
      0,
      0
    ],
    [
      1,
      1,
      766,
      0,
      25,
      0,
      0,
      0,
      0,
      0,
      0
    ],
    [
      0,
      0,
      0,
      753,
      0,
      0,
      0,
      30,
      0,
      0,
      2
    ],
    [
      26,
      23,
      2,
      2,
      1811,
      15,
      0,
      1,
      0,
      12,
      172
    ],
    [
      23,
      0,
      1,
      0,
      100,
      1827,
      0,
      0,
      0,
      0,
      14
    ],
    [
      0,
      0,
      0,
      0,
      0,
      0,
      3284,
      0,
      1,
      0,
      0
    ],
    [
      0,
      0,
      0,
      0,
      0,
      0,
      0,
      1746,
      0,
      0,
      1
    ],
    [
      0,
      0,
      0,
      0,
      0,
      0,
      4,
      0,
      1809,
      0,
      0
    ],
    [
      2,
      0,
      0,
      0,
      5,
      0,
      0,
      0,
      0,
      1600,
      15
    ],
    [
      0,
      0,
      0,
      5,
      2,
      0,
      0,
      0,
      0,
      1,
      1876
    ]
  ],
  "counts": {
    "n_samples": 17778
  },
  "timing": {
    "eval_wall_sec": 42.72902464866638,
    "throughput_img_per_s": 416.0637914433385,
    "latency_ms_per_img": 2.403477593017571
  }
}