{
  "data_flag": "organamnist",
  "num_classes": 11,
  "class_names": [
    "bladder",
    "femur-left",
    "femur-right",
    "heart",
    "kidney-left",
    "kidney-right",
    "liver",
    "lung-left",
    "lung-right",
    "pancreas",
    "spleen"
  ],
  "is_ensemble": false,
  "metrics": {
    "accuracy": 0.969625379682754,
    "balanced_accuracy": 0.9676913331075632,
    "auc": 0.9991716767466635
  },
  "confusion_matrix": [
    [
      1015,
      0,
      2,
      0,
      12,
      7,
      0,
      0,
      0,
      0,
      0
    ],
    [
      1,
      767,
      2,
      0,
      9,
      5,
      0,
      0,
      0,
      0,
      0
    ],
    [
      0,
      10,
      766,
      0,
      17,
      0,
      0,
      0,
      0,
      0,
      0
    ],
    [
      4,
      0,
      0,
      735,
      2,
      0,
      2,
      29,
      0,
      0,
      13
    ],
    [
      29,
      20,
      0,
      0,
      1859,
      24,
      0,
      0,
      0,
      3,
      129
    ],
    [
      27,
      0,
      0,
      0,
      100,
      1835,
      0,
      0,
      0,
      0,
      3
    ],
    [
      0,
      0,
      0,
      0,
      0,
      0,
      3282,
      0,
      3,
      0,
      0
    ],
    [
      0,
      0,
      0,
      0,
      3,
      0,
      0,
      1699,
      0,
      0,
      45
    ],
    [
      0,
      0,
      0,
      0,
      0,
      0,
      9,
      0,
      1804,
      0,
      0
    ],
    [
      9,
      0,
      0,
      0,
      0,
      0,
      0,
      0,
      0,
      1611,
      2
    ],
    [
      1,
      0,
      0,
      0,
      18,
      0,
      0,
      0,
      0,
      0,
      1865
    ]
  ],
  "counts": {
    "n_samples": 17778
  },
  "timing": {
    "eval_wall_sec": 45.652780294418335,
    "throughput_img_per_s": 389.4176846480826,
    "latency_ms_per_img": 2.567936792351127
  }
}