{
  "data_flag": "organamnist",
  "num_classes": 11,
  "class_names": [
    "bladder",
    "femur-left",
    "femur-right",
    "heart",
    "kidney-left",
    "kidney-right",
    "liver",
    "lung-left",
    "lung-right",
    "pancreas",
    "spleen"
  ],
  "is_ensemble": false,
  "metrics": {
    "accuracy": 0.966700416244797,
    "balanced_accuracy": 0.9639726791122307,
    "auc": 0.9990373017104889
  },
  "confusion_matrix": [
    [
      978,
      3,
      0,
      0,
      13,
      14,
      0,
      0,
      0,
      27,
      1
    ],
    [
      0,
      758,
      14,
      0,
      8,
      3,
      0,
      0,
      0,
      1,
      0
    ],
    [
      0,
      7,
      766,
      0,
      3,
      17,
      0,
      0,
      0,
      0,
      0
    ],
    [
      1,
      0,
      0,
      734,
      0,
      0,
      1,
      47,
      0,
      0,
      2
    ],
    [
      26,
      45,
      2,
      0,
      1740,
      32,
      0,
      0,
      0,
      57,
      162
    ],
    [
      13,
      1,
      1,
      0,
      33,
      1902,
      0,
      0,
      0,
      11,
      4
    ],
    [
      3,
      0,
      0,
      0,
      0,
      0,
      3264,
      0,
      18,
      0,
      0
    ],
    [
      0,
      0,
      0,
      0,
      0,
      0,
      0,
      1747,
      0,
      0,
      0
    ],
    [
      0,
      0,
      0,
      0,
      0,
      0,
      0,
      0,
      1813,
      0,
      0
    ],
    [
      4,
      0,
      0,
      0,
      1,
      0,
      0,
      0,
      0,
      1610,
      7
    ],
    [
      3,
      0,
      0,
      1,
      2,
      0,
      0,
      3,
      0,
      1,
      1874
    ]
  ],
  "counts": {
    "n_samples": 17778
  },
  "timing": {
    "eval_wall_sec": 42.71634244918823,
    "throughput_img_per_s": 416.18731803049883,
    "latency_ms_per_img": 2.4027642282139854
  }
}