{
  "run_name": "fold_1",
  "train_losses": [
    1.7371699243783951,
    1.473829272389412,
    1.406152394413948,
    1.3234206438064575,
    1.235664039850235,
    1.3316188484430314,
    1.2081888541579247,
    1.1248508989810944,
    1.162720075249672,
    1.0577914401888848,
    1.0768929958343505,
    0.9351456388831139,
    0.9193073704838752,
    0.9470707461237907,
    0.9291101917624474,
    0.8394634425640106,
    0.8163540296256542,
    0.8732475511729717,
    0.7892185524106026,
    0.7954605989158153,
    0.757381109148264,
    0.7337636090815067,
    0.6990421772003174,
    0.6475010611116886,
    0.7081335812807084,
    0.6720347508788109,
    0.5982855655252933,
    0.7013559676706791,
    0.6556451253592968,
    0.6663025632500649
  ],
  "val_losses": [
    6.522915558381514,
    1.687912572513927,
    2.4513037258928474,
    1.2940743132071062,
    2.15653010931882,
    2.406744046644731,
    1.1966871673410588,
    1.6471746618097478,
    1.7943978851491755,
    1.350008636713028,
    1.096478819847107,
    2.174527341669256,
    0.9754699963060293,
    1.4607297507199375,
    1.2222689606926658,
    1.3273059898479418,
    1.7072921178557656,
    1.5473114888776431,
    1.0986940481446006,
    0.7571438456123526,
    1.2390977577729658,
    1.1271445128050717,
    1.0883820327845486,
    1.364893999966708,
    1.6176098221066324,
    1.4788962006568909,
    1.6589596596631138,
    1.4768255136229775,
    1.014307271350514,
    1.2381020242517644
  ],
  "val_accs": [
    0.1419656786271451,
    0.4204368174726989,
    0.6840873634945398,
    0.5624024960998439,
    0.6154446177847114,
    0.45241809672386896,
    0.5881435257410297,
    0.44773790951638065,
    0.5507020280811232,
    0.5795631825273011,
    0.6895475819032761,
    0.6146645865834633,
    0.6193447737909517,
    0.5421216848673946,
    0.624804992199688,
    0.4984399375975039,
    0.6521060842433697,
    0.65600624024961,
    0.6372854914196567,
    0.6365054602184087,
    0.7262090483619345,
    0.7238689547581904,
    0.7074882995319812,
    0.6427457098283932,
    0.5811232449297972,
    0.6887675507020281,
    0.5982839313572543,
    0.734009360374415,
    0.6489859594383776,
    0.6739469578783152
  ],
  "epoch_times_sec": [
    6.996354103088379,
    4.962407112121582,
    4.998668670654297,
    4.990369081497192,
    5.042276859283447,
    5.1593732833862305,
    5.100152015686035,
    5.063024282455444,
    5.051622152328491,
    5.000247478485107,
    4.958721399307251,
    4.852534770965576,
    5.032835006713867,
    4.957357883453369,
    4.903172969818115,
    4.963553190231323,
    5.060017108917236,
    5.005252838134766,
    4.998013019561768,
    5.037294626235962,
    5.1270081996917725,
    5.1809306144714355,
    5.042398929595947,
    4.875804901123047,
    5.035557985305786,
    4.904230833053589,
    5.117177963256836,
    5.087148904800415,
    5.019583225250244,
    5.005950450897217
  ],
  "total_train_sec": 153.2842812538147,
  "early_stop": {
    "enabled": true,
    "monitor": "val_loss",
    "best_epoch": 19,
    "best_value": 0.7571438456123526
  }
}