{
  "run_name": "fold_3",
  "train_losses": [
    1.7948831260204314,
    1.5454749912023544,
    1.3250976115465165,
    1.3257932007312774,
    1.2161164864897729,
    1.1933186963200568,
    1.202807728946209,
    1.1484851688146591,
    1.1157429546117783,
    1.0498375654220582,
    1.0415113106369973,
    0.956578940153122,
    0.9645686492323875,
    0.9323137566447258,
    0.8540595918893814,
    0.8737703487277031,
    0.9208890363574028,
    0.8606601238250733,
    0.7846520707011223,
    0.6945865154266357,
    0.7072953000664711,
    0.7144670225679874,
    0.7219632610678672,
    0.6301059432327747,
    0.6732140697538853,
    0.6685538247227669,
    0.6321428187191487,
    0.6337448038160801,
    0.6111755117774009
  ],
  "val_losses": [
    2.702753099528226,
    1.381857243451205,
    1.51891075481068,
    2.0955673564564097,
    1.4419294108044018,
    1.1282033893195065,
    1.1752967563542454,
    1.2979557378725572,
    2.0071676536039873,
    1.71644436229359,
    1.3233049782839688,
    1.1866354021159085,
    1.391191853718324,
    1.1484644575552507,
    1.3425388011065396,
    1.099371387199922,
    1.582914792678573,
    1.2205158092758872,
    1.0082062853669578,
    1.4764230251312256,
    1.0818358692128889,
    1.1771511449055239,
    1.3029092103242874,
    1.1216202246194535,
    1.3949647600000554,
    1.039578234607523,
    1.1357072591781616,
    1.0984120650682598,
    1.2911061153493144
  ],
  "val_accs": [
    0.2716627634660422,
    0.5628415300546448,
    0.7142857142857143,
    0.42232630757220924,
    0.6518345042935206,
    0.5628415300546448,
    0.6651053864168618,
    0.5729898516783762,
    0.5784543325526932,
    0.5448868071818892,
    0.5144418423106948,
    0.6042154566744731,
    0.6057767369242779,
    0.652615144418423,
    0.6494925839188135,
    0.7080405932864949,
    0.5144418423106948,
    0.7088212334113974,
    0.5917252146760343,
    0.6416861826697893,
    0.6627634660421545,
    0.7002341920374707,
    0.6713505074160812,
    0.6744730679156908,
    0.7236533957845434,
    0.7330210772833724,
    0.6549570647931303,
    0.682279469164715,
    0.6229508196721312
  ],
  "epoch_times_sec": [
    7.0738489627838135,
    5.00552773475647,
    4.981679201126099,
    5.173380374908447,
    5.057443857192993,
    5.083485841751099,
    5.096463441848755,
    4.970318555831909,
    4.994629144668579,
    5.118855953216553,
    5.104221820831299,
    4.928080320358276,
    4.916641473770142,
    5.101766586303711,
    5.088144540786743,
    5.038649320602417,
    5.010709524154663,
    5.064769744873047,
    5.057133197784424,
    5.098057746887207,
    4.856927394866943,
    4.8874311447143555,
    4.99282169342041,
    5.005047082901001,
    4.870161771774292,
    5.067147254943848,
    4.877283811569214,
    4.880001544952393,
    5.135305404663086
  ],
  "total_train_sec": 148.2649528980255,
  "early_stop": {
    "enabled": true,
    "monitor": "val_loss",
    "best_epoch": 18,
    "best_value": 1.0082062853669578
  }
}