{
  "run_name": "fold_4",
  "train_losses": [
    1.8640335142612456,
    1.6117325305938721,
    1.4426257580518722,
    1.379086473584175,
    1.4021802335977553,
    1.284186689555645,
    1.2161303728818893,
    1.234393510222435,
    1.2364925295114517,
    1.155706275999546,
    1.2163450881838798,
    1.0868975877761842,
    1.0586096554994584,
    1.0533785611391067,
    1.0688804179430007,
    0.9714496374130249,
    0.9543163537979126,
    0.9774926900863647,
    0.9234406277537346,
    0.8806480154395103,
    0.886172616481781,
    0.7919992357492447,
    0.770293603092432,
    0.7974446609616279,
    0.8314595177769661
  ],
  "val_losses": [
    2.9226923205635766,
    1.3513581156730652,
    1.1538281339136036,
    1.412289784459228,
    1.0656339255246243,
    1.070941654113085,
    1.3184023393445055,
    1.4044550548900256,
    1.2687610275620087,
    1.547886510464278,
    1.001747192306952,
    1.1709613800048815,
    1.4644087994344195,
    1.2860020461217077,
    0.9995657855814154,
    1.0385531233200296,
    1.3088508864695376,
    1.6143460598108172,
    1.3388179591433569,
    1.0077395798950668,
    1.0866918442770839,
    1.601919855245135,
    1.0710393945945809,
    1.4427640320857542,
    1.0753036060116508
  ],
  "val_accs": [
    0.24121779859484777,
    0.3583138173302108,
    0.6276346604215457,
    0.5183450429352069,
    0.6026541764246682,
    0.5573770491803278,
    0.4566744730679157,
    0.4067135050741608,
    0.7103825136612022,
    0.5737704918032787,
    0.5511319281811085,
    0.6557377049180327,
    0.7439500390320063,
    0.5081967213114754,
    0.615144418423107,
    0.6854020296643247,
    0.6198282591725215,
    0.702576112412178,
    0.5675253708040593,
    0.6900858704137393,
    0.6994535519125683,
    0.522248243559719,
    0.6947697111631538,
    0.6252927400468384,
    0.565183450429352
  ],
  "epoch_times_sec": [
    6.8473193645477295,
    5.046043634414673,
    4.937607526779175,
    4.873785018920898,
    5.0239598751068115,
    5.023478269577026,
    5.01634669303894,
    5.079977750778198,
    4.960515260696411,
    4.910982608795166,
    5.018381595611572,
    4.976489305496216,
    5.058351278305054,
    4.978693246841431,
    5.031038999557495,
    4.9083356857299805,
    5.019231081008911,
    5.096252679824829,
    4.972141981124878,
    5.041822910308838,
    4.89535117149353,
    4.939418077468872,
    4.962611675262451,
    4.982296705245972,
    4.937839508056641
  ],
  "total_train_sec": 127.23318266868591,
  "early_stop": {
    "enabled": true,
    "monitor": "val_loss",
    "best_epoch": 14,
    "best_value": 0.9995657855814154
  }
}