{
  "run_name": "fold_2",
  "train_losses": [
    1.8422778069972991,
    1.5404365211725235,
    1.4874798834323884,
    1.4410079330205918,
    1.3477162376046181,
    1.274608665704727,
    1.3040779143571855,
    1.2255105689167975,
    1.1517193153500558,
    1.1707167640328406,
    1.0533813923597335,
    1.0601100668311119,
    0.9858572870492935,
    1.0027407646179198,
    0.9830547735095024,
    0.8823039576411247
  ],
  "val_losses": [
    1.8360973488200794,
    1.5464200973510742,
    1.7476128989999944,
    1.6528109528801658,
    1.3787779970602556,
    1.1645628809928894,
    2.034671414982189,
    1.2664062922651118,
    1.6737395308234475,
    1.498017132282257,
    1.2718297188932246,
    2.2663862813602793,
    1.388226563280279,
    2.5276528163389727,
    1.216464882547205,
    1.445577691901814
  ],
  "val_accs": [
    0.43525741029641185,
    0.6209048361934477,
    0.3244929797191888,
    0.4516380655226209,
    0.5280811232449298,
    0.6450858034321373,
    0.6575663026521061,
    0.6123244929797191,
    0.5460218408736349,
    0.7098283931357254,
    0.6076443057722309,
    0.25585023400936036,
    0.5444617784711389,
    0.4110764430577223,
    0.6856474258970359,
    0.6326053042121685
  ],
  "epoch_times_sec": [
    6.884080410003662,
    4.921141147613525,
    4.8888328075408936,
    5.0480735301971436,
    4.957731485366821,
    5.125894784927368,
    4.801210165023804,
    5.112963438034058,
    4.800237655639648,
    5.1085662841796875,
    5.0072832107543945,
    4.940822601318359,
    4.954632043838501,
    4.959124326705933,
    4.960720777511597,
    4.873039245605469
  ],
  "total_train_sec": 81.81704211235046,
  "early_stop": {
    "enabled": true,
    "monitor": "val_loss",
    "best_epoch": 5,
    "best_value": 1.1645628809928894
  }
}