{
  "run_name": "fold_0",
  "train_losses": [
    1.8071828573942184,
    1.6444197326898575,
    1.6198173105716704,
    1.5213928759098052,
    1.4113135993480683,
    1.3173093497753143,
    1.3583777338266372,
    1.3177565574645995,
    1.200958649814129,
    1.1813217207789422,
    1.1090008735656738,
    1.1456463485956192,
    1.2403779953718186,
    1.1954995274543763,
    1.077180203795433,
    1.067915903031826,
    1.149590688943863,
    0.9602667912840843,
    0.9451269403100013,
    0.895263160020113,
    0.9404154196381569,
    0.863652566075325,
    0.8768881164491177,
    0.7730848550796509,
    0.7320402733981609,
    0.6944843478500843,
    0.853069680929184,
    0.7835513949394226,
    0.8624871537089348,
    0.7083128973841667,
    0.6421746887266636,
    0.6023740962147712,
    0.6622436448931694,
    0.5907915651798248,
    0.5705085977911949
  ],
  "val_losses": [
    2.683616303923455,
    2.568364854753864,
    1.9335207614031704,
    1.2280161394314333,
    1.2790896316820926,
    1.1628933168778366,
    1.1332298490134152,
    1.1905384743586183,
    1.2092141013761812,
    1.190428232096813,
    2.507441769946705,
    1.1606115184047006,
    1.4868322285738858,
    1.0041897080161355,
    1.0775944563475521,
    1.188626442104578,
    1.5660224587825888,
    1.0025975449666888,
    0.9838365700773217,
    1.2310529554432088,
    1.1869870830665936,
    1.0797612016851252,
    1.0298701829530976,
    1.2050999890674243,
    0.9443999295207587,
    1.261935605244203,
    1.1188968142325229,
    1.0986006070267071,
    1.097381486303427,
    1.0988078600811688,
    0.9435553114691918,
    1.2847931615330956,
    1.060350619595159,
    1.2287278588522563,
    2.405254689129916
  ],
  "val_accs": [
    0.5031201248049922,
    0.6341653666146646,
    0.35257410296411856,
    0.5444617784711389,
    0.5577223088923557,
    0.5959438377535101,
    0.4797191887675507,
    0.6154446177847114,
    0.6505460218408736,
    0.6201248049921997,
    0.1856474258970359,
    0.5850234009360374,
    0.32761310452418096,
    0.5694227769110765,
    0.5686427457098284,
    0.608424336973479,
    0.6614664586583463,
    0.6989079563182528,
    0.6521060842433697,
    0.6302652106084243,
    0.6006240249609984,
    0.6302652106084243,
    0.6365054602184087,
    0.6911076443057722,
    0.7074882995319812,
    0.6778471138845554,
    0.6848673946957878,
    0.6747269890795632,
    0.7059282371294852,
    0.7129485179407177,
    0.6653666146645866,
    0.6926677067082684,
    0.734009360374415,
    0.7301092043681747,
    0.5187207488299532
  ],
  "epoch_times_sec": [
    7.175838947296143,
    5.101516485214233,
    5.097237586975098,
    5.170628309249878,
    5.154606342315674,
    5.230701923370361,
    5.084957599639893,
    5.050663709640503,
    5.086612224578857,
    5.062759876251221,
    4.985225439071655,
    5.134073257446289,
    5.061744451522827,
    5.109302282333374,
    5.163846492767334,
    5.06784987449646,
    5.10998010635376,
    4.9659600257873535,
    5.049415111541748,
    5.187881946563721,
    5.099027156829834,
    5.171353101730347,
    5.2401909828186035,
    5.094311475753784,
    5.221921443939209,
    5.222382307052612,
    5.00724458694458,
    5.188762426376343,
    5.071803331375122,
    4.978091716766357,
    5.127302646636963,
    5.13642692565918,
    5.1821794509887695,
    5.13473916053772,
    5.144315719604492
  ],
  "total_train_sec": 182.1089949607849,
  "early_stop": {
    "enabled": true,
    "monitor": "val_loss",
    "best_epoch": 24,
    "best_value": 0.9443999295207587
  }
}