{
  "data_flag": "dermamnist",
  "num_classes": 7,
  "class_names": [
    "actinic keratoses and intraepithelial carcinoma",
    "basal cell carcinoma",
    "benign keratosis-like lesions",
    "dermatofibroma",
    "melanoma",
    "melanocytic nevi",
    "vascular lesions"
  ],
  "is_ensemble": true,
  "metrics": {
    "accuracy": 0.7167082294264339,
    "balanced_accuracy": 0.7610491139297901,
    "auc": 0.9475289922795208
  },
  "confusion_matrix": [
    [
      48,
      10,
      5,
      1,
      2,
      0,
      0
    ],
    [
      8,
      84,
      2,
      3,
      3,
      0,
      3
    ],
    [
      22,
      9,
      156,
      3,
      17,
      13,
      0
    ],
    [
      0,
      2,
      0,
      18,
      0,
      3,
      0
    ],
    [
      21,
      7,
      32,
      3,
      126,
      30,
      4
    ],
    [
      15,
      33,
      130,
      13,
      155,
      976,
      19
    ],
    [
      0,
      0,
      0,
      0,
      0,
      0,
      29
    ]
  ],
  "counts": {
    "n_samples": 2005
  },
  "timing": {
    "eval_wall_sec": 2.1835272312164307,
    "throughput_img_per_s": 918.2390635371311,
    "latency_ms_per_img": 1.0890410130755266
  }
}