{
  "data_flag": "dermamnist",
  "num_classes": 7,
  "class_names": [
    "actinic keratoses and intraepithelial carcinoma",
    "basal cell carcinoma",
    "benign keratosis-like lesions",
    "dermatofibroma",
    "melanoma",
    "melanocytic nevi",
    "vascular lesions"
  ],
  "is_ensemble": false,
  "metrics": {
    "accuracy": 0.7226932668329177,
    "balanced_accuracy": 0.7083680204766898,
    "auc": 0.9413512788790755
  },
  "confusion_matrix": [
    [
      50,
      8,
      6,
      1,
      0,
      1,
      0
    ],
    [
      7,
      82,
      2,
      1,
      1,
      9,
      1
    ],
    [
      26,
      9,
      109,
      1,
      51,
      23,
      1
    ],
    [
      0,
      3,
      1,
      13,
      1,
      4,
      1
    ],
    [
      25,
      4,
      12,
      1,
      136,
      40,
      5
    ],
    [
      29,
      29,
      42,
      3,
      190,
      1031,
      17
    ],
    [
      0,
      1,
      0,
      0,
      0,
      0,
      28
    ]
  ],
  "counts": {
    "n_samples": 2005
  },
  "timing": {
    "eval_wall_sec": 1.669520616531372,
    "throughput_img_per_s": 1200.9435404072017,
    "latency_ms_per_img": 0.8326786117363452
  }
}