{
  "data_flag": "dermamnist",
  "num_classes": 7,
  "class_names": [
    "actinic keratoses and intraepithelial carcinoma",
    "basal cell carcinoma",
    "benign keratosis-like lesions",
    "dermatofibroma",
    "melanoma",
    "melanocytic nevi",
    "vascular lesions"
  ],
  "is_ensemble": false,
  "metrics": {
    "accuracy": 0.6,
    "balanced_accuracy": 0.6142035864112639,
    "auc": 0.9019352180052701
  },
  "confusion_matrix": [
    [
      45,
      12,
      6,
      0,
      3,
      0,
      0
    ],
    [
      12,
      73,
      3,
      7,
      3,
      1,
      4
    ],
    [
      65,
      23,
      69,
      5,
      43,
      15,
      0
    ],
    [
      5,
      4,
      2,
      9,
      1,
      2,
      0
    ],
    [
      22,
      9,
      16,
      5,
      145,
      22,
      4
    ],
    [
      21,
      92,
      78,
      16,
      261,
      835,
      38
    ],
    [
      0,
      0,
      0,
      1,
      0,
      1,
      27
    ]
  ],
  "counts": {
    "n_samples": 2005
  },
  "timing": {
    "eval_wall_sec": 0.9065489768981934,
    "throughput_img_per_s": 2211.684146244604,
    "latency_ms_per_img": 0.45214412812877475
  }
}