{
  "run_name": "fold_2",
  "train_losses": [
    0.42467299432438965,
    0.18711847231230316,
    0.14548198889721842,
    0.12113354220876799,
    0.12835325317128615,
    0.10723436032147969,
    0.09069853213013095,
    0.07160589753595345,
    0.06941458867753253,
    0.06912495026036221,
    0.07955802897648777,
    0.0683734742239775,
    0.05432264314731583,
    0.06231053863816401,
    0.05176893190261634,
    0.062440307078170866,
    0.05600911973263411,
    0.05838935964686029,
    0.06175225726602709
  ],
  "val_losses": [
    0.6277516161402067,
    0.4534423351287842,
    0.3613526713516977,
    0.12016011955630448,
    0.14718227895597616,
    0.4449420968691508,
    0.2775994301256206,
    0.21872796159651545,
    0.06735099722734755,
    0.16296004462573263,
    0.1427156237574915,
    0.07808347874217564,
    0.09796726776079999,
    0.12387060441283716,
    0.5122874776522318,
    0.18907028643621338,
    0.07380466062265138,
    0.15647538813451925,
    0.3965144041511748
  ],
  "val_accs": [
    0.887517146776406,
    0.881572930955647,
    0.9213534522176497,
    0.965249199817101,
    0.9579332418838592,
    0.8893461362597165,
    0.9451303155006858,
    0.9391860996799268,
    0.9757658893461363,
    0.9606767261088248,
    0.9570187471422039,
    0.9597622313671696,
    0.9711934156378601,
    0.9643347050754458,
    0.9035208047553727,
    0.9405578417924096,
    0.9743941472336534,
    0.9643347050754458,
    0.9035208047553727
  ],
  "epoch_times_sec": [
    10.714188814163208,
    7.9380269050598145,
    7.8038105964660645,
    7.869577169418335,
    7.905616044998169,
    7.830239534378052,
    7.898136854171753,
    7.834977149963379,
    7.842664003372192,
    7.98474645614624,
    7.8469202518463135,
    7.884514331817627,
    7.869519472122192,
    7.974240064620972,
    7.697859764099121,
    7.911291599273682,
    7.978366851806641,
    7.854078531265259,
    7.8362836837768555
  ],
  "total_train_sec": 152.99319458007812,
  "early_stop": {
    "enabled": true,
    "monitor": "val_loss",
    "best_epoch": 8,
    "best_value": 0.06735099722734755
  }
}