{
  "run_name": "fold_3",
  "train_losses": [
    0.3743580661933212,
    0.18424605567227392,
    0.1421988631653435,
    0.13695436453118043,
    0.11637099711772274,
    0.10451972898205414,
    0.08256222055677105,
    0.09415828181868967,
    0.07278246448977906,
    0.0675098334083005,
    0.07115764390019809,
    0.05525407036903369,
    0.0681987422901918,
    0.06967014713925035,
    0.04552769948564032,
    0.04995601648903068,
    0.059637038386426866,
    0.05025328932713498,
    0.0554408479742158,
    0.040930825600619704,
    0.028361553641255286,
    0.03473247710944099,
    0.045231091053745544,
    0.06307429514880128,
    0.05000542139853625,
    0.045232928549761284,
    0.04211010175811894,
    0.03765244910027832,
    0.03816881537889404,
    0.029042432103511494,
    0.041102670300888884
  ],
  "val_losses": [
    1.5443233648935955,
    0.2773948713309235,
    0.1419126441307728,
    0.5568486725290617,
    0.2796689761388633,
    0.16886349317307273,
    0.15026140478180927,
    0.1032494420133945,
    0.273852765146229,
    0.2590053554158658,
    0.09783096313993964,
    0.10762265803188914,
    0.42941976173056495,
    0.14878287841242532,
    0.10342456038577236,
    0.18468637750387037,
    0.12236912547248519,
    0.09493045953584239,
    0.11477084545832542,
    0.09716038222394571,
    0.08462965124337846,
    0.13404080396220605,
    0.15449667531841746,
    0.2021251329764103,
    0.08787603677612627,
    0.12441962713071714,
    0.12255054822809244,
    0.2614812732588487,
    0.09011418681438954,
    0.13178011535354825,
    0.2687660739239719
  ],
  "val_accs": [
    0.6360310928212163,
    0.9199817101051669,
    0.9588477366255144,
    0.866026520347508,
    0.9391860996799268,
    0.9547325102880658,
    0.9588477366255144,
    0.9679926840420667,
    0.904435299497028,
    0.9250114311842706,
    0.9675354366712391,
    0.9702789208962048,
    0.8705989940557842,
    0.9634202103337905,
    0.9743941472336534,
    0.9346136259716507,
    0.9657064471879286,
    0.9670781893004116,
    0.9666209419295839,
    0.9693644261545497,
    0.9743941472336534,
    0.9670781893004116,
    0.9611339734796525,
    0.9433013260173754,
    0.9725651577503429,
    0.9661636945587563,
    0.9666209419295839,
    0.9460448102423411,
    0.9762231367169639,
    0.9675354366712391,
    0.9373571101966164
  ],
  "epoch_times_sec": [
    10.700421810150146,
    7.761166334152222,
    7.811135530471802,
    7.769269943237305,
    7.902018070220947,
    7.882034063339233,
    7.918083429336548,
    7.8316450119018555,
    7.789956331253052,
    7.849837303161621,
    7.922659635543823,
    7.80144476890564,
    7.762509107589722,
    7.890860080718994,
    7.826308727264404,
    7.88329553604126,
    7.875965595245361,
    7.680870056152344,
    7.917653322219849,
    7.7861151695251465,
    7.801713705062866,
    7.744024276733398,
    7.805614948272705,
    7.860630512237549,
    7.7970781326293945,
    7.722531318664551,
    7.713687419891357,
    7.88640570640564,
    7.859065532684326,
    7.743126630783081,
    7.772558689117432
  ],
  "total_train_sec": 246.02976393699646,
  "early_stop": {
    "enabled": true,
    "monitor": "val_loss",
    "best_epoch": 20,
    "best_value": 0.08462965124337846
  }
}