{
  "run_name": "fold_4",
  "train_losses": [
    0.37594010001596284,
    0.18929375039742274,
    0.1470851140535053,
    0.14365786253748572,
    0.10273001903174993,
    0.10734055432326653,
    0.07654695308712475,
    0.10112029171603568,
    0.06677695119972615,
    0.06886301630669657,
    0.06917854961391319,
    0.06748597074628752,
    0.054694717387011385,
    0.0525132468490697,
    0.04366510209408315,
    0.049681242610163545
  ],
  "val_losses": [
    2.521733002530204,
    0.8296134852700763,
    0.6075866234799226,
    0.5284472737047408,
    0.7194273305746416,
    0.07081208961689198,
    0.11050997255370021,
    0.3007556562208467,
    0.08887419021791881,
    0.11631637708180481,
    0.17671399798645224,
    0.0921632265413387,
    0.09689376254229704,
    0.2514852595243913,
    0.07925504029521512,
    0.17804895636315146
  ],
  "val_accs": [
    0.5989940557841792,
    0.7636031092821216,
    0.8139003200731596,
    0.866026520347508,
    0.9039780521262003,
    0.9775948788294467,
    0.9721079103795153,
    0.9245541838134431,
    0.9679926840420667,
    0.9643347050754458,
    0.9606767261088248,
    0.974851394604481,
    0.9739368998628258,
    0.9483310470964792,
    0.9775948788294467,
    0.9368998628257887
  ],
  "epoch_times_sec": [
    10.84983229637146,
    7.950765609741211,
    7.9263527393341064,
    7.9186084270477295,
    8.033469438552856,
    8.042143106460571,
    7.946571588516235,
    7.881662607192993,
    7.976289749145508,
    7.969698905944824,
    7.976030349731445,
    7.874542236328125,
    7.939275026321411,
    8.006102323532104,
    8.059574365615845,
    7.9897966384887695
  ],
  "total_train_sec": 130.8424196243286,
  "early_stop": {
    "enabled": true,
    "monitor": "val_loss",
    "best_epoch": 5,
    "best_value": 0.07081208961689198
  }
}