{
  "run_name": "fold_1",
  "train_losses": [
    0.3895400093101403,
    0.20312512633116805,
    0.13583845272660255,
    0.12926254947395885,
    0.09520808306029614,
    0.11039696391397978,
    0.09105577467776396,
    0.08844470849041552,
    0.07844363906256416,
    0.06994152271791416,
    0.06060141672873322,
    0.07721506745335371,
    0.07405148946460993,
    0.056955605265958345,
    0.05348108096650856,
    0.054439402801696866,
    0.04313744007445434,
    0.05505353313706377,
    0.05112001988078084,
    0.05517414267010549,
    0.05640692309038166,
    0.055519852444858235,
    0.047544412451851016,
    0.03176013635033194,
    0.04384211063905455,
    0.03858066691250047,
    0.041714794406503,
    0.043687447960324144,
    0.026208889009841883,
    0.021711845723021886,
    0.04311395755297888,
    0.04427946812938899,
    0.04398507526253953,
    0.026499302395249662,
    0.040724698878715146,
    0.034128244034945965,
    0.02714427514001727,
    0.01775242086082204,
    0.026706423315986553,
    0.017795060437706792,
    0.043404628402854806,
    0.0320825022080338
  ],
  "val_losses": [
    0.301736992266443,
    0.27835307353072697,
    0.32684306645145017,
    0.10830241930671036,
    0.19579883367340598,
    0.1046965874136529,
    0.24588898652129704,
    0.5434914860460494,
    0.07252834763170944,
    0.20035227874500883,
    0.1364816013827092,
    0.25922511000600124,
    0.4077664555774795,
    0.07755313164347576,
    0.06851689315711458,
    0.09605840399550895,
    0.17138117919158605,
    0.2628400426409725,
    0.10370962135493755,
    0.20045560494893128,
    0.12733123016854128,
    0.08773506906840743,
    0.06071998134979771,
    0.1227834935610493,
    0.08567862533446816,
    0.11760700994636863,
    0.09915654682036903,
    0.15035490564898485,
    0.0842469966608203,
    0.1264597913250327,
    0.1368798620791899,
    0.032358298789606325,
    0.26021843020700747,
    0.0870836126850918,
    0.117632608768569,
    0.06349446402034825,
    0.050471218613286815,
    0.08221400743221036,
    0.20116998607085812,
    0.07958706450234684,
    0.3433568970196777,
    0.07474546616301975
  ],
  "val_accs": [
    0.9080932784636488,
    0.9007773205304069,
    0.918609967992684,
    0.9538180155464107,
    0.9547325102880658,
    0.9629629629629629,
    0.9419295839048926,
    0.8587105624142661,
    0.9807956104252401,
    0.9606767261088248,
    0.9675354366712391,
    0.9382716049382716,
    0.8939186099679927,
    0.9807956104252401,
    0.9775948788294467,
    0.974851394604481,
    0.9501600365797896,
    0.9474165523548239,
    0.9789666209419295,
    0.9524462734339277,
    0.9657064471879286,
    0.9730224051211706,
    0.9812528577960676,
    0.9711934156378601,
    0.9766803840877915,
    0.9766803840877915,
    0.9812528577960676,
    0.9702789208962048,
    0.9812528577960676,
    0.9766803840877915,
    0.9743941472336534,
    0.9899405578417924,
    0.9625057155921354,
    0.9812528577960676,
    0.9757658893461363,
    0.9839963420210334,
    0.9849108367626886,
    0.9762231367169639,
    0.9634202103337905,
    0.9849108367626886,
    0.9396433470507545,
    0.9826245999085506
  ],
  "epoch_times_sec": [
    10.649731159210205,
    7.919092178344727,
    7.787763595581055,
    7.975069284439087,
    7.975390911102295,
    7.76343297958374,
    7.818778038024902,
    7.76420521736145,
    7.862787246704102,
    7.864535331726074,
    7.961928129196167,
    7.819511413574219,
    7.801419496536255,
    7.995843410491943,
    7.840212821960449,
    7.842227458953857,
    7.768076419830322,
    7.9129416942596436,
    7.860083341598511,
    7.832740068435669,
    7.9435694217681885,
    7.859152317047119,
    7.89876127243042,
    7.8417510986328125,
    7.829407453536987,
    7.895617485046387,
    7.944104194641113,
    7.962780475616455,
    7.968468904495239,
    7.9851367473602295,
    7.973099946975708,
    7.793964624404907,
    7.849430561065674,
    7.982000112533569,
    8.014768838882446,
    8.02665400505066,
    8.01494026184082,
    7.929139852523804,
    7.95442271232605,
    8.000282049179077,
    7.899301290512085,
    7.900907516479492
  ],
  "total_train_sec": 335.47809314727783,
  "early_stop": {
    "enabled": true,
    "monitor": "val_loss",
    "best_epoch": 31,
    "best_value": 0.032358298789606325
  }
}