{
  "run_name": "fold_0",
  "train_losses": [
    0.3979484857443501,
    0.18098490559222066,
    0.14102236827945008,
    0.12427715861293323,
    0.12697852967197404,
    0.11065935732468087,
    0.10228333071641185,
    0.08845942563322537,
    0.07193927287452799,
    0.06680431705899537,
    0.07726286250330947,
    0.0615209712071673,
    0.058938473531538076,
    0.052909151924883616,
    0.0717177902457907,
    0.06641573506845709,
    0.05926791071782217
  ],
  "val_losses": [
    0.38642775267362595,
    0.4034380192557971,
    0.379851055641969,
    0.3444475159049034,
    0.47158875233597225,
    0.13906698984404406,
    0.05026934511261061,
    0.1726564064414965,
    0.05584616972030037,
    0.23537525369061363,
    0.24409043510806644,
    0.10674349125474691,
    0.2929148676080836,
    0.09017870580363604,
    0.10130356459800775,
    0.10131783347201741,
    0.11032509865860145
  ],
  "val_accs": [
    0.8487202925045704,
    0.8510054844606947,
    0.9127056672760512,
    0.9012797074954296,
    0.8212979890310786,
    0.9611517367458866,
    0.9821755027422303,
    0.9574954296160878,
    0.9826325411334552,
    0.9414990859232175,
    0.9437842778793418,
    0.9606946983546618,
    0.9373857404021938,
    0.9707495429616088,
    0.9602376599634369,
    0.9744058500914077,
    0.9725776965265083
  ],
  "epoch_times_sec": [
    10.449759483337402,
    7.795557975769043,
    7.756311893463135,
    7.698501825332642,
    7.735129117965698,
    7.898623704910278,
    7.864668369293213,
    7.884273290634155,
    7.868412494659424,
    7.77047872543335,
    7.839125156402588,
    7.989813804626465,
    7.844456911087036,
    7.914740324020386,
    7.879235029220581,
    7.875399827957153,
    7.871899127960205
  ],
  "total_train_sec": 136.42474937438965,
  "early_stop": {
    "enabled": true,
    "monitor": "val_loss",
    "best_epoch": 6,
    "best_value": 0.05026934511261061
  }
}