{
  "data_flag": "bloodmnist",
  "num_classes": 8,
  "class_names": [
    "basophil",
    "eosinophil",
    "erythroblast",
    "immature granulocytes(myelocytes, metamyelocytes and promyelocytes)",
    "lymphocyte",
    "monocyte",
    "neutrophil",
    "platelet"
  ],
  "is_ensemble": false,
  "metrics": {
    "accuracy": 0.9777842736042093,
    "balanced_accuracy": 0.9764274988605932,
    "auc": 0.9994178102775069
  },
  "confusion_matrix": [
    [
      235,
      2,
      0,
      5,
      1,
      0,
      1,
      0
    ],
    [
      1,
      620,
      0,
      2,
      0,
      0,
      1,
      0
    ],
    [
      0,
      0,
      308,
      3,
      0,
      0,
      0,
      0
    ],
    [
      0,
      0,
      0,
      573,
      0,
      1,
      5,
      0
    ],
    [
      0,
      0,
      1,
      2,
      240,
      0,
      0,
      0
    ],
    [
      0,
      0,
      0,
      13,
      5,
      266,
      0,
      0
    ],
    [
      0,
      2,
      0,
      31,
      0,
      0,
      633,
      0
    ],
    [
      0,
      0,
      0,
      0,
      0,
      0,
      0,
      470
    ]
  ],
  "counts": {
    "n_samples": 3421
  },
  "timing": {
    "eval_wall_sec": 1.3040332794189453,
    "throughput_img_per_s": 2623.3993058247243,
    "latency_ms_per_img": 0.38118482298127604
  }
}