{
  "data_flag": "bloodmnist",
  "num_classes": 8,
  "class_names": [
    "basophil",
    "eosinophil",
    "erythroblast",
    "immature granulocytes(myelocytes, metamyelocytes and promyelocytes)",
    "lymphocyte",
    "monocyte",
    "neutrophil",
    "platelet"
  ],
  "is_ensemble": false,
  "metrics": {
    "accuracy": 0.9771996492253727,
    "balanced_accuracy": 0.9783838751601346,
    "auc": 0.999346284273563
  },
  "confusion_matrix": [
    [
      234,
      1,
      0,
      6,
      1,
      1,
      1,
      0
    ],
    [
      0,
      620,
      0,
      2,
      0,
      0,
      2,
      0
    ],
    [
      0,
      0,
      303,
      3,
      2,
      1,
      2,
      0
    ],
    [
      0,
      0,
      0,
      563,
      1,
      8,
      7,
      0
    ],
    [
      0,
      0,
      0,
      0,
      243,
      0,
      0,
      0
    ],
    [
      0,
      0,
      0,
      3,
      3,
      278,
      0,
      0
    ],
    [
      0,
      1,
      0,
      33,
      0,
      0,
      632,
      0
    ],
    [
      0,
      0,
      0,
      0,
      0,
      0,
      0,
      470
    ]
  ],
  "counts": {
    "n_samples": 3421
  },
  "timing": {
    "eval_wall_sec": 1.2367630004882812,
    "throughput_img_per_s": 2766.091804694488,
    "latency_ms_per_img": 0.361520900464274
  }
}