{
  "run_name": "fold_0",
  "train_losses": [
    0.29182846081891545,
    0.13997612540023746,
    0.08515495833664856,
    0.07140315916492707,
    0.05782075650576088,
    0.05221853962521655,
    0.04278805549687671,
    0.04065573284471476,
    0.03891106568442882,
    0.0307168775341577,
    0.03193417119446504,
    0.035397235511077776,
    0.026030769399194804,
    0.032477955101596845,
    0.028469908280520165,
    0.019667844597414066,
    0.021669273173487186,
    0.03347751814726507,
    0.026296549989503412,
    0.02818997355266388,
    0.01388199151662977,
    0.024869900101394806,
    0.020774811676582666,
    0.023191773312040215,
    0.011753435444579399,
    0.024746004713017977,
    0.018635413394265384,
    0.012785501154919783,
    0.015970567112701787,
    0.012534978990313701
  ],
  "val_losses": [
    0.1203644663077119,
    0.1261025008135138,
    0.08146614921679429,
    0.03274490585212003,
    0.05336182307959957,
    0.03725008227947071,
    0.02525824282995679,
    0.051860857661813496,
    0.017156059754250403,
    0.02354688136097552,
    0.027560796051032035,
    0.017128874429776758,
    0.01391518288503655,
    0.02177836808312515,
    0.016179418803552503,
    0.016834906190607315,
    0.01309293148654185,
    0.018887255161164584,
    0.009545893203308382,
    0.006632442325644661,
    0.015961698970006016,
    0.013695683275264773,
    0.0495489849047503,
    0.00760807198834796,
    0.011696017124764198,
    0.017718801312466066,
    0.007955087859309887,
    0.009600392045633106,
    0.01904159005763094,
    0.007614106271251909
  ],
  "val_accs": [
    0.9587733256184001,
    0.9577607406335888,
    0.9755533053667004,
    0.9895848401562274,
    0.9806162302907565,
    0.9865470852017937,
    0.9911760451323594,
    0.982641400260379,
    0.9940691450889628,
    0.9923332851150007,
    0.9921886301171705,
    0.9946477650802835,
    0.9956603500650948,
    0.9921886301171705,
    0.9956603500650948,
    0.9953710400694344,
    0.9952263850716042,
    0.9947924200781137,
    0.9959496600607551,
    0.9979748300303776,
    0.9956603500650948,
    0.9946477650802835,
    0.990886735136699,
    0.997540865036887,
    0.9972515550412266,
    0.9955156950672646,
    0.9972515550412266,
    0.9968175900477362,
    0.9939244900911326,
    0.9973962100390569
  ],
  "epoch_times_sec": [
    42.127989053726196,
    42.039466857910156,
    41.34966588020325,
    41.55968165397644,
    42.449559450149536,
    41.799614906311035,
    41.24767327308655,
    41.30483818054199,
    41.68973755836487,
    41.6402153968811,
    41.709065437316895,
    42.77001714706421,
    42.21051096916199,
    41.455607891082764,
    41.725512742996216,
    42.481446743011475,
    42.1355185508728,
    42.32098054885864,
    41.49553370475769,
    42.179495334625244,
    41.62795114517212,
    41.83806347846985,
    41.53720283508301,
    41.807661056518555,
    42.38105320930481,
    41.65907430648804,
    42.359891176223755,
    42.407766819000244,
    42.25863432884216,
    44.30923581123352
  ],
  "total_train_sec": 1260.584359884262,
  "early_stop": {
    "enabled": true,
    "monitor": "val_loss",
    "best_epoch": 19,
    "best_value": 0.006632442325644661
  }
}