{
  "run_name": "fold_4",
  "train_losses": [
    0.30967855850165643,
    0.13232580374029498,
    0.09223515943072184,
    0.0702340009674016,
    0.06384574789208947,
    0.05582244706521225,
    0.04625508597732901,
    0.0369012219717088,
    0.04423663328850159,
    0.027689401722185453,
    0.033036188952758457,
    0.03534569274860486,
    0.026066503103787976,
    0.0254534631264202,
    0.020157845845258433,
    0.024974137091097266,
    0.03400253860713241,
    0.024458828182913648,
    0.025299081495985674,
    0.02418044952645249,
    0.027190094611055596,
    0.017335577939118392,
    0.014002143282377129,
    0.01311467828805622,
    0.04128944220927359
  ],
  "val_losses": [
    0.227070528599951,
    0.1157363309973368,
    0.2306187429499847,
    0.25296859443187714,
    0.020834460009441332,
    0.037837277390752676,
    0.02631557852038424,
    0.04111436641930292,
    0.025388211618755357,
    0.019777474813896266,
    0.039506007425694004,
    0.01694499852224167,
    0.024694098781630466,
    0.030305049711993586,
    0.00881833419771283,
    0.011519826867259797,
    0.02783714768749498,
    0.014292860470487978,
    0.02544909886179354,
    0.016799539738308847,
    0.015476756070576678,
    0.00904967943723831,
    0.008944675840047643,
    0.01008691942479766,
    0.018976424962198105
  ],
  "val_accs": [
    0.9301215277777778,
    0.9623842592592593,
    0.9370659722222222,
    0.9256365740740741,
    0.9939236111111112,
    0.9885706018518519,
    0.9914641203703703,
    0.9865451388888888,
    0.9936342592592593,
    0.9940682870370371,
    0.9871238425925926,
    0.9949363425925926,
    0.9950810185185185,
    0.9913194444444444,
    0.9969618055555556,
    0.9965277777777778,
    0.9917534722222222,
    0.9955150462962963,
    0.9917534722222222,
    0.9955150462962963,
    0.9947916666666666,
    0.9969618055555556,
    0.9971064814814815,
    0.9972511574074074,
    0.9959490740740741
  ],
  "epoch_times_sec": [
    43.214587450027466,
    42.622260093688965,
    42.539334535598755,
    45.86750388145447,
    47.04587173461914,
    45.45127749443054,
    44.623820304870605,
    45.81354832649231,
    46.64416527748108,
    44.738062143325806,
    45.656978130340576,
    46.641016721725464,
    47.062538146972656,
    47.71741557121277,
    46.99688148498535,
    47.64951753616333,
    46.620546102523804,
    45.51663064956665,
    47.029783964157104,
    45.82558035850525,
    45.76505184173584,
    44.425623178482056,
    43.15689563751221,
    43.379048347473145,
    44.822888135910034
  ],
  "total_train_sec": 1137.350697517395,
  "early_stop": {
    "enabled": true,
    "monitor": "val_loss",
    "best_epoch": 14,
    "best_value": 0.00881833419771283
  }
}