{
  "run_name": "fold_2",
  "train_losses": [
    0.30792289272088696,
    0.12752542287732163,
    0.09462336739266498,
    0.07713529278731181,
    0.05335349956941274,
    0.0634217339662697,
    0.04238279703228424,
    0.042886515486989754,
    0.03270044215443906,
    0.03613405196369125,
    0.038401910253688346,
    0.03438320338210798,
    0.032068023367039,
    0.029909989336037716,
    0.021948481286488932,
    0.023479863683085703,
    0.023214710791324724,
    0.028648704318685405,
    0.02309636336792243,
    0.024189591357989464,
    0.01928860612342423,
    0.01429602017894164,
    0.01552359411322902,
    0.01977798826926489,
    0.019269274355826416,
    0.01967768896173328,
    0.020967156986713503,
    0.01224634338116933,
    0.018232793736792194,
    0.015129571806567212,
    0.012811153143249814,
    0.01479706206609316
  ],
  "val_losses": [
    0.16987088902129066,
    0.08763567870482802,
    0.10796313098183384,
    0.036912374319163735,
    0.17324332817009203,
    0.03065318897952912,
    0.07463633449730912,
    0.020895207446840317,
    0.04041590779174671,
    0.024813391733914614,
    0.03012530021347899,
    0.035995197102979375,
    0.022629317320631042,
    0.07186581180387831,
    0.014518435630466061,
    0.01598255547772472,
    0.012313577937136331,
    0.023073678308315318,
    0.016639048900591053,
    0.026801225689336274,
    0.015809380619935434,
    0.008649358784303465,
    0.020289157687835138,
    0.01436096919114452,
    0.015388109223379244,
    0.01152281867817456,
    0.011960064302372673,
    0.011488574441306843,
    0.016455709154561866,
    0.016390655892825668,
    0.015793525594879745,
    0.01659574175606601
  ],
  "val_accs": [
    0.9461805555555556,
    0.9680266203703703,
    0.9694733796296297,
    0.9885706018518519,
    0.9609375,
    0.9872685185185185,
    0.9719328703703703,
    0.9927662037037037,
    0.9881365740740741,
    0.9932002314814815,
    0.9911747685185185,
    0.9895833333333334,
    0.9939236111111112,
    0.9798900462962963,
    0.9958043981481481,
    0.9956597222222222,
    0.9971064814814815,
    0.9914641203703703,
    0.9937789351851852,
    0.9924768518518519,
    0.9956597222222222,
    0.9972511574074074,
    0.9942129629629629,
    0.9959490740740741,
    0.9956597222222222,
    0.9966724537037037,
    0.9966724537037037,
    0.9966724537037037,
    0.9956597222222222,
    0.9955150462962963,
    0.9959490740740741,
    0.9966724537037037
  ],
  "epoch_times_sec": [
    43.2474684715271,
    42.14744019508362,
    41.58041310310364,
    42.048511028289795,
    42.17256283760071,
    41.41824984550476,
    41.14096188545227,
    43.92406368255615,
    41.495567321777344,
    43.62124419212341,
    43.96252226829529,
    42.59277081489563,
    43.65006923675537,
    46.00671410560608,
    42.931036710739136,
    45.81498456001282,
    45.66835355758667,
    44.78648924827576,
    45.58382749557495,
    46.09430646896362,
    44.453752517700195,
    44.142829179763794,
    45.395387411117554,
    42.767205476760864,
    42.980637550354004,
    45.49389600753784,
    46.34403133392334,
    43.72163987159729,
    44.366748332977295,
    46.224315881729126,
    44.81926655769348,
    46.26771807670593
  ],
  "total_train_sec": 1407.582239151001,
  "early_stop": {
    "enabled": true,
    "monitor": "val_loss",
    "best_epoch": 21,
    "best_value": 0.008649358784303465
  }
}