{
  "run_name": "fold_3",
  "train_losses": [
    0.3282567408901674,
    0.12740213191136718,
    0.09778586616825864,
    0.06653292009744931,
    0.06456647482398828,
    0.05554116780802832,
    0.04045201514425032,
    0.038023148696757506,
    0.04206098954051009,
    0.04142688107687583,
    0.03222529770277173,
    0.03254549999069746,
    0.0317838139514303,
    0.02846925033211139,
    0.025500693349823886,
    0.020733643417096808,
    0.02685083996011936,
    0.021692547997561092,
    0.02656334919541863,
    0.02320240534411116,
    0.026914133004740708,
    0.014986526045605488,
    0.018836398261690326,
    0.0158190218899108,
    0.01368942226151746,
    0.021717705986736325,
    0.018371919337840627,
    0.01772786333943562,
    0.015032440736528466,
    0.014590669018111334,
    0.02083200785926709,
    0.017561021617001207,
    0.011617239129362942,
    0.013118512148931014
  ],
  "val_losses": [
    0.10611285614194693,
    0.06199013528034643,
    0.30672770352275286,
    0.08239956025931018,
    0.05081353258100097,
    0.03367359192472779,
    0.022060263115067587,
    0.02684565441827376,
    0.04230151325464249,
    0.029307655483501515,
    0.0141643441198135,
    0.03239516804158619,
    0.036954069838867766,
    0.02282034007927265,
    0.03223486843274225,
    0.01332052997319503,
    0.02406760572005253,
    0.016473667632386356,
    0.01857039480132193,
    0.018764294417350256,
    0.007655857729366323,
    0.01288715640529753,
    0.016183058709362673,
    0.0059624900329624695,
    0.007653651076991621,
    0.012514257350563572,
    0.005538723799014001,
    0.009273739999706002,
    0.011374705230250751,
    0.016724353155479075,
    0.008689018242825518,
    0.010265087436672966,
    0.03527465650700766,
    0.008979267486817358
  ],
  "val_accs": [
    0.9620949074074074,
    0.9780092592592593,
    0.9198495370370371,
    0.9787326388888888,
    0.9801793981481481,
    0.9894386574074074,
    0.9914641203703703,
    0.9914641203703703,
    0.9866898148148148,
    0.9901620370370371,
    0.9958043981481481,
    0.9903067129629629,
    0.9914641203703703,
    0.9920428240740741,
    0.9913194444444444,
    0.9956597222222222,
    0.9924768518518519,
    0.9958043981481481,
    0.9955150462962963,
    0.9962384259259259,
    0.9976851851851852,
    0.9966724537037037,
    0.9956597222222222,
    0.9986979166666666,
    0.9979745370370371,
    0.9965277777777778,
    0.9978298611111112,
    0.9976851851851852,
    0.9975405092592593,
    0.9943576388888888,
    0.9971064814814815,
    0.9972511574074074,
    0.9920428240740741,
    0.9978298611111112
  ],
  "epoch_times_sec": [
    44.247987031936646,
    44.800883293151855,
    46.16162157058716,
    44.8533034324646,
    47.483113288879395,
    48.51802945137024,
    47.273170709609985,
    47.03418684005737,
    47.11665749549866,
    47.141650676727295,
    47.26997137069702,
    45.88366746902466,
    45.13941264152527,
    46.38801550865173,
    44.15002965927124,
    44.75701904296875,
    46.33351230621338,
    45.90257906913757,
    46.33039855957031,
    46.634971141815186,
    46.167797803878784,
    46.12331986427307,
    46.63230514526367,
    45.99502658843994,
    46.96639394760132,
    47.22647023200989,
    46.5627167224884,
    47.06221890449524,
    47.60518455505371,
    48.26578211784363,
    47.090447187423706,
    47.126425981521606,
    45.847771406173706,
    46.4269757270813
  ],
  "total_train_sec": 1579.324324131012,
  "early_stop": {
    "enabled": true,
    "monitor": "val_loss",
    "best_epoch": 23,
    "best_value": 0.0059624900329624695
  }
}