{
  "run_name": "fold_1",
  "train_losses": [
    0.31017710727260067,
    0.1295343199658587,
    0.09181773384032701,
    0.07312265636951283,
    0.06371815201257253,
    0.046489160571514664,
    0.0481584068922395,
    0.03291468243481143,
    0.0453865172112947,
    0.03571281769621203,
    0.023849378266917215,
    0.03111446889481697,
    0.03334309422158791,
    0.026261713548188306,
    0.02565079085616162,
    0.030950528209763836,
    0.02466599053123328,
    0.014688352362470512,
    0.022639028433062508,
    0.018922130734103523,
    0.02126556924418697,
    0.024474513176014793,
    0.02661900690105136,
    0.011008983662510151,
    0.014640345167275949,
    0.01776499781879937,
    0.021484665656990493
  ],
  "val_losses": [
    0.2677126355745174,
    0.06639421232803552,
    0.19466095059006303,
    0.06451269297826069,
    0.03745865318665488,
    0.04281672749116465,
    0.037405863339598805,
    0.019205557592040685,
    0.017918882938964223,
    0.013920204245045574,
    0.012892646471974094,
    0.030317167516504588,
    0.07266149995848536,
    0.018565048312194885,
    0.05601217823116005,
    0.042135134335020905,
    0.008337019883381598,
    0.02021790261507569,
    0.009920178247773071,
    0.013990007543017983,
    0.01975210217265326,
    0.013824594585457817,
    0.008195198157628274,
    0.01601201872255034,
    0.01348639231434424,
    0.009246065735843094,
    0.07010331307969021
  ],
  "val_accs": [
    0.9107349537037037,
    0.9771412037037037,
    0.9301215277777778,
    0.9800347222222222,
    0.9856770833333334,
    0.9853877314814815,
    0.9875578703703703,
    0.9923321759259259,
    0.9932002314814815,
    0.9947916666666666,
    0.9958043981481481,
    0.9920428240740741,
    0.9811921296296297,
    0.9933449074074074,
    0.9832175925925926,
    0.9850983796296297,
    0.9975405092592593,
    0.9932002314814815,
    0.9976851851851852,
    0.99609375,
    0.9945023148148148,
    0.9949363425925926,
    0.9971064814814815,
    0.9947916666666666,
    0.9963831018518519,
    0.9972511574074074,
    0.9824942129629629
  ],
  "epoch_times_sec": [
    41.48868465423584,
    44.386380672454834,
    43.95805644989014,
    42.44017267227173,
    42.33931756019592,
    41.875659227371216,
    41.39920783042908,
    42.739521980285645,
    44.053269147872925,
    41.83847737312317,
    41.499690532684326,
    41.84038758277893,
    44.166794776916504,
    42.371689558029175,
    42.31912302970886,
    41.36122417449951,
    42.730714321136475,
    41.902385234832764,
    43.52862358093262,
    42.818196535110474,
    41.61302375793457,
    43.030258893966675,
    42.21658658981323,
    42.560640811920166,
    42.610923528671265,
    42.37381649017334,
    42.393399715423584
  ],
  "total_train_sec": 1148.5146074295044,
  "early_stop": {
    "enabled": true,
    "monitor": "val_loss",
    "best_epoch": 16,
    "best_value": 0.008337019883381598
  }
}