{
  "data_flag": "organamnist",
  "num_classes": 11,
  "class_names": [
    "bladder",
    "femur-left",
    "femur-right",
    "heart",
    "kidney-left",
    "kidney-right",
    "liver",
    "lung-left",
    "lung-right",
    "pancreas",
    "spleen"
  ],
  "is_ensemble": false,
  "metrics": {
    "accuracy": 0.9604567442906964,
    "balanced_accuracy": 0.9547772566238624,
    "auc": 0.9985833942953568
  },
  "confusion_matrix": [
    [
      935,
      1,
      3,
      0,
      21,
      23,
      0,
      0,
      0,
      52,
      1
    ],
    [
      0,
      742,
      17,
      0,
      22,
      2,
      0,
      0,
      0,
      1,
      0
    ],
    [
      0,
      2,
      771,
      0,
      3,
      17,
      0,
      0,
      0,
      0,
      0
    ],
    [
      17,
      0,
      0,
      716,
      4,
      1,
      0,
      28,
      0,
      1,
      18
    ],
    [
      52,
      3,
      16,
      0,
      1793,
      35,
      0,
      4,
      0,
      32,
      129
    ],
    [
      19,
      0,
      3,
      0,
      91,
      1845,
      0,
      0,
      2,
      0,
      5
    ],
    [
      0,
      0,
      0,
      0,
      0,
      0,
      3264,
      0,
      20,
      1,
      0
    ],
    [
      0,
      0,
      0,
      0,
      0,
      0,
      0,
      1747,
      0,
      0,
      0
    ],
    [
      0,
      0,
      0,
      0,
      0,
      0,
      5,
      0,
      1808,
      0,
      0
    ],
    [
      0,
      0,
      0,
      0,
      2,
      0,
      0,
      0,
      0,
      1603,
      17
    ],
    [
      2,
      0,
      0,
      0,
      19,
      1,
      2,
      7,
      0,
      2,
      1851
    ]
  ],
  "counts": {
    "n_samples": 17778
  },
  "timing": {
    "eval_wall_sec": 6.421075105667114,
    "throughput_img_per_s": 2768.695227425309,
    "latency_ms_per_img": 0.361180959931776
  }
}