{
  "data_flag": "organamnist",
  "num_classes": 11,
  "class_names": [
    "bladder",
    "femur-left",
    "femur-right",
    "heart",
    "kidney-left",
    "kidney-right",
    "liver",
    "lung-left",
    "lung-right",
    "pancreas",
    "spleen"
  ],
  "is_ensemble": false,
  "metrics": {
    "accuracy": 0.9661941725728428,
    "balanced_accuracy": 0.9645505471254093,
    "auc": 0.9990685205878894
  },
  "confusion_matrix": [
    [
      944,
      3,
      2,
      0,
      17,
      54,
      1,
      0,
      0,
      6,
      9
    ],
    [
      0,
      765,
      14,
      0,
      4,
      1,
      0,
      0,
      0,
      0,
      0
    ],
    [
      0,
      7,
      778,
      0,
      4,
      4,
      0,
      0,
      0,
      0,
      0
    ],
    [
      0,
      0,
      0,
      754,
      0,
      0,
      0,
      21,
      0,
      2,
      8
    ],
    [
      52,
      14,
      20,
      0,
      1762,
      63,
      0,
      8,
      0,
      14,
      131
    ],
    [
      15,
      5,
      1,
      4,
      57,
      1869,
      1,
      0,
      0,
      2,
      11
    ],
    [
      0,
      0,
      0,
      0,
      0,
      0,
      3277,
      0,
      7,
      1,
      0
    ],
    [
      0,
      0,
      0,
      0,
      0,
      0,
      0,
      1747,
      0,
      0,
      0
    ],
    [
      0,
      0,
      0,
      0,
      0,
      0,
      10,
      0,
      1803,
      0,
      0
    ],
    [
      2,
      0,
      0,
      0,
      0,
      0,
      0,
      0,
      0,
      1616,
      4
    ],
    [
      3,
      0,
      0,
      1,
      7,
      0,
      0,
      11,
      0,
      0,
      1862
    ]
  ],
  "counts": {
    "n_samples": 17778
  },
  "timing": {
    "eval_wall_sec": 5.463890314102173,
    "throughput_img_per_s": 3253.7256383268527,
    "latency_ms_per_img": 0.307339988418392
  }
}