{
  "data_flag": "organamnist",
  "num_classes": 11,
  "class_names": [
    "bladder",
    "femur-left",
    "femur-right",
    "heart",
    "kidney-left",
    "kidney-right",
    "liver",
    "lung-left",
    "lung-right",
    "pancreas",
    "spleen"
  ],
  "is_ensemble": false,
  "metrics": {
    "accuracy": 0.9564067949150635,
    "balanced_accuracy": 0.9529941896883216,
    "auc": 0.9981634087337152
  },
  "confusion_matrix": [
    [
      903,
      3,
      4,
      0,
      32,
      60,
      0,
      2,
      0,
      29,
      3
    ],
    [
      0,
      773,
      2,
      0,
      6,
      3,
      0,
      0,
      0,
      0,
      0
    ],
    [
      0,
      17,
      753,
      0,
      13,
      10,
      0,
      0,
      0,
      0,
      0
    ],
    [
      0,
      0,
      0,
      746,
      3,
      0,
      0,
      19,
      0,
      0,
      17
    ],
    [
      24,
      14,
      8,
      0,
      1703,
      104,
      0,
      8,
      0,
      27,
      176
    ],
    [
      28,
      1,
      12,
      0,
      53,
      1852,
      0,
      0,
      0,
      6,
      13
    ],
    [
      0,
      0,
      0,
      0,
      0,
      0,
      3282,
      0,
      3,
      0,
      0
    ],
    [
      0,
      0,
      0,
      0,
      0,
      0,
      0,
      1747,
      0,
      0,
      0
    ],
    [
      0,
      0,
      0,
      0,
      0,
      0,
      22,
      0,
      1791,
      0,
      0
    ],
    [
      1,
      0,
      0,
      0,
      2,
      0,
      2,
      0,
      0,
      1611,
      6
    ],
    [
      16,
      0,
      0,
      0,
      16,
      1,
      0,
      9,
      0,
      0,
      1842
    ]
  ],
  "counts": {
    "n_samples": 17778
  },
  "timing": {
    "eval_wall_sec": 5.817084789276123,
    "throughput_img_per_s": 3056.169996485867,
    "latency_ms_per_img": 0.32720692931016554
  }
}