{
  "data_flag": "organamnist",
  "num_classes": 11,
  "class_names": [
    "bladder",
    "femur-left",
    "femur-right",
    "heart",
    "kidney-left",
    "kidney-right",
    "liver",
    "lung-left",
    "lung-right",
    "pancreas",
    "spleen"
  ],
  "is_ensemble": false,
  "metrics": {
    "accuracy": 0.9546630667116661,
    "balanced_accuracy": 0.9520244346585819,
    "auc": 0.998079804304453
  },
  "confusion_matrix": [
    [
      976,
      0,
      2,
      0,
      14,
      25,
      0,
      0,
      0,
      13,
      6
    ],
    [
      0,
      746,
      24,
      0,
      13,
      0,
      0,
      0,
      0,
      0,
      1
    ],
    [
      0,
      5,
      772,
      0,
      16,
      0,
      0,
      0,
      0,
      0,
      0
    ],
    [
      0,
      0,
      0,
      717,
      2,
      0,
      1,
      50,
      0,
      2,
      13
    ],
    [
      49,
      27,
      4,
      0,
      1774,
      32,
      0,
      0,
      0,
      52,
      126
    ],
    [
      94,
      4,
      10,
      0,
      158,
      1666,
      1,
      0,
      0,
      7,
      25
    ],
    [
      4,
      0,
      0,
      0,
      0,
      0,
      3281,
      0,
      0,
      0,
      0
    ],
    [
      0,
      0,
      0,
      0,
      0,
      0,
      0,
      1746,
      0,
      0,
      1
    ],
    [
      0,
      0,
      0,
      0,
      0,
      0,
      0,
      0,
      1813,
      0,
      0
    ],
    [
      0,
      0,
      0,
      0,
      0,
      0,
      0,
      0,
      0,
      1616,
      6
    ],
    [
      1,
      0,
      0,
      0,
      17,
      0,
      0,
      1,
      0,
      0,
      1865
    ]
  ],
  "counts": {
    "n_samples": 17778
  },
  "timing": {
    "eval_wall_sec": 6.588760852813721,
    "throughput_img_per_s": 2698.2311844582932,
    "latency_ms_per_img": 0.37061316530620547
  }
}