{
  "data_flag": "organamnist",
  "num_classes": 11,
  "class_names": [
    "bladder",
    "femur-left",
    "femur-right",
    "heart",
    "kidney-left",
    "kidney-right",
    "liver",
    "lung-left",
    "lung-right",
    "pancreas",
    "spleen"
  ],
  "is_ensemble": false,
  "metrics": {
    "accuracy": 0.9546630667116661,
    "balanced_accuracy": 0.9485684315093338,
    "auc": 0.9985959731728521
  },
  "confusion_matrix": [
    [
      918,
      1,
      0,
      0,
      53,
      25,
      0,
      0,
      0,
      39,
      0
    ],
    [
      0,
      733,
      11,
      0,
      39,
      1,
      0,
      0,
      0,
      0,
      0
    ],
    [
      1,
      3,
      749,
      0,
      24,
      16,
      0,
      0,
      0,
      0,
      0
    ],
    [
      11,
      1,
      0,
      735,
      12,
      15,
      4,
      0,
      0,
      5,
      2
    ],
    [
      21,
      1,
      25,
      0,
      1849,
      28,
      0,
      1,
      0,
      38,
      101
    ],
    [
      34,
      0,
      0,
      0,
      164,
      1743,
      0,
      0,
      0,
      20,
      4
    ],
    [
      0,
      0,
      0,
      0,
      0,
      2,
      3257,
      0,
      26,
      0,
      0
    ],
    [
      0,
      0,
      0,
      0,
      0,
      0,
      0,
      1747,
      0,
      0,
      0
    ],
    [
      0,
      0,
      0,
      0,
      0,
      0,
      14,
      0,
      1799,
      0,
      0
    ],
    [
      0,
      0,
      0,
      0,
      2,
      0,
      0,
      0,
      0,
      1619,
      1
    ],
    [
      30,
      0,
      0,
      3,
      24,
      0,
      0,
      2,
      0,
      2,
      1823
    ]
  ],
  "counts": {
    "n_samples": 17778
  },
  "timing": {
    "eval_wall_sec": 9.156570672988892,
    "throughput_img_per_s": 1941.5565755904222,
    "latency_ms_per_img": 0.5150506622223474
  }
}