{
  "data_flag": "organamnist",
  "num_classes": 11,
  "class_names": [
    "bladder",
    "femur-left",
    "femur-right",
    "heart",
    "kidney-left",
    "kidney-right",
    "liver",
    "lung-left",
    "lung-right",
    "pancreas",
    "spleen"
  ],
  "is_ensemble": true,
  "metrics": {
    "accuracy": 0.9697378782765216,
    "balanced_accuracy": 0.9671369840674022,
    "auc": 0.9991227715919796
  },
  "confusion_matrix": [
    [
      963,
      0,
      3,
      0,
      19,
      32,
      0,
      0,
      0,
      19,
      0
    ],
    [
      0,
      759,
      5,
      0,
      19,
      1,
      0,
      0,
      0,
      0,
      0
    ],
    [
      0,
      3,
      770,
      0,
      11,
      9,
      0,
      0,
      0,
      0,
      0
    ],
    [
      0,
      0,
      0,
      751,
      1,
      0,
      0,
      20,
      0,
      1,
      12
    ],
    [
      28,
      3,
      20,
      0,
      1835,
      32,
      0,
      0,
      0,
      32,
      114
    ],
    [
      19,
      0,
      3,
      0,
      96,
      1836,
      0,
      0,
      0,
      1,
      10
    ],
    [
      0,
      0,
      0,
      0,
      0,
      0,
      3271,
      0,
      14,
      0,
      0
    ],
    [
      0,
      0,
      0,
      0,
      0,
      0,
      0,
      1747,
      0,
      0,
      0
    ],
    [
      0,
      0,
      0,
      0,
      0,
      0,
      2,
      0,
      1811,
      0,
      0
    ],
    [
      0,
      0,
      0,
      0,
      0,
      0,
      0,
      0,
      0,
      1621,
      1
    ],
    [
      1,
      0,
      0,
      0,
      3,
      0,
      0,
      4,
      0,
      0,
      1876
    ]
  ],
  "counts": {
    "n_samples": 17778
  },
  "timing": {
    "eval_wall_sec": 17.8769793510437,
    "throughput_img_per_s": 994.463306742147,
    "latency_ms_per_img": 1.005567518902222
  }
}