{
  "run_name": "fold_3",
  "train_losses": [
    0.1401775478348136,
    0.06601691072434188,
    0.04467452072747983,
    0.045678561734268444,
    0.03256181559315883,
    0.028552573335822673,
    0.03533000111521687,
    0.022115814160730225,
    0.020385213145113084,
    0.01607847399477032,
    0.014373869313538307,
    0.01925172749029298,
    0.013348401002993341,
    0.014478609159559709,
    0.011166956149609178,
    0.014221264306543161,
    0.010379281830879336,
    0.01282577885704086,
    0.009648458306408429,
    0.014714045703789452,
    0.006005459967230308,
    0.007466205355040074,
    0.010619497241103091,
    0.011221836865515797,
    0.004525840526750471,
    0.010079177978743246
  ],
  "val_losses": [
    0.16110641559958458,
    0.2472961769104004,
    0.05505812564119696,
    0.07929639035463333,
    0.06115266578271985,
    0.08407985656335949,
    0.061966982246376576,
    0.07907869951426982,
    0.11440372425317764,
    0.05244677663152106,
    0.05172832183726132,
    0.03368013646500185,
    0.05969360276125371,
    0.04310201278841123,
    0.04971241898275912,
    0.02721965923625976,
    0.14166452511772512,
    0.03067675878875889,
    0.08764186303690076,
    0.034712554675061257,
    0.05638671139720827,
    0.06043373305676505,
    0.05000708454009146,
    0.03536459701001877,
    0.05302342621795833,
    0.06299300483893604
  ],
  "val_accs": [
    0.9508125,
    0.9290625,
    0.982375,
    0.97325,
    0.98,
    0.9739375,
    0.9770625,
    0.9756875,
    0.9680625,
    0.9881875,
    0.9846875,
    0.98925,
    0.9858125,
    0.9875625,
    0.98525,
    0.993125,
    0.96775,
    0.9924375,
    0.9785625,
    0.9906875,
    0.9865,
    0.98575,
    0.9873125,
    0.990875,
    0.9863125,
    0.983625
  ],
  "epoch_times_sec": [
    62.433284521102905,
    50.66411304473877,
    50.88391613960266,
    50.85567283630371,
    50.97964906692505,
    50.88551998138428,
    51.66805386543274,
    50.49808096885681,
    50.70966577529907,
    50.48838973045349,
    50.51475715637207,
    50.77628231048584,
    50.67821907997131,
    50.47461295127869,
    50.711668729782104,
    50.58910632133484,
    50.455000162124634,
    50.59214115142822,
    51.30530524253845,
    50.78772234916687,
    50.83782911300659,
    51.10317325592041,
    51.02498483657837,
    50.868305683135986,
    50.514851331710815,
    50.86700439453125
  ],
  "total_train_sec": 1345.028544664383,
  "early_stop": {
    "enabled": true,
    "monitor": "val_loss",
    "best_epoch": 15,
    "best_value": 0.02721965923625976
  }
}