{
  "run_name": "fold_1",
  "train_losses": [
    0.13957782495208085,
    0.06540155833307654,
    0.047958731692284345,
    0.03949129280098714,
    0.029867320608114825,
    0.028679226259118878,
    0.030047111962456255,
    0.02121802836380084,
    0.01997847629536409,
    0.020842525697953532,
    0.01661144596611848,
    0.01021256861506845,
    0.02013423838595918,
    0.01318371091139852,
    0.010915907502901973,
    0.015309468994833878,
    0.013678689133404988
  ],
  "val_losses": [
    0.11232126750051975,
    0.078512147128582,
    0.0871632243618369,
    0.06127641890011728,
    0.1671320032030344,
    0.062440026368945835,
    0.038133512437809255,
    0.23581134602427484,
    0.07750523732602596,
    0.193041193112731,
    0.06035849793069065,
    0.061645487437024714,
    0.06652577895484865,
    0.05579396579414606,
    0.11884141271328554,
    0.2942214407324791,
    0.05360192714515142
  ],
  "val_accs": [
    0.965625,
    0.97825,
    0.9715625,
    0.982375,
    0.953,
    0.9826875,
    0.98775,
    0.9459375,
    0.9755625,
    0.9555,
    0.984375,
    0.9835,
    0.980125,
    0.9863125,
    0.9750625,
    0.9510625,
    0.9873125
  ],
  "epoch_times_sec": [
    62.45760226249695,
    50.86543083190918,
    51.06817388534546,
    50.79836654663086,
    50.95122694969177,
    51.076786041259766,
    50.822956800460815,
    50.8089485168457,
    50.87599778175354,
    50.92610311508179,
    50.78323435783386,
    50.89567303657532,
    50.98948287963867,
    50.71024537086487,
    50.809260845184326,
    50.68082618713379,
    50.88277220726013
  ],
  "total_train_sec": 876.877144575119,
  "early_stop": {
    "enabled": true,
    "monitor": "val_loss",
    "best_epoch": 6,
    "best_value": 0.038133512437809255
  }
}