{
  "run_name": "fold_2",
  "train_losses": [
    0.13733780082315206,
    0.06850157654751092,
    0.0489635305153206,
    0.03881664759176783,
    0.03317942351289094,
    0.028844306279788724,
    0.021669969399634285,
    0.02835582198703196,
    0.016191675826907156,
    0.019533112951088696,
    0.025364373119489754,
    0.014527587814664003,
    0.013210650178101788,
    0.0149082852305728,
    0.014725249510738649,
    0.011939332054782426,
    0.012071142649605463
  ],
  "val_losses": [
    0.11342553681135177,
    0.12952502945065497,
    0.0971670930981636,
    0.0896408082023263,
    0.04316471055801958,
    0.11634676568210126,
    0.036808590192347765,
    0.047838800840079784,
    0.103664479970932,
    0.07630087145604193,
    0.08616108044423162,
    0.08123578092455865,
    0.04732049428694882,
    0.05955824310425669,
    0.12459085850417614,
    0.053986235551768916,
    0.05519902752083726
  ],
  "val_accs": [
    0.9625625,
    0.9505625,
    0.9704375,
    0.973,
    0.9875,
    0.9665625,
    0.9891875,
    0.9854375,
    0.973375,
    0.9818125,
    0.978125,
    0.97875,
    0.988375,
    0.98475,
    0.960625,
    0.9868125,
    0.9866875
  ],
  "epoch_times_sec": [
    62.108874797821045,
    50.533164978027344,
    51.1476411819458,
    50.927008628845215,
    50.86120629310608,
    50.61133050918579,
    50.688249349594116,
    50.97968101501465,
    51.02976751327515,
    51.107837200164795,
    51.10509395599365,
    50.755053758621216,
    55.3219313621521,
    53.529122829437256,
    51.36980938911438,
    51.31594920158386,
    50.65701413154602
  ],
  "total_train_sec": 884.7032630443573,
  "early_stop": {
    "enabled": true,
    "monitor": "val_loss",
    "best_epoch": 6,
    "best_value": 0.036808590192347765
  }
}