{
  "run_name": "fold_0",
  "train_losses": [
    0.14005527373403312,
    0.06859268622286618,
    0.04568947270791977,
    0.04079844652814791,
    0.033893343129311686,
    0.028251370047219098,
    0.021896710656001232,
    0.02519196751108393,
    0.026967973154503853,
    0.013236888877203454,
    0.016955373859396786,
    0.017242566209315555,
    0.017902157442600583,
    0.014275823393520114,
    0.010187879726057872,
    0.01609232086128759,
    0.011500666688261845,
    0.011544403103191143,
    0.010723277631725068,
    0.013234243608283578,
    0.005858895987874348,
    0.01281947288599622,
    0.008918581245050518,
    0.008934611592412694,
    0.006992587842677494
  ],
  "val_losses": [
    0.09979673287272453,
    0.0603833489716053,
    0.08994085077941417,
    0.05341680765151977,
    0.056775757532566785,
    0.20781674310564996,
    0.0436756144464016,
    0.03170302298758179,
    0.05317736489884555,
    0.03184140863223001,
    0.07310458466038108,
    0.13334686136245727,
    0.03957809960609302,
    0.0360347608437296,
    0.03052878656698158,
    0.2934338018000126,
    0.031530150664038956,
    0.03974027675203979,
    0.06173851414397359,
    0.031189000339014457,
    0.07965307211037725,
    0.051678156051551925,
    0.031002723174751737,
    0.030217702743015253,
    0.0650935977222398
  ],
  "val_accs": [
    0.967125,
    0.9810625,
    0.9704375,
    0.9831875,
    0.9810625,
    0.9439375,
    0.985,
    0.9900625,
    0.98725,
    0.991,
    0.974125,
    0.96525,
    0.9895,
    0.9903125,
    0.991625,
    0.9288125,
    0.9911875,
    0.987875,
    0.98275,
    0.991875,
    0.9823125,
    0.9861875,
    0.9914375,
    0.992375,
    0.983625
  ],
  "epoch_times_sec": [
    65.67130875587463,
    51.35512185096741,
    51.806129932403564,
    51.600502490997314,
    51.66943407058716,
    51.88302302360535,
    51.48858308792114,
    51.29361867904663,
    51.3084237575531,
    51.24105882644653,
    51.0907883644104,
    51.214160680770874,
    51.398000717163086,
    51.09526062011719,
    50.9905219078064,
    51.51058602333069,
    51.2127366065979,
    51.43840456008911,
    51.31458783149719,
    50.868805170059204,
    51.16177248954773,
    50.968111991882324,
    50.98502230644226,
    51.16636943817139,
    50.98057198524475
  ],
  "total_train_sec": 1297.4153506755829,
  "early_stop": {
    "enabled": true,
    "monitor": "val_loss",
    "best_epoch": 14,
    "best_value": 0.03052878656698158
  }
}