{
  "run_name": "fold_4",
  "train_losses": [
    0.14437131556496025,
    0.06830836010351778,
    0.049112238509813326,
    0.038091945986263455,
    0.03417680957599077,
    0.031771917684120125,
    0.0301525255208835,
    0.01882835668878397,
    0.022213879990915304,
    0.01991686906683026,
    0.01714698715954728,
    0.018714044021588053,
    0.014595065941219218,
    0.013213349539968475,
    0.010156657834188081,
    0.013678704368910985,
    0.012210550200965372,
    0.00575043338276555,
    0.01585515891376417,
    0.008911560848995578,
    0.010310174301281222
  ],
  "val_losses": [
    0.7658132791519165,
    0.0853487064987421,
    0.04523897978290915,
    0.08665326261147857,
    0.08391210245341063,
    0.1071811785325408,
    0.05638917760550976,
    0.07343124329298735,
    0.03857351314742118,
    0.12460213620960713,
    0.03268589707044885,
    0.0543140315823257,
    0.04118665225338191,
    0.04175422120979056,
    0.13949501216225327,
    0.08301018274016678,
    0.04217383179394528,
    0.08061410085484386,
    0.11145896749198436,
    0.0363193888727692,
    0.06627378816250712
  ],
  "val_accs": [
    0.85,
    0.9725625,
    0.985125,
    0.976,
    0.9759375,
    0.9606875,
    0.98025,
    0.979125,
    0.990375,
    0.9719375,
    0.990375,
    0.984875,
    0.987625,
    0.989125,
    0.968625,
    0.9785,
    0.9895625,
    0.98125,
    0.9763125,
    0.991125,
    0.9836875
  ],
  "epoch_times_sec": [
    61.49254631996155,
    50.445961236953735,
    50.6304349899292,
    50.60858345031738,
    50.67127585411072,
    50.70583534240723,
    50.92635416984558,
    52.12542414665222,
    52.10554599761963,
    51.02318334579468,
    51.095515966415405,
    50.8882839679718,
    50.693769693374634,
    50.51177740097046,
    50.57068181037903,
    50.772120237350464,
    50.78588271141052,
    50.76181411743164,
    50.98233675956726,
    50.9859516620636,
    51.32107377052307
  ],
  "total_train_sec": 1097.9153413772583,
  "early_stop": {
    "enabled": true,
    "monitor": "val_loss",
    "best_epoch": 10,
    "best_value": 0.03268589707044885
  }
}