{
  "data_flag": "pathmnist",
  "num_classes": 9,
  "class_names": [
    "adipose",
    "background",
    "debris",
    "lymphocytes",
    "mucus",
    "smooth muscle",
    "normal colon mucosa",
    "cancer-associated stroma",
    "colorectal adenocarcinoma epithelium"
  ],
  "is_ensemble": true,
  "metrics": {
    "accuracy": 0.9337047353760446,
    "balanced_accuracy": 0.9288473294256256,
    "auc": 0.9952348399986091
  },
  "confusion_matrix": [
    [
      1119,
      0,
      0,
      0,
      21,
      197,
      1,
      0,
      0
    ],
    [
      0,
      847,
      0,
      0,
      0,
      0,
      0,
      0,
      0
    ],
    [
      0,
      9,
      326,
      0,
      0,
      0,
      0,
      4,
      0
    ],
    [
      0,
      0,
      4,
      629,
      0,
      0,
      0,
      0,
      1
    ],
    [
      3,
      0,
      0,
      0,
      1027,
      1,
      2,
      0,
      2
    ],
    [
      0,
      55,
      6,
      0,
      4,
      510,
      0,
      17,
      0
    ],
    [
      0,
      0,
      0,
      2,
      0,
      0,
      731,
      0,
      8
    ],
    [
      0,
      6,
      24,
      0,
      0,
      65,
      2,
      320,
      4
    ],
    [
      0,
      0,
      6,
      3,
      3,
      0,
      26,
      0,
      1195
    ]
  ],
  "counts": {
    "n_samples": 7180
  },
  "timing": {
    "eval_wall_sec": 7.360657453536987,
    "throughput_img_per_s": 975.4563427686509,
    "latency_ms_per_img": 1.0251612052279926
  }
}