{
  "data_flag": "pathmnist",
  "num_classes": 9,
  "class_names": [
    "adipose",
    "background",
    "debris",
    "lymphocytes",
    "mucus",
    "smooth muscle",
    "normal colon mucosa",
    "cancer-associated stroma",
    "colorectal adenocarcinoma epithelium"
  ],
  "is_ensemble": false,
  "metrics": {
    "accuracy": 0.9306406685236769,
    "balanced_accuracy": 0.9213397092668362,
    "auc": 0.9941517530142119
  },
  "confusion_matrix": [
    [
      1156,
      0,
      0,
      17,
      2,
      156,
      7,
      0,
      0
    ],
    [
      0,
      847,
      0,
      0,
      0,
      0,
      0,
      0,
      0
    ],
    [
      0,
      9,
      327,
      0,
      0,
      3,
      0,
      0,
      0
    ],
    [
      0,
      0,
      0,
      634,
      0,
      0,
      0,
      0,
      0
    ],
    [
      8,
      0,
      1,
      0,
      1018,
      4,
      4,
      0,
      0
    ],
    [
      0,
      62,
      6,
      0,
      0,
      491,
      0,
      33,
      0
    ],
    [
      0,
      0,
      0,
      9,
      0,
      1,
      712,
      0,
      19
    ],
    [
      0,
      6,
      20,
      0,
      21,
      62,
      4,
      304,
      4
    ],
    [
      0,
      0,
      8,
      6,
      6,
      0,
      19,
      1,
      1193
    ]
  ],
  "counts": {
    "n_samples": 7180
  },
  "timing": {
    "eval_wall_sec": 2.5348684787750244,
    "throughput_img_per_s": 2832.4940958947645,
    "latency_ms_per_img": 0.35304574913301173
  }
}