{
  "data_flag": "pathmnist",
  "num_classes": 9,
  "class_names": [
    "adipose",
    "background",
    "debris",
    "lymphocytes",
    "mucus",
    "smooth muscle",
    "normal colon mucosa",
    "cancer-associated stroma",
    "colorectal adenocarcinoma epithelium"
  ],
  "is_ensemble": false,
  "metrics": {
    "accuracy": 0.8767409470752089,
    "balanced_accuracy": 0.8754826253490157,
    "auc": 0.9884477818495654
  },
  "confusion_matrix": [
    [
      963,
      0,
      0,
      0,
      34,
      293,
      35,
      13,
      0
    ],
    [
      0,
      847,
      0,
      0,
      0,
      0,
      0,
      0,
      0
    ],
    [
      0,
      9,
      329,
      0,
      0,
      1,
      0,
      0,
      0
    ],
    [
      0,
      0,
      143,
      491,
      0,
      0,
      0,
      0,
      0
    ],
    [
      1,
      0,
      0,
      0,
      989,
      0,
      42,
      2,
      1
    ],
    [
      0,
      55,
      1,
      0,
      4,
      479,
      0,
      53,
      0
    ],
    [
      0,
      0,
      0,
      5,
      0,
      0,
      732,
      0,
      4
    ],
    [
      0,
      6,
      22,
      0,
      0,
      74,
      15,
      303,
      1
    ],
    [
      0,
      0,
      16,
      3,
      1,
      0,
      47,
      4,
      1162
    ]
  ],
  "counts": {
    "n_samples": 7180
  },
  "timing": {
    "eval_wall_sec": 2.6407482624053955,
    "throughput_img_per_s": 2718.9263369844675,
    "latency_ms_per_img": 0.36779223710381553
  }
}