{
  "run_name": "fold_4",
  "train_losses": [
    0.18166505681217643,
    0.03099790921072929,
    0.02665596191066226,
    0.011027381076313125,
    0.012550001787537455,
    0.011149969779752885,
    0.009611355543191568,
    0.00446524371623523,
    0.01702221458584912,
    0.015732632984912065,
    0.007194115519682608,
    0.0008912424952122672,
    0.00015670326876400599,
    0.00012082149640419301,
    9.357139890991743e-05,
    8.2403091183132e-05,
    6.896850948972018e-05,
    6.0961689352568824e-05,
    5.321130480554902e-05,
    4.762028481708482e-05,
    4.2977384135464986e-05,
    3.8732104012860866e-05,
    3.512070555760128e-05,
    3.321329944343417e-05
  ],
  "val_losses": [
    0.06927493885504427,
    0.016682295534000906,
    0.028508699289954233,
    0.02319694487421118,
    0.025813081133593287,
    0.02487348247733381,
    0.008581505560734379,
    0.008149403544882295,
    0.02591045120411932,
    0.029817116701182117,
    0.01340754777440991,
    0.0037313388974224734,
    0.003185671279088301,
    0.0024387463583682096,
    0.002478649394914909,
    0.00253430895221148,
    0.002497410017558313,
    0.0024992721670666165,
    0.002481420581750205,
    0.0024812286807597652,
    0.002499068536323008,
    0.002515780100616717,
    0.0025120865989770712,
    0.002566054938580675
  ],
  "val_accs": [
    0.9801793981481481,
    0.9952256944444444,
    0.9920428240740741,
    0.9929108796296297,
    0.9916087962962963,
    0.9914641203703703,
    0.9976851851851852,
    0.9966724537037037,
    0.9927662037037037,
    0.9914641203703703,
    0.9952256944444444,
    0.9989872685185185,
    0.9991319444444444,
    0.9992766203703703,
    0.9992766203703703,
    0.9992766203703703,
    0.9992766203703703,
    0.9992766203703703,
    0.9992766203703703,
    0.9992766203703703,
    0.9992766203703703,
    0.9992766203703703,
    0.9992766203703703,
    0.9992766203703703
  ],
  "epoch_times_sec": [
    250.96241331100464,
    253.24681162834167,
    253.97125601768494,
    252.260751247406,
    252.44713640213013,
    252.04196453094482,
    252.48438620567322,
    253.4201898574829,
    253.10263109207153,
    253.75390934944153,
    253.84066939353943,
    252.29544520378113,
    253.58128762245178,
    252.34342527389526,
    252.04053664207458,
    251.92846012115479,
    252.42658257484436,
    251.8898491859436,
    252.3214042186737,
    251.79429030418396,
    251.73766350746155,
    252.69461607933044,
    252.62379622459412,
    252.4601137638092
  ],
  "early_stop": {
    "enabled": true,
    "monitor": "val_loss",
    "best_epoch": 13,
    "best_value": 0.0024387463583682096
  }
}