{
  "run_name": "fold_0",
  "train_losses": [
    0.1761151190730743,
    0.033849356417906366,
    0.02136189058149251,
    0.014128841585598248,
    0.01692591276568473,
    0.009347246306990402,
    0.019316974375720344,
    0.002881659263746567,
    0.003990979708692909,
    0.018238549854518,
    0.006046729671315579,
    0.0006140858106475746,
    0.00981447156219575,
    0.013097031088734555,
    0.005857549792145383,
    0.0034548665924174,
    0.0009196193215959485,
    0.005143965264694459,
    0.0017394785823449234,
    0.018828422883113188,
    0.000536081391719226,
    0.00020988000583370363
  ],
  "val_losses": [
    0.06285325224781035,
    0.029258450980753036,
    0.03658533252602688,
    0.016377972992047383,
    0.013857289103304238,
    0.2278474242658452,
    0.020911731614001016,
    0.004703104810833399,
    0.011420901408052068,
    0.036944576063291795,
    0.006313325702230938,
    0.003284367511473211,
    0.008320925292481227,
    0.02758206709135456,
    0.007839374594454739,
    0.007029249127121272,
    0.004896707826415619,
    0.0064786125222066485,
    0.008663871793873954,
    0.0045369383331951355,
    0.003973998516740212,
    0.003958459270505286
  ],
  "val_accs": [
    0.9832200202516997,
    0.9898741501518877,
    0.9907420801388688,
    0.9932012151019818,
    0.9963836250542456,
    0.9341819759872704,
    0.9934905250976421,
    0.9989874150151887,
    0.9960943150585853,
    0.9858238102126429,
    0.998408795023868,
    0.9992767250108491,
    0.9981194850282077,
    0.9913207001301895,
    0.996672935049906,
    0.9982641400260379,
    0.9982641400260379,
    0.9978301750325473,
    0.9973962100390569,
    0.9989874150151887,
    0.9988427600173586,
    0.999132070013019
  ],
  "epoch_times_sec": [
    252.79923510551453,
    253.92871594429016,
    252.12524437904358,
    251.72655582427979,
    252.44455456733704,
    251.91583466529846,
    250.9179027080536,
    251.16152811050415,
    252.16066479682922,
    252.17713809013367,
    251.32849717140198,
    252.09289956092834,
    252.0683991909027,
    251.01338267326355,
    251.19897961616516,
    251.5548379421234,
    254.35708284378052,
    253.7022249698639,
    252.25087332725525,
    252.34613752365112,
    253.71124601364136,
    253.38201808929443
  ],
  "early_stop": {
    "enabled": true,
    "monitor": "val_loss",
    "best_epoch": 11,
    "best_value": 0.003284367511473211
  }
}