{
  "run_name": "fold_3",
  "train_losses": [
    0.17446809685240172,
    0.032733057380744425,
    0.018716082288128606,
    0.012908387967600625,
    0.02529098176829849,
    0.006801481711207611,
    0.008432410762633952,
    0.0019325662453881292,
    0.020421234843998156,
    0.010513239900003425,
    0.005166654626913405,
    0.0017073179941677354,
    0.0009082556851449386,
    0.00015817340666849863,
    0.005966301367411426,
    0.015317145834190426,
    0.012672515196903643,
    0.00665537987112279,
    0.0005004975899688577,
    0.00011501492573167753,
    9.334353926660997e-05,
    7.080725903521654e-05,
    6.146592323931136e-05,
    5.201638530274361e-05
  ],
  "val_losses": [
    0.03238481651405217,
    0.057526743358553005,
    0.016767407980902743,
    0.01612526536444892,
    0.016607323278785096,
    0.011543103776704002,
    0.0058576741101677285,
    0.006726455425248585,
    0.026681853508947556,
    0.01772794280636676,
    0.006723585450985141,
    0.006691768725566497,
    0.0037695565436108693,
    0.0016121409614613556,
    0.0277304746063978,
    0.005653181484646026,
    0.027005605521413532,
    0.0042890989956234716,
    0.002662999549674741,
    0.0023671032658630457,
    0.002152158672187296,
    0.0020647117352954984,
    0.0019769537513504337,
    0.001983353523664172
  ],
  "val_accs": [
    0.9885706018518519,
    0.9837962962962963,
    0.9937789351851852,
    0.9939236111111112,
    0.9943576388888888,
    0.9975405092592593,
    0.9982638888888888,
    0.9985532407407407,
    0.9914641203703703,
    0.9953703703703703,
    0.9981192129629629,
    0.9978298611111112,
    0.9991319444444444,
    0.9992766203703703,
    0.9900173611111112,
    0.9979745370370371,
    0.9927662037037037,
    0.9981192129629629,
    0.9995659722222222,
    0.9994212962962963,
    0.9994212962962963,
    0.9994212962962963,
    0.9994212962962963,
    0.9994212962962963
  ],
  "epoch_times_sec": [
    250.0653064250946,
    250.87390613555908,
    250.18106532096863,
    249.91955280303955,
    250.20050382614136,
    249.59250259399414,
    249.74816155433655,
    249.16651105880737,
    249.56120944023132,
    251.22753739356995,
    251.4940540790558,
    250.68807673454285,
    250.5133180618286,
    250.60760641098022,
    250.1645908355713,
    250.62366843223572,
    249.69381308555603,
    250.63966178894043,
    250.1816897392273,
    250.05466532707214,
    250.79315853118896,
    250.44098138809204,
    249.57902598381042,
    250.0424063205719
  ],
  "early_stop": {
    "enabled": true,
    "monitor": "val_loss",
    "best_epoch": 13,
    "best_value": 0.0016121409614613556
  }
}