{
  "run_name": "fold_1",
  "train_losses": [
    0.1860870532719773,
    0.036075042299243174,
    0.024783089233654576,
    0.011635438423990329,
    0.015061296593757463,
    0.012764824982983815,
    0.002018484087791804,
    0.00024124762052316778,
    0.0002012827466891607,
    0.00013951745203305224,
    0.00011507951399137144,
    9.881250863841802e-05,
    8.552280554144442e-05,
    7.509684503817348e-05,
    6.861998642848311e-05,
    5.977475376234287e-05,
    5.3758739239710606e-05
  ],
  "val_losses": [
    0.028970838140661793,
    0.0409415185244547,
    0.030047235950068744,
    0.016177752487473534,
    0.05551812365754611,
    0.012154784262680483,
    0.006614960481076398,
    0.006221693025441642,
    0.006570905024596464,
    0.00671169109328831,
    0.006887268134892953,
    0.0070665529572040585,
    0.007162696217602826,
    0.007307119276177858,
    0.007424334588803403,
    0.007343659124469721,
    0.00763518581249998
  ],
  "val_accs": [
    0.9908854166666666,
    0.9833622685185185,
    0.9905960648148148,
    0.99609375,
    0.9816261574074074,
    0.9958043981481481,
    0.9986979166666666,
    0.9988425925925926,
    0.9986979166666666,
    0.9986979166666666,
    0.9986979166666666,
    0.9986979166666666,
    0.9986979166666666,
    0.9988425925925926,
    0.9986979166666666,
    0.9986979166666666,
    0.9988425925925926
  ],
  "epoch_times_sec": [
    251.8016209602356,
    252.42135643959045,
    251.66247010231018,
    251.69075298309326,
    251.78449749946594,
    251.58539199829102,
    251.27694416046143,
    250.85314798355103,
    250.66290712356567,
    251.05477213859558,
    250.67988419532776,
    250.2247474193573,
    250.4870321750641,
    250.95783853530884,
    251.20027589797974,
    252.43966603279114,
    252.16200828552246
  ],
  "early_stop": {
    "enabled": true,
    "monitor": "val_loss",
    "best_epoch": 6,
    "best_value": 0.006614960481076398
  }
}