{
  "run_name": "fold_2",
  "train_losses": [
    0.1768643726573559,
    0.03373193531304726,
    0.020480945918709983,
    0.016497556020857486,
    0.011725968046572555,
    0.013422044866950332,
    0.013300336537899998,
    0.003934031404610624,
    0.009051633764379964,
    0.007590460073534431,
    0.008713560270495779,
    0.002490463074692969,
    0.010334724972871438,
    0.010775381988211197,
    0.00219979520220602,
    0.00980195464888569,
    0.007092754120877748,
    0.0027901920731108983,
    0.0012137205289610967,
    0.008566194619681493,
    0.001516424073729943,
    0.00012000812247032809,
    8.2836162378142e-05,
    7.239159549890605e-05,
    5.408094463200094e-05,
    4.49484329385164e-05,
    3.970678795805835e-05,
    0.0304016780085039,
    0.009271941993106247,
    0.0007206296709659966,
    0.00011789126930608599,
    8.690858454758761e-05,
    7.718358792615474e-05,
    5.6657461553452016e-05,
    5.19166580577224e-05,
    4.555170884975482e-05,
    3.740838332892395e-05,
    3.367785240837349e-05,
    2.8926619853048437e-05,
    2.8714340452592953e-05
  ],
  "val_losses": [
    0.07063521136081329,
    0.027061096573662426,
    0.015335601979771766,
    0.03535613245805035,
    0.014160333057925864,
    0.022444963572693436,
    0.014534882642220947,
    0.03206357679812721,
    0.014860491705972149,
    0.020883201982036956,
    0.020351800308196322,
    0.033924450749139023,
    0.022169723499111435,
    0.010057446310922926,
    0.01448337242308534,
    0.02131714005749759,
    0.008374699174493327,
    0.00842943174629235,
    0.01478075833896313,
    0.011131856565043563,
    0.006730853812634315,
    0.006781164323506851,
    0.007202087548581336,
    0.00730208911132919,
    0.007393523176048162,
    0.007503689409700369,
    0.007584854350608549,
    0.018384766991301957,
    0.013536001989214801,
    0.004974874995510887,
    0.0046910181814315294,
    0.004642597012342002,
    0.004928264518471055,
    0.004819477247211681,
    0.004804245602220665,
    0.004862995565923079,
    0.0048618942712858335,
    0.004884012570140907,
    0.00484871088762399,
    0.004931177275466325
  ],
  "val_accs": [
    0.9754050925925926,
    0.9907407407407407,
    0.9968171296296297,
    0.9894386574074074,
    0.9955150462962963,
    0.9939236111111112,
    0.9949363425925926,
    0.9901620370370371,
    0.9953703703703703,
    0.9947916666666666,
    0.9946469907407407,
    0.9929108796296297,
    0.9947916666666666,
    0.9963831018518519,
    0.9963831018518519,
    0.9963831018518519,
    0.9981192129629629,
    0.9985532407407407,
    0.9971064814814815,
    0.9965277777777778,
    0.9988425925925926,
    0.9988425925925926,
    0.9986979166666666,
    0.9988425925925926,
    0.9988425925925926,
    0.9988425925925926,
    0.9988425925925926,
    0.9937789351851852,
    0.9966724537037037,
    0.9988425925925926,
    0.9989872685185185,
    0.9989872685185185,
    0.9991319444444444,
    0.9991319444444444,
    0.9991319444444444,
    0.9991319444444444,
    0.9991319444444444,
    0.9991319444444444,
    0.9991319444444444,
    0.9991319444444444
  ],
  "epoch_times_sec": [
    250.56202602386475,
    250.40621376037598,
    250.98286843299866,
    250.50551557540894,
    249.6466748714447,
    251.23040461540222,
    252.79225754737854,
    251.26057648658752,
    250.16191911697388,
    251.28676557540894,
    250.93036675453186,
    250.39022779464722,
    250.070072889328,
    250.6354696750641,
    250.18689966201782,
    250.53431272506714,
    250.67433428764343,
    250.52926683425903,
    249.8149173259735,
    250.4342713356018,
    249.92865109443665,
    250.63241362571716,
    250.6324803829193,
    249.6131649017334,
    250.21216750144958,
    250.6335163116455,
    250.41242051124573,
    250.08864545822144,
    251.17632031440735,
    250.14786672592163,
    251.13796091079712,
    250.2588770389557,
    249.7225525379181,
    250.5870497226715,
    250.53026270866394,
    249.84384989738464,
    249.75968980789185,
    250.27313542366028,
    250.44581985473633,
    249.97496819496155
  ],
  "early_stop": {
    "enabled": true,
    "monitor": "val_loss",
    "best_epoch": 29,
    "best_value": 0.004974874995510887
  }
}