{
  "data_flag": "organamnist",
  "num_classes": 11,
  "class_names": [
    "bladder",
    "femur-left",
    "femur-right",
    "heart",
    "kidney-left",
    "kidney-right",
    "liver",
    "lung-left",
    "lung-right",
    "pancreas",
    "spleen"
  ],
  "is_ensemble": false,
  "metrics": {
    "accuracy": 0.9721565980425245,
    "balanced_accuracy": 0.9720130540013154,
    "auc": 0.9994602513695718
  },
  "confusion_matrix": [
    [
      1010,
      7,
      2,
      0,
      3,
      13,
      0,
      0,
      0,
      1,
      0
    ],
    [
      0,
      768,
      11,
      0,
      4,
      1,
      0,
      0,
      0,
      0,
      0
    ],
    [
      7,
      2,
      778,
      0,
      4,
      2,
      0,
      0,
      0,
      0,
      0
    ],
    [
      0,
      0,
      0,
      751,
      0,
      0,
      0,
      23,
      0,
      0,
      11
    ],
    [
      32,
      17,
      0,
      0,
      1779,
      23,
      0,
      0,
      0,
      19,
      194
    ],
    [
      13,
      1,
      15,
      0,
      39,
      1887,
      0,
      0,
      0,
      0,
      10
    ],
    [
      0,
      0,
      0,
      0,
      0,
      0,
      3281,
      0,
      4,
      0,
      0
    ],
    [
      0,
      0,
      0,
      0,
      0,
      0,
      0,
      1747,
      0,
      0,
      0
    ],
    [
      0,
      0,
      0,
      0,
      0,
      0,
      14,
      0,
      1799,
      0,
      0
    ],
    [
      2,
      0,
      0,
      0,
      2,
      1,
      1,
      0,
      0,
      1608,
      8
    ],
    [
      4,
      0,
      0,
      0,
      1,
      0,
      0,
      3,
      0,
      1,
      1875
    ]
  ],
  "counts": {
    "n_samples": 17778
  },
  "timing": {
    "eval_wall_sec": 42.86207437515259,
    "throughput_img_per_s": 414.7722726715723,
    "latency_ms_per_img": 2.410961546583001
  }
}