{
  "data_flag": "organamnist",
  "num_classes": 11,
  "class_names": [
    "bladder",
    "femur-left",
    "femur-right",
    "heart",
    "kidney-left",
    "kidney-right",
    "liver",
    "lung-left",
    "lung-right",
    "pancreas",
    "spleen"
  ],
  "is_ensemble": false,
  "metrics": {
    "accuracy": 0.9740690741365733,
    "balanced_accuracy": 0.9723541070138991,
    "auc": 0.9993901109706667
  },
  "confusion_matrix": [
    [
      1002,
      0,
      2,
      0,
      8,
      12,
      0,
      0,
      0,
      12,
      0
    ],
    [
      0,
      749,
      22,
      0,
      7,
      6,
      0,
      0,
      0,
      0,
      0
    ],
    [
      1,
      3,
      773,
      0,
      4,
      12,
      0,
      0,
      0,
      0,
      0
    ],
    [
      0,
      0,
      0,
      757,
      0,
      2,
      0,
      10,
      0,
      13,
      3
    ],
    [
      42,
      19,
      0,
      0,
      1810,
      25,
      0,
      1,
      0,
      26,
      141
    ],
    [
      2,
      0,
      1,
      0,
      45,
      1912,
      0,
      0,
      0,
      1,
      4
    ],
    [
      0,
      0,
      0,
      0,
      0,
      0,
      3266,
      0,
      19,
      0,
      0
    ],
    [
      0,
      0,
      0,
      0,
      0,
      0,
      0,
      1747,
      0,
      0,
      0
    ],
    [
      0,
      0,
      0,
      0,
      0,
      0,
      6,
      0,
      1807,
      0,
      0
    ],
    [
      0,
      0,
      0,
      0,
      1,
      2,
      0,
      0,
      0,
      1619,
      0
    ],
    [
      0,
      0,
      0,
      0,
      5,
      0,
      0,
      2,
      0,
      2,
      1875
    ]
  ],
  "counts": {
    "n_samples": 17778
  },
  "timing": {
    "eval_wall_sec": 42.533156633377075,
    "throughput_img_per_s": 417.97979287643693,
    "latency_ms_per_img": 2.3924601548755247
  }
}