{
  "data_flag": "organamnist",
  "num_classes": 11,
  "class_names": [
    "bladder",
    "femur-left",
    "femur-right",
    "heart",
    "kidney-left",
    "kidney-right",
    "liver",
    "lung-left",
    "lung-right",
    "pancreas",
    "spleen"
  ],
  "is_ensemble": false,
  "metrics": {
    "accuracy": 0.973619079761503,
    "balanced_accuracy": 0.9720431977791577,
    "auc": 0.9991737225620156
  },
  "confusion_matrix": [
    [
      1004,
      2,
      0,
      0,
      8,
      17,
      0,
      0,
      0,
      5,
      0
    ],
    [
      2,
      752,
      15,
      0,
      7,
      8,
      0,
      0,
      0,
      0,
      0
    ],
    [
      15,
      1,
      769,
      0,
      5,
      3,
      0,
      0,
      0,
      0,
      0
    ],
    [
      0,
      0,
      0,
      765,
      0,
      0,
      0,
      6,
      0,
      6,
      8
    ],
    [
      45,
      2,
      0,
      0,
      1828,
      37,
      0,
      0,
      0,
      29,
      123
    ],
    [
      23,
      0,
      3,
      0,
      36,
      1893,
      1,
      0,
      0,
      9,
      0
    ],
    [
      0,
      0,
      0,
      0,
      0,
      0,
      3285,
      0,
      0,
      0,
      0
    ],
    [
      0,
      0,
      0,
      0,
      0,
      0,
      0,
      1746,
      0,
      0,
      1
    ],
    [
      0,
      0,
      0,
      0,
      0,
      0,
      32,
      0,
      1781,
      0,
      0
    ],
    [
      0,
      0,
      0,
      0,
      0,
      0,
      0,
      0,
      0,
      1619,
      3
    ],
    [
      5,
      0,
      0,
      1,
      2,
      0,
      0,
      8,
      0,
      1,
      1867
    ]
  ],
  "counts": {
    "n_samples": 17778
  },
  "timing": {
    "eval_wall_sec": 46.14681792259216,
    "throughput_img_per_s": 385.24866502867576,
    "latency_ms_per_img": 2.5957260615700397
  }
}