{
  "data_flag": "organamnist",
  "num_classes": 11,
  "class_names": [
    "bladder",
    "femur-left",
    "femur-right",
    "heart",
    "kidney-left",
    "kidney-right",
    "liver",
    "lung-left",
    "lung-right",
    "pancreas",
    "spleen"
  ],
  "is_ensemble": false,
  "metrics": {
    "accuracy": 0.9753065586680166,
    "balanced_accuracy": 0.9744311556848338,
    "auc": 0.9992447326122292
  },
  "confusion_matrix": [
    [
      1010,
      1,
      1,
      0,
      8,
      7,
      0,
      0,
      0,
      8,
      1
    ],
    [
      0,
      744,
      16,
      0,
      9,
      15,
      0,
      0,
      0,
      0,
      0
    ],
    [
      2,
      5,
      768,
      0,
      3,
      15,
      0,
      0,
      0,
      0,
      0
    ],
    [
      0,
      0,
      0,
      777,
      0,
      0,
      0,
      2,
      0,
      5,
      1
    ],
    [
      37,
      1,
      5,
      0,
      1826,
      27,
      0,
      0,
      0,
      28,
      140
    ],
    [
      4,
      0,
      3,
      0,
      54,
      1904,
      0,
      0,
      0,
      0,
      0
    ],
    [
      0,
      0,
      0,
      0,
      0,
      0,
      3262,
      0,
      23,
      0,
      0
    ],
    [
      0,
      0,
      0,
      0,
      0,
      0,
      0,
      1747,
      0,
      0,
      0
    ],
    [
      0,
      0,
      0,
      0,
      0,
      0,
      0,
      0,
      1813,
      0,
      0
    ],
    [
      1,
      0,
      0,
      0,
      0,
      1,
      0,
      0,
      0,
      1616,
      4
    ],
    [
      0,
      0,
      0,
      0,
      7,
      0,
      2,
      0,
      0,
      3,
      1872
    ]
  ],
  "counts": {
    "n_samples": 17778
  },
  "timing": {
    "eval_wall_sec": 42.88773274421692,
    "throughput_img_per_s": 414.5241275874446,
    "latency_ms_per_img": 2.412404811802054
  }
}