{
  "data_flag": "organamnist",
  "num_classes": 11,
  "class_names": [
    "bladder",
    "femur-left",
    "femur-right",
    "heart",
    "kidney-left",
    "kidney-right",
    "liver",
    "lung-left",
    "lung-right",
    "pancreas",
    "spleen"
  ],
  "is_ensemble": false,
  "metrics": {
    "accuracy": 0.9743503206209922,
    "balanced_accuracy": 0.9734291630558772,
    "auc": 0.9994096093242377
  },
  "confusion_matrix": [
    [
      991,
      7,
      0,
      0,
      6,
      16,
      0,
      0,
      0,
      14,
      2
    ],
    [
      1,
      767,
      7,
      0,
      4,
      5,
      0,
      0,
      0,
      0,
      0
    ],
    [
      16,
      1,
      769,
      0,
      3,
      4,
      0,
      0,
      0,
      0,
      0
    ],
    [
      0,
      0,
      0,
      766,
      0,
      0,
      0,
      6,
      0,
      0,
      13
    ],
    [
      22,
      44,
      1,
      0,
      1877,
      27,
      0,
      0,
      0,
      19,
      74
    ],
    [
      9,
      0,
      6,
      0,
      54,
      1896,
      0,
      0,
      0,
      0,
      0
    ],
    [
      0,
      0,
      0,
      0,
      0,
      1,
      3257,
      0,
      27,
      0,
      0
    ],
    [
      0,
      0,
      0,
      0,
      0,
      0,
      0,
      1747,
      0,
      0,
      0
    ],
    [
      0,
      0,
      0,
      0,
      0,
      2,
      5,
      0,
      1806,
      0,
      0
    ],
    [
      0,
      0,
      0,
      0,
      12,
      3,
      0,
      0,
      0,
      1590,
      17
    ],
    [
      1,
      0,
      0,
      1,
      22,
      0,
      0,
      3,
      0,
      1,
      1856
    ]
  ],
  "counts": {
    "n_samples": 17778
  },
  "timing": {
    "eval_wall_sec": 42.80116891860962,
    "throughput_img_per_s": 415.36248773500813,
    "latency_ms_per_img": 2.4075356574760725
  }
}