{
  "data_flag": "organamnist",
  "num_classes": 11,
  "class_names": [
    "bladder",
    "femur-left",
    "femur-right",
    "heart",
    "kidney-left",
    "kidney-right",
    "liver",
    "lung-left",
    "lung-right",
    "pancreas",
    "spleen"
  ],
  "is_ensemble": true,
  "metrics": {
    "accuracy": 0.9789627629654629,
    "balanced_accuracy": 0.9780820223725105,
    "auc": 0.9995516860720854
  },
  "confusion_matrix": [
    [
      1014,
      5,
      0,
      0,
      6,
      9,
      0,
      0,
      0,
      2,
      0
    ],
    [
      0,
      760,
      13,
      0,
      8,
      3,
      0,
      0,
      0,
      0,
      0
    ],
    [
      9,
      2,
      773,
      0,
      4,
      5,
      0,
      0,
      0,
      0,
      0
    ],
    [
      0,
      0,
      0,
      766,
      0,
      0,
      0,
      7,
      0,
      5,
      7
    ],
    [
      27,
      13,
      0,
      0,
      1853,
      22,
      0,
      0,
      0,
      19,
      130
    ],
    [
      4,
      0,
      3,
      0,
      39,
      1919,
      0,
      0,
      0,
      0,
      0
    ],
    [
      0,
      0,
      0,
      0,
      0,
      0,
      3270,
      0,
      15,
      0,
      0
    ],
    [
      0,
      0,
      0,
      0,
      0,
      0,
      0,
      1747,
      0,
      0,
      0
    ],
    [
      0,
      0,
      0,
      0,
      0,
      0,
      4,
      0,
      1809,
      0,
      0
    ],
    [
      0,
      0,
      0,
      0,
      0,
      1,
      0,
      0,
      0,
      1616,
      5
    ],
    [
      2,
      0,
      0,
      0,
      2,
      0,
      0,
      2,
      0,
      1,
      1877
    ]
  ],
  "counts": {
    "n_samples": 17778
  },
  "timing": {
    "eval_wall_sec": 210.6507589817047,
    "throughput_img_per_s": 84.39561331722541,
    "latency_ms_per_img": 11.84895708075738
  }
}