{
  "run_name": "fold_0",
  "train_losses": [
    0.37584681875039627,
    0.06532188324716792,
    0.03384927327386527,
    0.01970535079992466,
    0.04966318157638215,
    0.033345055674847045,
    0.00646441517321961,
    0.005681977184445933,
    0.008066020124120476,
    0.009256684567539126,
    0.00719509314478234,
    0.013486650401907775,
    0.007017208222396907,
    0.011585286047239799,
    0.01334961170477986,
    0.004812705614589152,
    0.0026249729039826294
  ],
  "val_losses": [
    0.07068630384189337,
    0.05469454263066243,
    0.04909422160066678,
    0.04734868393151917,
    0.10714098029315362,
    0.03936086286547197,
    0.03217193342479698,
    0.03410225307134319,
    0.03580240381990561,
    0.053115583173045294,
    0.03640253257246474,
    0.05403378962707694,
    0.04840902216950435,
    0.05334002125631146,
    0.06637811636302358,
    0.05481258128157611,
    0.03321396063807228
  ],
  "val_accs": [
    0.9753199268738574,
    0.9808043875685558,
    0.9803473491773309,
    0.9849177330895795,
    0.9657221206581352,
    0.9835466179159049,
    0.9913162705667276,
    0.9899451553930531,
    0.9908592321755028,
    0.9849177330895795,
    0.9917733089579525,
    0.9821755027422303,
    0.9826325411334552,
    0.9867458866544789,
    0.9840036563071298,
    0.9821755027422303,
    0.9904021937842779
  ],
  "epoch_times_sec": [
    75.59024596214294,
    73.52881717681885,
    74.28635907173157,
    74.10944294929504,
    74.20403933525085,
    74.21378064155579,
    74.13591051101685,
    74.54512739181519,
    74.35630393028259,
    74.28644275665283,
    74.41611862182617,
    74.30793261528015,
    74.52146983146667,
    74.36665439605713,
    74.41446423530579,
    74.45622324943542,
    74.48911547660828
  ],
  "early_stop": {
    "enabled": true,
    "monitor": "val_loss",
    "best_epoch": 6,
    "best_value": 0.03217193342479698
  }
}