{
  "run_name": "fold_3",
  "train_losses": [
    0.5359929070934348,
    0.0761811058512278,
    0.03596012485900706,
    0.02793742208252472,
    0.023604210630077976,
    0.017770332487695818,
    0.03857890848896002,
    0.016270491816695314,
    0.008607638227638484,
    0.012585056440900265,
    0.009535030580538452,
    0.010380804374369503,
    0.007690597069234163,
    0.023271783287081804,
    0.0076119035149434045,
    0.0018751118419435804,
    0.002194693835991044,
    0.006884626207085715,
    0.0018509577038778905,
    0.003719489739164378
  ],
  "val_losses": [
    0.13177735113190034,
    0.07388651023747056,
    0.059513219607935194,
    0.06635393037502903,
    0.0949221082956023,
    0.0740516611859739,
    0.06395185602276114,
    0.07168289762916308,
    0.07726695256133763,
    0.043722096509519484,
    0.06604928807373828,
    0.05468999218994615,
    0.0650613134056762,
    0.09770878864419028,
    0.07225966846427342,
    0.056947877035333556,
    0.06448318835244064,
    0.05132317508866386,
    0.0543846619972657,
    0.057103072334323185
  ],
  "val_accs": [
    0.9524462734339277,
    0.968907178783722,
    0.9789666209419295,
    0.9794238683127572,
    0.9670781893004116,
    0.9721079103795153,
    0.978509373571102,
    0.9775948788294467,
    0.9762231367169639,
    0.9839963420210334,
    0.9803383630544125,
    0.9821673525377229,
    0.9794238683127572,
    0.9698216735253772,
    0.9821673525377229,
    0.9853680841335163,
    0.9812528577960676,
    0.9849108367626886,
    0.9853680841335163,
    0.9821673525377229
  ],
  "epoch_times_sec": [
    76.13066124916077,
    74.23098111152649,
    74.4807779788971,
    74.28925013542175,
    74.44577050209045,
    74.53342771530151,
    74.32896614074707,
    74.38733506202698,
    74.20205616950989,
    74.47292423248291,
    74.37371444702148,
    74.32609033584595,
    74.18058514595032,
    74.41151452064514,
    74.36524105072021,
    74.16550087928772,
    74.44661331176758,
    74.43830943107605,
    74.44173550605774,
    74.45033550262451
  ],
  "early_stop": {
    "enabled": true,
    "monitor": "val_loss",
    "best_epoch": 9,
    "best_value": 0.043722096509519484
  }
}