{
  "run_name": "fold_2",
  "train_losses": [
    0.44578741095191154,
    0.06497964042570267,
    0.04427660145150796,
    0.01931949152798227,
    0.015470472073225256,
    0.013385326957849792,
    0.03472702903997722,
    0.018293633929306146,
    0.01768076415231724,
    0.009829470025755934,
    0.013328581090374856,
    0.006754117034369706,
    0.012041412500847897
  ],
  "val_losses": [
    0.10431619086628588,
    0.06401230198972925,
    0.04773184151448749,
    0.06467441434538265,
    0.05420696055906781,
    0.08149162564312427,
    0.09639417613281817,
    0.08164718782739602,
    0.12366022141824916,
    0.05999575760406086,
    0.046810207407132993,
    0.08171817586729775,
    0.08876169291773116
  ],
  "val_accs": [
    0.9643347050754458,
    0.9789666209419295,
    0.9798811156835848,
    0.9803383630544125,
    0.9817101051668953,
    0.9775948788294467,
    0.9611339734796525,
    0.968907178783722,
    0.9666209419295839,
    0.9839963420210334,
    0.9830818472793782,
    0.9757658893461363,
    0.9725651577503429
  ],
  "epoch_times_sec": [
    76.39320683479309,
    74.19228839874268,
    74.49227380752563,
    74.5365047454834,
    74.5485486984253,
    74.40293502807617,
    74.4804630279541,
    74.3469500541687,
    74.41814851760864,
    74.33450865745544,
    74.24257063865662,
    74.50318455696106,
    74.51941871643066
  ],
  "early_stop": {
    "enabled": true,
    "monitor": "val_loss",
    "best_epoch": 2,
    "best_value": 0.04773184151448749
  }
}