{
  "run_name": "fold_4",
  "train_losses": [
    0.44858780363952516,
    0.062442634920213326,
    0.031557018851699765,
    0.01603411272949921,
    0.013897423007267791,
    0.04113858054094089,
    0.028651172983086386,
    0.016449479884604806,
    0.010915095281847573,
    0.01738670001913308,
    0.002700696886352218,
    0.0029970456699478054,
    0.0012761336418203196,
    0.0011721602513839456,
    0.0003745916407780588,
    0.0002879025298556623,
    0.0004399115544807599,
    0.0038830748813392666,
    0.019955334502593465,
    0.023351813039005465,
    0.011096755151463068
  ],
  "val_losses": [
    0.08873344356876342,
    0.09818678875409056,
    0.06732941773529733,
    0.08246089035673233,
    0.0605413483679186,
    0.0680401223570289,
    0.07115463588674645,
    0.05231082886112509,
    0.0936766387251724,
    0.06261338067431473,
    0.04983115877525144,
    0.07086186334584461,
    0.05892530314158116,
    0.059715751260876734,
    0.05982631229357747,
    0.06092562746384024,
    0.0661998870305009,
    0.07927216395600961,
    0.14031595970445646,
    0.08934407240473372,
    0.1095440623841334
  ],
  "val_accs": [
    0.9707361682670325,
    0.9725651577503429,
    0.9812528577960676,
    0.9734796524919982,
    0.9853680841335163,
    0.9771376314586191,
    0.9757658893461363,
    0.9858253315043438,
    0.978509373571102,
    0.9835390946502057,
    0.9871970736168267,
    0.9821673525377229,
    0.9862825788751715,
    0.9867398262459991,
    0.9867398262459991,
    0.9876543209876543,
    0.9849108367626886,
    0.9862825788751715,
    0.9510745313214449,
    0.978509373571102,
    0.9711934156378601
  ],
  "epoch_times_sec": [
    76.38924288749695,
    74.21699929237366,
    74.54667901992798,
    74.55212545394897,
    74.55247950553894,
    74.29486680030823,
    74.6338438987732,
    74.55529451370239,
    74.40854167938232,
    74.52056741714478,
    74.3212149143219,
    74.62054371833801,
    74.45995306968689,
    74.27848958969116,
    74.79349303245544,
    74.67729711532593,
    74.56930422782898,
    74.67295241355896,
    74.63804769515991,
    74.43087792396545,
    74.40564227104187
  ],
  "early_stop": {
    "enabled": true,
    "monitor": "val_loss",
    "best_epoch": 10,
    "best_value": 0.04983115877525144
  }
}