{
  "run_name": "fold_1",
  "train_losses": [
    0.41651046637167644,
    0.0630781997992851,
    0.048620420853087994,
    0.023351555944156725,
    0.01996843570817578,
    0.017910827506077687,
    0.031108668941145612,
    0.014689715486115654,
    0.015475901498401052,
    0.019733446365030088,
    0.009931682056018945,
    0.004586939684938521,
    0.022653960878644103
  ],
  "val_losses": [
    0.13095064096708084,
    0.07346443863944152,
    0.03163834496017564,
    0.0806453668320348,
    0.05277646196112684,
    0.04177700589522958,
    0.1430255309714811,
    0.046885477403663424,
    0.08152337948726529,
    0.07405450558010958,
    0.036531724914683567,
    0.04005891591735068,
    0.10270546828441332
  ],
  "val_accs": [
    0.9428440786465477,
    0.9771376314586191,
    0.9899405578417924,
    0.9762231367169639,
    0.9862825788751715,
    0.9862825788751715,
    0.9478737997256516,
    0.9881115683584819,
    0.9807956104252401,
    0.9757658893461363,
    0.99039780521262,
    0.9894833104709648,
    0.9730224051211706
  ],
  "epoch_times_sec": [
    76.09625029563904,
    73.89803457260132,
    74.29706954956055,
    74.52241206169128,
    74.44822001457214,
    74.24847316741943,
    74.24052715301514,
    74.42156100273132,
    74.37822532653809,
    74.4922080039978,
    74.30714392662048,
    74.45716071128845,
    74.4881238937378
  ],
  "early_stop": {
    "enabled": true,
    "monitor": "val_loss",
    "best_epoch": 2,
    "best_value": 0.03163834496017564
  }
}