{
  "data_flag": "bloodmnist",
  "num_classes": 8,
  "class_names": [
    "basophil",
    "eosinophil",
    "erythroblast",
    "immature granulocytes(myelocytes, metamyelocytes and promyelocytes)",
    "lymphocyte",
    "monocyte",
    "neutrophil",
    "platelet"
  ],
  "is_ensemble": false,
  "metrics": {
    "accuracy": 0.9874305758550131,
    "balanced_accuracy": 0.9883098020202172,
    "auc": 0.9995374872368376
  },
  "confusion_matrix": [
    [
      240,
      0,
      0,
      4,
      0,
      0,
      0,
      0
    ],
    [
      0,
      624,
      0,
      0,
      0,
      0,
      0,
      0
    ],
    [
      0,
      0,
      310,
      0,
      0,
      1,
      0,
      0
    ],
    [
      0,
      0,
      0,
      558,
      0,
      2,
      19,
      0
    ],
    [
      0,
      0,
      0,
      0,
      243,
      0,
      0,
      0
    ],
    [
      0,
      0,
      1,
      0,
      5,
      278,
      0,
      0
    ],
    [
      0,
      1,
      1,
      8,
      0,
      1,
      655,
      0
    ],
    [
      0,
      0,
      0,
      0,
      0,
      0,
      0,
      470
    ]
  ],
  "counts": {
    "n_samples": 3421
  },
  "timing": {
    "eval_wall_sec": 9.673027515411377,
    "throughput_img_per_s": 353.66383425970344,
    "latency_ms_per_img": 2.827543851333346
  }
}