{
  "data_flag": "bloodmnist",
  "num_classes": 8,
  "class_names": [
    "basophil",
    "eosinophil",
    "erythroblast",
    "immature granulocytes(myelocytes, metamyelocytes and promyelocytes)",
    "lymphocyte",
    "monocyte",
    "neutrophil",
    "platelet"
  ],
  "is_ensemble": false,
  "metrics": {
    "accuracy": 0.9836305173925752,
    "balanced_accuracy": 0.9851337136026042,
    "auc": 0.9994567040633711
  },
  "confusion_matrix": [
    [
      243,
      0,
      0,
      1,
      0,
      0,
      0,
      0
    ],
    [
      0,
      624,
      0,
      0,
      0,
      0,
      0,
      0
    ],
    [
      0,
      0,
      308,
      1,
      2,
      0,
      0,
      0
    ],
    [
      0,
      0,
      4,
      551,
      1,
      9,
      14,
      0
    ],
    [
      0,
      0,
      1,
      0,
      242,
      0,
      0,
      0
    ],
    [
      0,
      0,
      0,
      1,
      8,
      275,
      0,
      0
    ],
    [
      0,
      1,
      1,
      10,
      0,
      2,
      652,
      0
    ],
    [
      0,
      0,
      0,
      0,
      0,
      0,
      0,
      470
    ]
  ],
  "counts": {
    "n_samples": 3421
  },
  "timing": {
    "eval_wall_sec": 8.55688762664795,
    "throughput_img_per_s": 399.7948961426449,
    "latency_ms_per_img": 2.501282556751812
  }
}