{
  "data_flag": "bloodmnist",
  "num_classes": 8,
  "class_names": [
    "basophil",
    "eosinophil",
    "erythroblast",
    "immature granulocytes(myelocytes, metamyelocytes and promyelocytes)",
    "lymphocyte",
    "monocyte",
    "neutrophil",
    "platelet"
  ],
  "is_ensemble": false,
  "metrics": {
    "accuracy": 0.9859690149079217,
    "balanced_accuracy": 0.989321608867141,
    "auc": 0.9994294782408706
  },
  "confusion_matrix": [
    [
      243,
      0,
      0,
      1,
      0,
      0,
      0,
      0
    ],
    [
      0,
      624,
      0,
      0,
      0,
      0,
      0,
      0
    ],
    [
      0,
      0,
      310,
      0,
      0,
      0,
      1,
      0
    ],
    [
      1,
      0,
      0,
      565,
      1,
      7,
      5,
      0
    ],
    [
      0,
      0,
      0,
      0,
      242,
      1,
      0,
      0
    ],
    [
      0,
      0,
      0,
      0,
      1,
      283,
      0,
      0
    ],
    [
      0,
      2,
      0,
      24,
      0,
      2,
      638,
      0
    ],
    [
      0,
      0,
      1,
      1,
      0,
      0,
      0,
      468
    ]
  ],
  "counts": {
    "n_samples": 3421
  },
  "timing": {
    "eval_wall_sec": 8.642305374145508,
    "throughput_img_per_s": 395.8434528632061,
    "latency_ms_per_img": 2.526251205538003
  }
}