{
  "data_flag": "bloodmnist",
  "num_classes": 8,
  "class_names": [
    "basophil",
    "eosinophil",
    "erythroblast",
    "immature granulocytes(myelocytes, metamyelocytes and promyelocytes)",
    "lymphocyte",
    "monocyte",
    "neutrophil",
    "platelet"
  ],
  "is_ensemble": false,
  "metrics": {
    "accuracy": 0.9868459514761766,
    "balanced_accuracy": 0.9891371022163953,
    "auc": 0.9992904327111888
  },
  "confusion_matrix": [
    [
      242,
      0,
      0,
      2,
      0,
      0,
      0,
      0
    ],
    [
      0,
      624,
      0,
      0,
      0,
      0,
      0,
      0
    ],
    [
      1,
      0,
      309,
      1,
      0,
      0,
      0,
      0
    ],
    [
      1,
      0,
      0,
      561,
      0,
      7,
      10,
      0
    ],
    [
      0,
      0,
      0,
      0,
      242,
      1,
      0,
      0
    ],
    [
      0,
      0,
      0,
      0,
      2,
      282,
      0,
      0
    ],
    [
      0,
      1,
      0,
      18,
      0,
      1,
      646,
      0
    ],
    [
      0,
      0,
      0,
      0,
      0,
      0,
      0,
      470
    ]
  ],
  "counts": {
    "n_samples": 3421
  },
  "timing": {
    "eval_wall_sec": 8.62389087677002,
    "throughput_img_per_s": 396.68869294428004,
    "latency_ms_per_img": 2.5208684234931362
  }
}