{
  "data_flag": "bloodmnist",
  "num_classes": 8,
  "class_names": [
    "basophil",
    "eosinophil",
    "erythroblast",
    "immature granulocytes(myelocytes, metamyelocytes and promyelocytes)",
    "lymphocyte",
    "monocyte",
    "neutrophil",
    "platelet"
  ],
  "is_ensemble": false,
  "metrics": {
    "accuracy": 0.9859690149079217,
    "balanced_accuracy": 0.9877721207028141,
    "auc": 0.9994876015228757
  },
  "confusion_matrix": [
    [
      243,
      0,
      0,
      1,
      0,
      0,
      0,
      0
    ],
    [
      0,
      624,
      0,
      0,
      0,
      0,
      0,
      0
    ],
    [
      0,
      0,
      309,
      1,
      0,
      1,
      0,
      0
    ],
    [
      0,
      0,
      0,
      547,
      0,
      6,
      26,
      0
    ],
    [
      0,
      0,
      1,
      1,
      240,
      1,
      0,
      0
    ],
    [
      0,
      0,
      0,
      1,
      1,
      282,
      0,
      0
    ],
    [
      0,
      1,
      0,
      5,
      0,
      1,
      659,
      0
    ],
    [
      1,
      0,
      0,
      0,
      0,
      0,
      0,
      469
    ]
  ],
  "counts": {
    "n_samples": 3421
  },
  "timing": {
    "eval_wall_sec": 8.596097469329834,
    "throughput_img_per_s": 397.97129013553484,
    "latency_ms_per_img": 2.512744071712901
  }
}