{
  "data_flag": "bloodmnist",
  "num_classes": 8,
  "class_names": [
    "basophil",
    "eosinophil",
    "erythroblast",
    "immature granulocytes(myelocytes, metamyelocytes and promyelocytes)",
    "lymphocyte",
    "monocyte",
    "neutrophil",
    "platelet"
  ],
  "is_ensemble": true,
  "metrics": {
    "accuracy": 0.9906460099386144,
    "balanced_accuracy": 0.9921722946771901,
    "auc": 0.9995270213331218
  },
  "confusion_matrix": [
    [
      243,
      0,
      0,
      1,
      0,
      0,
      0,
      0
    ],
    [
      0,
      624,
      0,
      0,
      0,
      0,
      0,
      0
    ],
    [
      0,
      0,
      310,
      0,
      0,
      1,
      0,
      0
    ],
    [
      0,
      0,
      0,
      563,
      0,
      5,
      11,
      0
    ],
    [
      0,
      0,
      0,
      0,
      242,
      1,
      0,
      0
    ],
    [
      0,
      0,
      0,
      0,
      2,
      282,
      0,
      0
    ],
    [
      0,
      1,
      0,
      9,
      0,
      1,
      655,
      0
    ],
    [
      0,
      0,
      0,
      0,
      0,
      0,
      0,
      470
    ]
  ],
  "counts": {
    "n_samples": 3421
  },
  "timing": {
    "eval_wall_sec": 41.06631541252136,
    "throughput_img_per_s": 83.30428395231478,
    "latency_ms_per_img": 12.004184569576546
  }
}