{
  "run_name": "fold_4",
  "train_losses": [
    1.3345104059555417,
    1.1362022787965873,
    1.0615213092653042,
    1.0038470598475437,
    0.9601748450385423,
    0.9210237825240305,
    0.880760987720514,
    0.843994703871853,
    0.8068928407630677,
    0.7695517987076886,
    0.7307413253559764,
    0.6893602709668238,
    0.6494841029868823,
    0.6067557020181389,
    0.5735409981505422,
    0.5325477721887575,
    0.5022328168712242,
    0.4669726886756202
  ],
  "val_losses": [
    1.1298266188421304,
    1.1402011316078544,
    0.9762587029110622,
    1.0882826009671691,
    0.9592731011285787,
    0.996679668953531,
    0.9838519875868359,
    0.9146096913162708,
    0.9505161978718089,
    0.9257055448199756,
    0.9772767911570088,
    0.9565513083885613,
    1.007266899065515,
    0.9927158795734489,
    1.0841061594245422,
    1.1550446639673726,
    1.181848712915595,
    1.1856171695534228
  ],
  "val_accs": [
    0.5563524590163934,
    0.583223162347964,
    0.620009254362771,
    0.5838180856689582,
    0.6749735589635114,
    0.6474748810153358,
    0.6272805393971443,
    0.6902432575356954,
    0.6757337387625595,
    0.6809888947646747,
    0.6793363299841354,
    0.7052815970386039,
    0.7058104177683765,
    0.7016129032258065,
    0.6925237969328397,
    0.703397673188789,
    0.7088180856689582,
    0.7115282919090429
  ],
  "epoch_times_sec": [
    1040.5074698925018,
    1018.7515563964844,
    1018.417592048645,
    1015.2546427249908,
    1015.4304430484772,
    1015.333859205246,
    1016.0744783878326,
    1018.1738803386688,
    1019.3685393333435,
    1012.0224995613098,
    1013.2488024234772,
    1014.1869797706604,
    1013.9990284442902,
    1015.7576141357422,
    1014.2842891216278,
    1014.6405894756317,
    1014.4875040054321,
    1014.5596854686737
  ],
  "early_stop": {
    "enabled": true,
    "monitor": "val_loss",
    "best_epoch": 7,
    "best_value": 0.9146096913162708
  }
}