{
  "run_name": "fold_2",
  "train_losses": [
    1.3414542079124534,
    1.1371890667734241,
    1.063115699520513,
    1.0076512336234527,
    0.9629298431906594,
    0.9262565774109209,
    0.8845173351624437,
    0.8473246580067466,
    0.8085550118496568,
    0.7747129191792983,
    0.7360653215863292,
    0.6989181015063944,
    0.6571440382113393,
    0.6161623679159519,
    0.584372709870434,
    0.5441948537834339,
    0.5119564394883218,
    0.4800144004454576,
    0.4540934033590738
  ],
  "val_losses": [
    1.220664341147863,
    1.0495091122881524,
    1.0122495196203438,
    0.9554085675047707,
    0.9589199074183727,
    0.9413749677677812,
    0.9222010281757562,
    0.9900478175246132,
    0.9084851506953554,
    0.9256123521327027,
    0.9671202698667015,
    0.9365217052263447,
    0.9567570465627624,
    1.0719915479505338,
    1.0771699643881287,
    1.1100154823339217,
    1.1015638589344854,
    1.1541400000467277,
    1.271482027151826
  ],
  "val_accs": [
    0.4825990679842681,
    0.6322503883398883,
    0.6527745645635721,
    0.6712826783884721,
    0.6086855934163995,
    0.6643421357041346,
    0.6535677694417821,
    0.6586575007436296,
    0.6948474733119608,
    0.661764219849952,
    0.6858578180255809,
    0.6901873946524771,
    0.7039362792081171,
    0.7029778233136134,
    0.6703242224939684,
    0.6906500974980996,
    0.7045311828667746,
    0.7017880159962984,
    0.7079023035991672
  ],
  "epoch_times_sec": [
    1038.244413137436,
    1018.1751296520233,
    1018.2117531299591,
    1018.2136991024017,
    1018.2798635959625,
    1018.264317035675,
    1019.0048809051514,
    1017.8712704181671,
    1018.0564615726471,
    1018.2180259227753,
    1018.6819357872009,
    1018.5979781150818,
    1018.4894139766693,
    1018.7165651321411,
    1018.6766591072083,
    1018.7569766044617,
    1018.7991075515747,
    1018.6528265476227,
    1018.660480260849
  ],
  "early_stop": {
    "enabled": true,
    "monitor": "val_loss",
    "best_epoch": 8,
    "best_value": 0.9084851506953554
  }
}