{
  "run_name": "fold_1",
  "train_losses": [
    1.5245592109319406,
    1.2135946578643495,
    1.1193781037496775,
    1.0633516300377326,
    1.0154282828194539,
    0.9798519608541597,
    0.9467100024462678,
    0.9122975546493378,
    0.8837006522488509,
    0.8538987863092081,
    0.821753479284807,
    0.902984354503823,
    0.7865391608596619,
    0.7429208349917408,
    0.7058414283760069,
    0.6737705928142442,
    0.641784046343332,
    0.608386989688915
  ],
  "val_losses": [
    1.204093926029424,
    1.0694255719643637,
    1.0244583362517632,
    0.9913570201613242,
    0.986498678463774,
    0.9618985384065405,
    0.9553317909424794,
    0.9076858824289188,
    0.9275140058309934,
    0.9199503061023365,
    0.9209054761078383,
    1.0030004845051006,
    0.964983699810845,
    0.9590186284815055,
    0.9936186642751906,
    0.9937802915922668,
    0.9825621793931777,
    1.0539738102985492
  ],
  "val_accs": [
    0.553756155600357,
    0.6179066001255907,
    0.6237895363056483,
    0.6225997289883333,
    0.6332418944376508,
    0.6983507948573884,
    0.6772647651783058,
    0.6719106322503884,
    0.6702250718841921,
    0.6830155005453283,
    0.7093234623392933,
    0.6394553326502957,
    0.7074065505502859,
    0.6934263145718346,
    0.6963016822553458,
    0.6552202796047196,
    0.6889975873351621,
    0.6826849985127409
  ],
  "epoch_times_sec": [
    1036.1189167499542,
    1017.460040807724,
    1016.6241397857666,
    1017.3526248931885,
    1017.4356420040131,
    1017.5786929130554,
    1018.8505778312683,
    1018.8787915706635,
    1018.0303285121918,
    1018.6521832942963,
    1018.9119830131531,
    1019.0054199695587,
    1019.0851650238037,
    1018.8625509738922,
    1018.8718082904816,
    1018.7185769081116,
    1018.5649473667145,
    1018.9418103694916
  ],
  "early_stop": {
    "enabled": true,
    "monitor": "val_loss",
    "best_epoch": 7,
    "best_value": 0.9076858824289188
  }
}