{
  "run_name": "fold_3",
  "train_losses": [
    1.3244135426065664,
    1.1298090070736007,
    1.0526318960058936,
    0.9990615029004738,
    0.9562676241175903,
    0.9228321970495583,
    0.8815312482520606,
    0.849091964727101,
    0.8088416198731981,
    0.774776668848491,
    0.7303457328450115,
    0.6927756548639012,
    0.6546968706265207,
    0.6108432312334477,
    0.5778083960127259,
    0.5383248911049944,
    0.5057168631335496,
    0.47486580008678453,
    0.4459968850947278,
    0.4228894860159378
  ],
  "val_losses": [
    1.1483147980638342,
    1.0398542219819413,
    1.049394663640117,
    0.964477900228391,
    0.9450853509518736,
    0.9469547669184745,
    0.9313770602166812,
    0.936848927975158,
    0.9362579764470226,
    0.9290803771468602,
    0.9641513878242406,
    0.9560852715046915,
    0.9829671608521925,
    1.0449237477406281,
    1.0719644292771913,
    1.1093557685791913,
    1.1565843870608519,
    1.2189443168055614,
    1.2363016431647693,
    1.2832819063385248
  ],
  "val_accs": [
    0.5363717486862544,
    0.6003238919919357,
    0.5672736887331857,
    0.6578642958654196,
    0.6692996661929471,
    0.6747198995273821,
    0.6738936444459134,
    0.6868493241233433,
    0.6690683147701358,
    0.6874111775787421,
    0.6834451531876921,
    0.6812307895693559,
    0.6780249198532571,
    0.660310010906567,
    0.7130581353075321,
    0.6960042304260171,
    0.7017880159962984,
    0.7050930363221733,
    0.7041345804276696,
    0.7074726509568033
  ],
  "epoch_times_sec": [
    1039.116359949112,
    1018.1618709564209,
    1017.6850945949554,
    1018.30499792099,
    1018.3418312072754,
    1016.9942574501038,
    1017.9057545661926,
    1018.5384044647217,
    1018.4940202236176,
    1015.9992597103119,
    1016.1518909931183,
    1016.9035110473633,
    1017.5166447162628,
    1017.8847556114197,
    1017.9801208972931,
    1018.0561697483063,
    1018.2483296394348,
    1018.3869640827179,
    1018.2762913703918,
    1017.8740949630737
  ],
  "early_stop": {
    "enabled": true,
    "monitor": "val_loss",
    "best_epoch": 9,
    "best_value": 0.9290803771468602
  }
}