{
  "run_name": "fold_0",
  "train_losses": [
    1.6911915131839448,
    1.3058955315105427,
    1.1792424707922466,
    1.1074021679424049,
    1.056605121306464,
    1.0161360582331842,
    0.9820712673584999,
    0.9497173024107208,
    0.918684670528528,
    0.8946250646919098,
    0.8670441863748153,
    0.8349629503282728,
    0.8043706133153131,
    0.7780923756784264,
    0.7486780842354428,
    0.7167710763474133,
    0.6869800944315189,
    0.6557767638691148,
    0.6257114906673193,
    0.5968187916160346
  ],
  "val_losses": [
    1.3848379964408026,
    1.148400287285876,
    1.0547449033132772,
    1.0423666040332469,
    1.0454376775014305,
    0.966885647530415,
    0.9552115666069263,
    0.9279850607890385,
    0.9333775751308712,
    0.9267212807645595,
    0.9402580201541116,
    0.9342728462349097,
    0.9683481379676118,
    0.965849769656395,
    0.9713927619332823,
    0.9487519010570993,
    1.0376208728274694,
    1.0013101788432655,
    1.0465023291774076,
    1.095092172974434
  ],
  "val_accs": [
    0.5284066497008957,
    0.5919952407707307,
    0.5891198730872195,
    0.603199259675447,
    0.6140066761410583,
    0.6425620517566183,
    0.6316224344779721,
    0.6752487027795221,
    0.6594837558250983,
    0.6659285454605546,
    0.6600125590772383,
    0.6568727897676571,
    0.6690683147701358,
    0.6821231450573421,
    0.6873781273754833,
    0.6760749578609908,
    0.6833129523746571,
    0.6731995901774795,
    0.7002016062398784,
    0.6885018342862809
  ],
  "epoch_times_sec": [
    1044.7958266735077,
    1017.5467145442963,
    1016.8559439182281,
    1016.7850019931793,
    1016.786759853363,
    1017.1965761184692,
    1017.6883924007416,
    1017.9614386558533,
    1013.3260650634766,
    1013.7689867019653,
    1014.5269539356232,
    1014.0511360168457,
    1014.1288123130798,
    1014.5983889102936,
    1014.5140421390533,
    1015.2502086162567,
    1013.4671885967255,
    1014.1175968647003,
    1014.4547724723816,
    1014.6988205909729
  ],
  "early_stop": {
    "enabled": true,
    "monitor": "val_loss",
    "best_epoch": 9,
    "best_value": 0.9267212807645595
  }
}