{
  "data_flag": "tissuemnist",
  "num_classes": 8,
  "class_names": [
    "Collecting Duct, Connecting Tubule",
    "Distal Convoluted Tubule",
    "Glomerular endothelial cells",
    "Interstitial endothelial cells",
    "Leukocytes",
    "Podocytes",
    "Proximal Tubule Segments",
    "Thick Ascending Limb"
  ],
  "is_ensemble": false,
  "metrics": {
    "accuracy": 0.686230964467005,
    "balanced_accuracy": 0.6626330802214948,
    "auc": 0.9437454969650496
  },
  "confusion_matrix": [
    [
      9576,
      2004,
      36,
      380,
      108,
      164,
      1569,
      1328
    ],
    [
      261,
      1296,
      21,
      67,
      36,
      30,
      232,
      290
    ],
    [
      18,
      5,
      1052,
      141,
      59,
      393,
      3,
      6
    ],
    [
      103,
      40,
      237,
      3326,
      307,
      236,
      109,
      44
    ],
    [
      108,
      68,
      215,
      620,
      1901,
      206,
      169,
      82
    ],
    [
      71,
      13,
      457,
      148,
      60,
      1388,
      40,
      25
    ],
    [
      357,
      188,
      39,
      372,
      138,
      194,
      8802,
      1111
    ],
    [
      346,
      393,
      18,
      162,
      86,
      115,
      807,
      5104
    ]
  ],
  "counts": {
    "n_samples": 47280
  },
  "timing": {
    "eval_wall_sec": 114.47868323326111,
    "throughput_img_per_s": 413.00265398460726,
    "latency_ms_per_img": 2.421291946557976
  }
}