{
  "run_name": "fold_0",
  "train_losses": [
    0.265237898953259,
    0.1549375163242221,
    0.12736267674714327,
    0.1060550593920052,
    0.10112690035440028,
    0.09268821364454925,
    0.08208996733278036,
    0.08023498277924955,
    0.06917899300623685,
    0.06587382064014673,
    0.060488235246390104,
    0.059039384623989465,
    0.0546674366760999,
    0.05374052026867866,
    0.049961435274221005,
    0.04325109446048737,
    0.04511041997373104,
    0.04443379612453282,
    0.03884195496141911,
    0.03845733785722405,
    0.04023261195095256,
    0.03596055155945942,
    0.03424648976349272,
    0.03199346355709713,
    0.03323776521859691,
    0.02982255805179011,
    0.028201997254160234
  ],
  "val_losses": [
    0.2111158226132393,
    0.2590007809996605,
    0.10589338721334934,
    0.08613104695081711,
    0.07756688322126866,
    0.09841742902994156,
    0.05236119208112359,
    0.045172791056334975,
    0.05300365758314729,
    0.05365228620171547,
    0.07271344229206443,
    0.051801588566973804,
    0.049097392363473776,
    0.0524948871023953,
    0.053608941514045,
    0.045893380036577586,
    0.037611482142936435,
    0.13489193084836007,
    0.048754892777185886,
    0.04855767621658742,
    0.04185664601624012,
    0.04826623330661096,
    0.04825501940865069,
    0.0766721071973443,
    0.04540591165982187,
    0.05683595517836511,
    0.04157884314027615
  ],
  "val_accs": [
    0.93525,
    0.91725,
    0.9695625,
    0.9736875,
    0.9749375,
    0.9705,
    0.9835625,
    0.9864375,
    0.983125,
    0.9829375,
    0.9776875,
    0.9839375,
    0.985875,
    0.9836875,
    0.984375,
    0.985875,
    0.9880625,
    0.9583125,
    0.985875,
    0.9853125,
    0.9871875,
    0.987875,
    0.9871875,
    0.9810625,
    0.9873125,
    0.9858125,
    0.988875
  ],
  "epoch_times_sec": [
    62.374059200286865,
    50.47257161140442,
    50.69052219390869,
    50.68077087402344,
    50.48484230041504,
    50.5375235080719,
    50.3962881565094,
    50.58975172042847,
    50.585967779159546,
    50.64836621284485,
    50.394529581069946,
    50.34822463989258,
    50.740092277526855,
    50.2817599773407,
    50.50063610076904,
    50.46982979774475,
    50.600334882736206,
    50.56196188926697,
    50.396990060806274,
    50.66716003417969,
    50.582237005233765,
    50.29480528831482,
    50.64007902145386,
    50.23863673210144,
    50.351482629776,
    50.29449272155762,
    50.292619943618774
  ],
  "total_train_sec": 1375.8683969974518,
  "early_stop": {
    "enabled": true,
    "monitor": "val_loss",
    "best_epoch": 16,
    "best_value": 0.037611482142936435
  }
}