{
  "run_name": "fold_4",
  "train_losses": [
    0.2702894805446267,
    0.15862760370969772,
    0.13096131501346828,
    0.10995875425450503,
    0.0994030539393425,
    0.09031116610765458,
    0.07894588251411915,
    0.07519118042010814,
    0.0684197562513873,
    0.06782640795409679,
    0.05992610029876232,
    0.05589877888839692,
    0.05425999388005585,
    0.04964052963163704,
    0.05119928904389963,
    0.04466422809916548,
    0.040927658499917016,
    0.03963738340232521,
    0.041870046336902306,
    0.03597548513603397,
    0.036771608661161734,
    0.035076941774226725,
    0.031165231358027085,
    0.03321653992380016,
    0.03339203571085818,
    0.029542717826669104,
    0.026786256700754164,
    0.027615563951898365,
    0.031396250622812656,
    0.02448614482220728
  ],
  "val_losses": [
    0.1867123617231846,
    0.14214048227667808,
    0.0917021282017231,
    0.06896844268590212,
    0.06825673144683242,
    0.06858140524476766,
    0.06226712229475379,
    0.06259576177597045,
    0.06279980008304119,
    0.09961058027297258,
    0.04871755597926676,
    0.05519640179164707,
    0.053242988997139036,
    0.06581737106572837,
    0.043384462556801735,
    0.06316659335419536,
    0.04742670625820756,
    0.040439016001299025,
    0.042969023676589134,
    0.038078810482518745,
    0.051244861897546796,
    0.042429613838903604,
    0.05458618827816099,
    0.04775067626289092,
    0.06783007580321282,
    0.05397595748608001,
    0.07647543263062835,
    0.05082218755991198,
    0.04478913272405043,
    0.05574961190950126
  ],
  "val_accs": [
    0.940375,
    0.9526875,
    0.96975,
    0.9773125,
    0.978875,
    0.97875,
    0.9805625,
    0.9776875,
    0.9796875,
    0.9664375,
    0.98425,
    0.981625,
    0.984375,
    0.9814375,
    0.987625,
    0.9814375,
    0.985625,
    0.98825,
    0.9875625,
    0.989,
    0.98625,
    0.9861875,
    0.9853125,
    0.987375,
    0.9830625,
    0.9859375,
    0.979375,
    0.9870625,
    0.987125,
    0.98625
  ],
  "epoch_times_sec": [
    61.391019105911255,
    50.65972304344177,
    50.91073727607727,
    50.8515887260437,
    50.705103635787964,
    50.61794424057007,
    50.61883354187012,
    50.686978816986084,
    50.68864178657532,
    50.60331845283508,
    50.77256464958191,
    50.72837257385254,
    50.926027059555054,
    50.706244230270386,
    50.75998091697693,
    50.718169927597046,
    50.75710344314575,
    50.69817614555359,
    50.54456114768982,
    50.62463641166687,
    50.760512828826904,
    50.730308532714844,
    50.79310941696167,
    50.625508069992065,
    50.84343981742859,
    50.66403102874756,
    50.6363091468811,
    50.84447884559631,
    50.676575899124146,
    50.62316966056824
  ],
  "total_train_sec": 1533.2893834114075,
  "early_stop": {
    "enabled": true,
    "monitor": "val_loss",
    "best_epoch": 19,
    "best_value": 0.038078810482518745
  }
}