{
  "run_name": "fold_1",
  "train_losses": [
    0.2693617939502001,
    0.15578388755023478,
    0.1292371132671833,
    0.10831926475837826,
    0.1006245645545423,
    0.08810970717854798,
    0.0812784925084561,
    0.07526067505218088,
    0.06951253710687161,
    0.06344377085380257,
    0.06314008338283747,
    0.05544362599309534,
    0.05247508353553712,
    0.05108471298730001,
    0.05132095902180299,
    0.04715563414664939,
    0.04566796721774154,
    0.040690293678548185,
    0.03820127441477962,
    0.03684845251450315,
    0.03800012511434034,
    0.03614742771862075,
    0.034624164879787714,
    0.03442034485586919,
    0.0304559680884704,
    0.033052732450538316,
    0.030781993593089283,
    0.02892733195249457,
    0.02827873278525658,
    0.026339501405484043,
    0.027018053842242807,
    0.02461548602115363,
    0.024807086509652437,
    0.030409641426871532,
    0.02207211422896944,
    0.02356398577429354,
    0.02130145090771839,
    0.021296361765620532,
    0.019662378170585724,
    0.021506404853367713,
    0.020736870206950697
  ],
  "val_losses": [
    0.21470912158489228,
    0.19307184940576552,
    0.09758584432303906,
    0.08777282684668898,
    0.1522913074195385,
    0.07345757960155606,
    0.08412305427342653,
    0.052856009002774956,
    0.10480767105892301,
    0.050743626905605195,
    0.06798362123593688,
    0.07858408462814986,
    0.0519774572160095,
    0.06543409039080143,
    0.0737946131695062,
    0.058803009130060674,
    0.04139442632254213,
    0.04387868672050536,
    0.07916725538298487,
    0.06409571769740433,
    0.040175929103512316,
    0.045652908761054274,
    0.08124903367552906,
    0.07524746033921838,
    0.043419668983668086,
    0.04670284496759996,
    0.05303478533879388,
    0.04701600032858551,
    0.07092318224906921,
    0.05457443480566144,
    0.03647050181997474,
    0.05429739529266953,
    0.038976092137803786,
    0.06029456472489983,
    0.049119249493815006,
    0.0363296899596462,
    0.03582591215858701,
    0.06106591042038053,
    0.04230233925930224,
    0.03607766208332032,
    0.04593231091601774
  ],
  "val_accs": [
    0.929625,
    0.942,
    0.9660625,
    0.973625,
    0.948375,
    0.9761875,
    0.971125,
    0.98325,
    0.9719375,
    0.985125,
    0.97675,
    0.978625,
    0.9835,
    0.9805625,
    0.981375,
    0.984,
    0.987375,
    0.9845,
    0.9783125,
    0.9811875,
    0.9878125,
    0.9885625,
    0.9765,
    0.9806875,
    0.9880625,
    0.9884375,
    0.9866875,
    0.9880625,
    0.9796875,
    0.9848125,
    0.990375,
    0.9840625,
    0.9895,
    0.98625,
    0.986,
    0.9909375,
    0.9911875,
    0.9839375,
    0.988375,
    0.9904375,
    0.9875
  ],
  "epoch_times_sec": [
    61.398340940475464,
    51.47410464286804,
    51.53740668296814,
    51.29054045677185,
    50.907808780670166,
    50.85105586051941,
    50.60807466506958,
    50.813798904418945,
    50.71406888961792,
    50.67927622795105,
    50.74621057510376,
    50.74995136260986,
    50.91456365585327,
    50.87334871292114,
    50.67883348464966,
    50.79144358634949,
    50.7616229057312,
    50.633737564086914,
    50.754355669021606,
    50.72441744804382,
    50.759377241134644,
    50.79620599746704,
    50.75044131278992,
    50.80076313018799,
    50.723390340805054,
    50.709810972213745,
    50.687267541885376,
    50.68979835510254,
    50.779951095581055,
    50.74019122123718,
    50.85935378074646,
    50.830639600753784,
    50.69109034538269,
    50.67876195907593,
    50.7885262966156,
    50.916322469711304,
    50.7243173122406,
    50.86360144615173,
    50.85404443740845,
    50.61058020591736,
    50.7092707157135
  ],
  "total_train_sec": 2095.109919309616,
  "early_stop": {
    "enabled": true,
    "monitor": "val_loss",
    "best_epoch": 30,
    "best_value": 0.03647050181997474
  }
}