{
  "run_name": "fold_3",
  "train_losses": [
    0.26779705411195753,
    0.15600366528332232,
    0.12444181910157204,
    0.11045840714871884,
    0.09536247751675546,
    0.08898523854091764,
    0.08084121520631016,
    0.07955717176757753,
    0.07179150991886854,
    0.06851538452599197,
    0.06388515746686607,
    0.05697515807207674,
    0.05157609655614942,
    0.05211067285295576,
    0.05188588091079146,
    0.045025130353402346
  ],
  "val_losses": [
    0.16168340054154395,
    0.14853521019220353,
    0.20286447805166244,
    0.10375164309144021,
    0.23895973575115204,
    0.05184164469689131,
    0.17008068971335888,
    0.07016869661211968,
    0.14646241462230683,
    0.05952624282799661,
    0.05156157691590488,
    0.05971876246202737,
    0.06942149552702903,
    0.07939661341998726,
    0.05853085763379932,
    0.0605088460855186
  ],
  "val_accs": [
    0.947375,
    0.953625,
    0.9434375,
    0.9678125,
    0.92475,
    0.983375,
    0.9390625,
    0.9760625,
    0.9556875,
    0.9815625,
    0.982625,
    0.9811875,
    0.978375,
    0.9776875,
    0.9821875,
    0.9800625
  ],
  "epoch_times_sec": [
    61.287243366241455,
    50.72832012176514,
    50.88529634475708,
    50.93309164047241,
    51.48309850692749,
    50.836564779281616,
    50.677534103393555,
    50.79377889633179,
    50.79204249382019,
    50.71165227890015,
    50.77004361152649,
    50.72032952308655,
    50.66955828666687,
    50.93266582489014,
    50.82865619659424,
    50.88907790184021
  ],
  "total_train_sec": 824.5497014522552,
  "early_stop": {
    "enabled": true,
    "monitor": "val_loss",
    "best_epoch": 5,
    "best_value": 0.05184164469689131
  }
}