{
  "run_name": "fold_2",
  "train_losses": [
    0.26466089133918286,
    0.15645125872641802,
    0.12917963137850166,
    0.10896413076296449,
    0.09971607692353428,
    0.09109635196626187,
    0.08242518650367855,
    0.07146555832587183,
    0.07245371291600168,
    0.06553650023881347,
    0.06259053146746009,
    0.05611856226436794,
    0.053300872309599075,
    0.05502542245597579,
    0.04838486470421776,
    0.0447950446093455,
    0.04403967463644221,
    0.04901253175223246,
    0.040625519594643264,
    0.03860636206460186,
    0.03519122643279843,
    0.035739951817318795,
    0.03237038812693208,
    0.03599032931751572,
    0.030987144809798337,
    0.028859008942730725,
    0.028827267928922082
  ],
  "val_losses": [
    0.17937072071433066,
    0.1290424786657095,
    0.06747067181393504,
    0.10300697329640389,
    0.0711638011187315,
    0.09628154182434082,
    0.1632232428044081,
    0.06721349070966244,
    0.05602460920065641,
    0.05796027237735689,
    0.047498280130326746,
    0.04557524285838008,
    0.06165119199827313,
    0.05221260330826044,
    0.08601041384413838,
    0.05965565095841885,
    0.03998859384935349,
    0.07680958378687501,
    0.06953232118580491,
    0.06766543986648321,
    0.05307126725139096,
    0.055228410547599194,
    0.05180268371105194,
    0.0439932836513035,
    0.043578829149948435,
    0.055400859436951576,
    0.0483301680048462
  ],
  "val_accs": [
    0.9423125,
    0.958625,
    0.9768125,
    0.963875,
    0.9773125,
    0.967875,
    0.9481875,
    0.9796875,
    0.984,
    0.98425,
    0.9864375,
    0.98625,
    0.98075,
    0.983,
    0.97625,
    0.9825,
    0.9883125,
    0.9758125,
    0.9811875,
    0.98,
    0.98525,
    0.984625,
    0.9851875,
    0.9881875,
    0.9885625,
    0.9848125,
    0.9869375
  ],
  "epoch_times_sec": [
    61.76249098777771,
    51.004629135131836,
    51.18283653259277,
    51.001678466796875,
    50.84068322181702,
    50.75851893424988,
    50.94147491455078,
    50.86170268058777,
    50.91098093986511,
    50.89946889877319,
    50.84856820106506,
    50.91322588920593,
    50.729427337646484,
    51.00404596328735,
    50.84836459159851,
    50.89563202857971,
    50.79582977294922,
    50.9171097278595,
    50.969337940216064,
    50.91476821899414,
    51.03408980369568,
    50.87158966064453,
    50.937171936035156,
    51.107271909713745,
    51.057623624801636,
    50.98654580116272,
    51.102949380874634
  ],
  "total_train_sec": 1387.110380411148,
  "early_stop": {
    "enabled": true,
    "monitor": "val_loss",
    "best_epoch": 16,
    "best_value": 0.03998859384935349
  }
}