{
  "data_flag": "pathmnist",
  "num_classes": 9,
  "class_names": [
    "adipose",
    "background",
    "debris",
    "lymphocytes",
    "mucus",
    "smooth muscle",
    "normal colon mucosa",
    "cancer-associated stroma",
    "colorectal adenocarcinoma epithelium"
  ],
  "is_ensemble": false,
  "metrics": {
    "accuracy": 0.9640668523676881,
    "balanced_accuracy": 0.9461343959368175,
    "auc": 0.9956197576573127
  },
  "confusion_matrix": [
    [
      1320,
      0,
      0,
      0,
      3,
      15,
      0,
      0,
      0
    ],
    [
      1,
      846,
      0,
      0,
      0,
      0,
      0,
      0,
      0
    ],
    [
      0,
      0,
      339,
      0,
      0,
      0,
      0,
      0,
      0
    ],
    [
      0,
      0,
      27,
      604,
      0,
      0,
      1,
      2,
      0
    ],
    [
      2,
      0,
      0,
      0,
      1032,
      0,
      0,
      0,
      1
    ],
    [
      0,
      0,
      0,
      0,
      0,
      556,
      0,
      36,
      0
    ],
    [
      0,
      0,
      1,
      0,
      2,
      0,
      731,
      0,
      7
    ],
    [
      0,
      0,
      13,
      0,
      13,
      96,
      9,
      283,
      7
    ],
    [
      0,
      0,
      3,
      2,
      5,
      1,
      10,
      1,
      1211
    ]
  ],
  "counts": {
    "n_samples": 7180
  },
  "timing": {
    "eval_wall_sec": 6.839084148406982,
    "throughput_img_per_s": 1049.848173263437,
    "latency_ms_per_img": 0.9525186836221424
  }
}