{
  "data_flag": "pathmnist",
  "num_classes": 9,
  "class_names": [
    "adipose",
    "background",
    "debris",
    "lymphocytes",
    "mucus",
    "smooth muscle",
    "normal colon mucosa",
    "cancer-associated stroma",
    "colorectal adenocarcinoma epithelium"
  ],
  "is_ensemble": false,
  "metrics": {
    "accuracy": 0.9618384401114206,
    "balanced_accuracy": 0.9457576533773039,
    "auc": 0.9968005195037853
  },
  "confusion_matrix": [
    [
      1321,
      2,
      0,
      3,
      5,
      7,
      0,
      0,
      0
    ],
    [
      1,
      846,
      0,
      0,
      0,
      0,
      0,
      0,
      0
    ],
    [
      0,
      0,
      337,
      1,
      0,
      0,
      0,
      1,
      0
    ],
    [
      0,
      0,
      0,
      626,
      0,
      0,
      8,
      0,
      0
    ],
    [
      3,
      0,
      0,
      0,
      1024,
      0,
      4,
      0,
      4
    ],
    [
      0,
      0,
      1,
      0,
      1,
      487,
      0,
      101,
      2
    ],
    [
      0,
      0,
      0,
      2,
      2,
      0,
      730,
      0,
      7
    ],
    [
      0,
      0,
      4,
      0,
      5,
      55,
      13,
      321,
      23
    ],
    [
      0,
      0,
      0,
      1,
      0,
      0,
      18,
      0,
      1214
    ]
  ],
  "counts": {
    "n_samples": 7180
  },
  "timing": {
    "eval_wall_sec": 2.398077964782715,
    "throughput_img_per_s": 2994.0644572206666,
    "latency_ms_per_img": 0.33399414551291295
  }
}