{
  "data_flag": "pathmnist",
  "num_classes": 9,
  "class_names": [
    "adipose",
    "background",
    "debris",
    "lymphocytes",
    "mucus",
    "smooth muscle",
    "normal colon mucosa",
    "cancer-associated stroma",
    "colorectal adenocarcinoma epithelium"
  ],
  "is_ensemble": false,
  "metrics": {
    "accuracy": 0.9683844011142061,
    "balanced_accuracy": 0.9572993524157855,
    "auc": 0.9966198664960184
  },
  "confusion_matrix": [
    [
      1320,
      0,
      0,
      0,
      4,
      10,
      1,
      3,
      0
    ],
    [
      0,
      847,
      0,
      0,
      0,
      0,
      0,
      0,
      0
    ],
    [
      0,
      0,
      336,
      0,
      0,
      3,
      0,
      0,
      0
    ],
    [
      0,
      0,
      0,
      629,
      0,
      0,
      0,
      4,
      1
    ],
    [
      4,
      8,
      0,
      0,
      1005,
      2,
      3,
      9,
      4
    ],
    [
      0,
      0,
      0,
      0,
      1,
      565,
      0,
      26,
      0
    ],
    [
      0,
      0,
      0,
      1,
      1,
      0,
      738,
      0,
      1
    ],
    [
      0,
      0,
      11,
      0,
      0,
      81,
      7,
      318,
      4
    ],
    [
      0,
      0,
      1,
      4,
      1,
      3,
      21,
      8,
      1195
    ]
  ],
  "counts": {
    "n_samples": 7180
  },
  "timing": {
    "eval_wall_sec": 2.4659948348999023,
    "throughput_img_per_s": 2911.6038275446936,
    "latency_ms_per_img": 0.3434533196239418
  }
}