{
  "run_name": "fold_0",
  "train_losses": [
    1.5623745821913693,
    1.116162944263428,
    0.9317618193103723,
    0.7741837977487035,
    0.7691345063003381,
    0.7377479819527303,
    0.6651238285538906,
    0.5756110590218184,
    0.5019087309641701,
    0.5055492346226913,
    0.4603693819600822,
    0.3949158645742011,
    0.4051531098477328,
    0.43102074195034873,
    0.333264467691397,
    0.3487148956513741,
    0.3862631810054557,
    0.2915972361006915,
    0.30293749945337467
  ],
  "val_losses": [
    1.0355162648267524,
    0.863746675020916,
    0.8522145002533201,
    0.8237473723208452,
    0.7897303648648677,
    0.9190471395576598,
    0.7375335821031502,
    0.6571099962423598,
    0.6417100765859775,
    0.6678722614246891,
    0.685219129704787,
    0.664954691906454,
    0.7357282470752151,
    0.7357523331881445,
    0.8648261550444576,
    0.7056641859552998,
    0.7835450667792172,
    0.8042033042580874,
    0.8632484002533566
  ],
  "val_accs": [
    0.6591187270501836,
    0.715422276621787,
    0.7600979192166463,
    0.675030599755202,
    0.7649938800489596,
    0.6982864137086904,
    0.7564259485924113,
    0.7760097919216646,
    0.7974296205630355,
    0.7331701346389229,
    0.7576499388004896,
    0.7870257037943696,
    0.7839657282741738,
    0.8157894736842105,
    0.7460220318237454,
    0.708078335373317,
    0.7894736842105263,
    0.828641370869033,
    0.791921664626683
  ],
  "epoch_times_sec": [
    57.35794806480408,
    55.41463279724121,
    55.80981802940369,
    55.87699890136719,
    56.001490116119385,
    55.85982394218445,
    56.232075452804565,
    55.94206929206848,
    55.85861778259277,
    56.00868606567383,
    55.895280838012695,
    56.01203179359436,
    56.06117844581604,
    55.92461848258972,
    56.14604926109314,
    56.23924016952515,
    56.22045850753784,
    56.16271924972534,
    56.13585090637207
  ],
  "early_stop": {
    "enabled": true,
    "monitor": "val_loss",
    "best_epoch": 8,
    "best_value": 0.6417100765859775
  }
}