{
  "run_name": "fold_1",
  "train_losses": [
    1.491287718427942,
    1.0950486004927358,
    0.97151961035373,
    0.8398854833603198,
    0.8023361598443569,
    0.7242757913147748,
    0.6243200653931019,
    0.584933794349473,
    0.5113997384232948,
    0.5059113215655658,
    0.5008119798885377,
    0.4975752895465584,
    0.43793361657395324,
    0.37697567976982693,
    0.3884681670712819,
    0.3367792042221754,
    0.3667758849392291,
    0.29698913582393516,
    0.24596475346902602,
    0.2527146394158256,
    0.23155740171228417,
    0.21028271258634612,
    0.2529839948218868
  ],
  "val_losses": [
    1.0644195508314507,
    0.9102325509168294,
    0.9898954917153769,
    0.9438759847718079,
    0.7659310036032607,
    0.7898106903148004,
    1.0400083150808168,
    0.877717159565285,
    0.7496824233136291,
    0.7337048974273691,
    0.8417223318909401,
    0.8972532851011272,
    0.6838586604164484,
    0.7080228674360673,
    0.8013981117913129,
    0.7371601376588989,
    0.7965196231648153,
    0.988139261808121,
    0.7836281449168427,
    1.0819035980939427,
    0.7406358684561987,
    0.9097751546548468,
    1.0711906815845398
  ],
  "val_accs": [
    0.6981016533986528,
    0.7299448867115738,
    0.7685241886099204,
    0.6693202694427434,
    0.6491120636864667,
    0.7054500918554807,
    0.6803429271279853,
    0.7868952847519902,
    0.7489283527250459,
    0.7936313533374157,
    0.777097366809553,
    0.7372933251684017,
    0.7789344764237599,
    0.7709736680955297,
    0.8218003674219229,
    0.7354562155541947,
    0.7519902020820576,
    0.8230251071647275,
    0.8193508879363135,
    0.8364972443355787,
    0.8003674219228414,
    0.8058787507654623,
    0.8003674219228414
  ],
  "epoch_times_sec": [
    57.54145264625549,
    55.98525261878967,
    55.84623837471008,
    56.12996697425842,
    56.03766322135925,
    56.32564377784729,
    55.99256181716919,
    56.1672887802124,
    56.145994424819946,
    56.226537466049194,
    56.2750449180603,
    56.392110109329224,
    55.95342040061951,
    56.3458251953125,
    56.36516237258911,
    56.40358757972717,
    55.94622778892517,
    56.29965162277222,
    56.30209755897522,
    56.3898389339447,
    56.30562448501587,
    56.240492820739746,
    56.09904217720032
  ],
  "early_stop": {
    "enabled": true,
    "monitor": "val_loss",
    "best_epoch": 12,
    "best_value": 0.6838586604164484
  }
}