{
  "run_name": "fold_3",
  "train_losses": [
    1.5053931399324523,
    1.04098706002369,
    0.9199271091874007,
    0.8088345383860589,
    0.7191192723882521,
    0.6690787375657569,
    0.6097053453091292,
    0.541554463104944,
    0.4864298599922838,
    0.4954207802957476,
    0.4812240337825526,
    0.43146542715986164,
    0.36895254372492076,
    0.37128353162689887,
    0.32098685124010584,
    0.3006004026650324,
    0.3019224634291694,
    0.281148911690285,
    0.22671701115086051,
    0.28073451282893025,
    0.22994090593665878,
    0.23556069613926336
  ],
  "val_losses": [
    0.9965303239834068,
    0.9690929260709428,
    0.772842985898968,
    0.8051218752910663,
    0.6892807184372369,
    0.6949130228451987,
    0.7677201565174844,
    0.617023581605854,
    0.641249996310571,
    0.6834821607244577,
    0.7477894122076414,
    0.5751581703382843,
    0.587706627396083,
    0.5994515899712515,
    0.6836412784079431,
    0.6115757343379252,
    0.6684424340250444,
    0.7927644959783817,
    0.6958182092028312,
    0.7905966045662295,
    0.6557086810186752,
    0.6603071815531019
  ],
  "val_accs": [
    0.5474586650336803,
    0.6497244335578689,
    0.6270667483159829,
    0.7838334353949785,
    0.676056338028169,
    0.6821800367421923,
    0.7979179424372321,
    0.7593386405388854,
    0.7783221065523577,
    0.7679118187385181,
    0.7605633802816901,
    0.7672994488671158,
    0.810777709736681,
    0.7379056950398041,
    0.7636252296387018,
    0.812614819350888,
    0.8015921616656461,
    0.7954684629516228,
    0.8291488058787507,
    0.8156766687078996,
    0.8462951622780159,
    0.7819963257807716
  ],
  "epoch_times_sec": [
    57.608603954315186,
    56.200825929641724,
    56.119728803634644,
    56.14072513580322,
    56.2047917842865,
    56.2533700466156,
    56.3557550907135,
    56.042202949523926,
    56.428093671798706,
    56.71905446052551,
    56.715941190719604,
    56.176488637924194,
    56.17344617843628,
    56.16206240653992,
    56.24138426780701,
    56.05436110496521,
    56.11626100540161,
    56.19088792800903,
    56.0191605091095,
    55.94818615913391,
    56.049766540527344,
    55.96973752975464
  ],
  "early_stop": {
    "enabled": true,
    "monitor": "val_loss",
    "best_epoch": 11,
    "best_value": 0.5751581703382843
  }
}