{
  "run_name": "fold_2",
  "train_losses": [
    1.4622239224235223,
    1.0635452760993915,
    0.9111584357275234,
    0.8716333162432405,
    0.7722355760696671,
    0.6857074332897795,
    0.6086096273854628,
    0.6292311199660617,
    0.5372624895792725,
    0.47184587791322585,
    0.4419003400068343,
    0.47329919786743746,
    0.39786329580342333,
    0.37985443904683436,
    0.3611697009086755,
    0.3336349719701674,
    0.3221301174120025,
    0.31133841008481655
  ],
  "val_losses": [
    1.010004196879474,
    1.0104298108352596,
    0.952239495767674,
    0.8625691237437966,
    0.789007423008722,
    0.746476949064263,
    0.8688047495416827,
    0.6930892541228958,
    0.7505048248421832,
    0.8885658569884899,
    0.8399674912135585,
    0.7406383768152913,
    1.0083382760390722,
    0.8297324506548819,
    0.8833007055488161,
    0.7447075075484169,
    0.9391154207777408,
    0.8451913506139369
  ],
  "val_accs": [
    0.6184935701163503,
    0.7685241886099204,
    0.7538273116962645,
    0.6846295162278015,
    0.7225964482547459,
    0.7581139007960809,
    0.7599510104102878,
    0.7666870789957134,
    0.775260257195346,
    0.7526025719534599,
    0.736068585425597,
    0.807103490508267,
    0.8138395590936925,
    0.8199632578077158,
    0.8218003674219229,
    0.7311696264543784,
    0.812614819350888,
    0.8266993263931415
  ],
  "epoch_times_sec": [
    57.76294207572937,
    56.04204607009888,
    56.43351459503174,
    55.98907279968262,
    56.3215274810791,
    56.34507918357849,
    56.23315763473511,
    56.197537660598755,
    56.0526807308197,
    56.462836265563965,
    56.06070375442505,
    56.245816707611084,
    56.05549335479736,
    56.141788482666016,
    56.08449697494507,
    55.99391007423401,
    56.13875079154968,
    56.21411681175232
  ],
  "early_stop": {
    "enabled": true,
    "monitor": "val_loss",
    "best_epoch": 7,
    "best_value": 0.6930892541228958
  }
}