{
  "run_name": "fold_4",
  "train_losses": [
    1.5266251434835343,
    1.1653456303275198,
    0.9727519940548973,
    0.8767382243536121,
    0.7946958461582213,
    0.6940859980446702,
    0.6353682443994522,
    0.6406774399712278,
    0.5680021936780695,
    0.45604494901523096,
    0.4746482974078267,
    0.4543728386846706,
    0.3972912526652548,
    0.32136272708945957,
    0.34520239328582636,
    0.314765631796736,
    0.34275667280182254,
    0.29912203799413717,
    0.29221353190755034,
    0.2875565980379603,
    0.2613083573590554,
    0.2793009817992566,
    0.3090568294609814
  ],
  "val_losses": [
    1.316112077827477,
    0.9658694026372364,
    0.7745868708922391,
    0.7901553031643402,
    0.800450435351975,
    0.7229225009552044,
    0.6454118996840347,
    0.7334938366867177,
    0.7906179468798185,
    0.7527236290964989,
    0.7177798283005228,
    0.7712933528445209,
    0.6241596003689798,
    0.7465818284555075,
    0.764464981283648,
    0.7881240745446322,
    0.8107863197425941,
    0.8534951874323586,
    0.719184803729107,
    0.9893506345614581,
    0.9314440991786529,
    0.7351442130336131,
    0.8555346691418628
  ],
  "val_accs": [
    0.5939987752602572,
    0.576852418860992,
    0.6895284751990202,
    0.6301285976729945,
    0.7513778322106552,
    0.7783221065523577,
    0.6950398040416411,
    0.7005511328842621,
    0.775260257195346,
    0.8150642988364972,
    0.7642375995101041,
    0.7813839559093693,
    0.7691365584813227,
    0.7893447642375995,
    0.8175137783221066,
    0.8260869565217391,
    0.7495407225964482,
    0.8169014084507042,
    0.8144519289650949,
    0.8211879975505205,
    0.8113900796080833,
    0.8083282302510717,
    0.7734231475811391
  ],
  "epoch_times_sec": [
    57.580912590026855,
    55.93366503715515,
    56.36082482337952,
    56.11713743209839,
    56.14789915084839,
    56.132253885269165,
    56.250717639923096,
    56.11143708229065,
    56.15960431098938,
    56.29838681221008,
    56.237980365753174,
    56.100621461868286,
    55.98853778839111,
    56.06415104866028,
    56.127365589141846,
    55.99602961540222,
    56.17091083526611,
    56.06940722465515,
    56.37140917778015,
    56.1844048500061,
    56.09586429595947,
    56.1646363735199,
    56.132755756378174
  ],
  "early_stop": {
    "enabled": true,
    "monitor": "val_loss",
    "best_epoch": 12,
    "best_value": 0.6241596003689798
  }
}