{
  "data_flag": "dermamnist-e",
  "num_classes": 7,
  "class_names": [
    "actinic keratoses and intraepithelial carcinoma",
    "basal cell carcinoma",
    "benign keratosis-like lesions",
    "dermatofibroma",
    "melanoma",
    "melanocytic nevi",
    "vascular lesions"
  ],
  "is_ensemble": false,
  "metrics": {
    "accuracy": 0.7260092653871608,
    "balanced_accuracy": 0.6594398129168356,
    "auc": 0.9385626368676221
  },
  "confusion_matrix": [
    [
      16,
      8,
      4,
      6,
      7,
      2,
      0
    ],
    [
      3,
      56,
      8,
      2,
      13,
      9,
      2
    ],
    [
      9,
      8,
      130,
      5,
      50,
      15,
      0
    ],
    [
      1,
      1,
      2,
      34,
      1,
      4,
      1
    ],
    [
      1,
      1,
      15,
      3,
      128,
      20,
      3
    ],
    [
      0,
      7,
      53,
      7,
      131,
      707,
      3
    ],
    [
      0,
      3,
      0,
      1,
      1,
      4,
      26
    ]
  ],
  "counts": {
    "n_samples": 1511
  },
  "timing": {
    "eval_wall_sec": 3.9767134189605713,
    "throughput_img_per_s": 379.9620039995096,
    "latency_ms_per_img": 2.6318421038786046
  }
}