{
  "data_flag": "dermamnist-e",
  "num_classes": 7,
  "class_names": [
    "actinic keratoses and intraepithelial carcinoma",
    "basal cell carcinoma",
    "benign keratosis-like lesions",
    "dermatofibroma",
    "melanoma",
    "melanocytic nevi",
    "vascular lesions"
  ],
  "is_ensemble": false,
  "metrics": {
    "accuracy": 0.7379219060225016,
    "balanced_accuracy": 0.6769362663563931,
    "auc": 0.9526106524214644
  },
  "confusion_matrix": [
    [
      21,
      5,
      10,
      0,
      7,
      0,
      0
    ],
    [
      6,
      63,
      11,
      1,
      7,
      3,
      2
    ],
    [
      8,
      13,
      134,
      3,
      44,
      15,
      0
    ],
    [
      3,
      3,
      2,
      32,
      2,
      2,
      0
    ],
    [
      1,
      5,
      19,
      0,
      124,
      20,
      2
    ],
    [
      3,
      10,
      37,
      4,
      138,
      716,
      0
    ],
    [
      0,
      2,
      1,
      2,
      1,
      4,
      25
    ]
  ],
  "counts": {
    "n_samples": 1511
  },
  "timing": {
    "eval_wall_sec": 3.9213216304779053,
    "throughput_img_per_s": 385.32926966662745,
    "latency_ms_per_img": 2.595183077748448
  }
}