{
  "data_flag": "dermamnist-e",
  "num_classes": 7,
  "class_names": [
    "actinic keratoses and intraepithelial carcinoma",
    "basal cell carcinoma",
    "benign keratosis-like lesions",
    "dermatofibroma",
    "melanoma",
    "melanocytic nevi",
    "vascular lesions"
  ],
  "is_ensemble": false,
  "metrics": {
    "accuracy": 0.7590999338186631,
    "balanced_accuracy": 0.6747603589412652,
    "auc": 0.9516644916249349
  },
  "confusion_matrix": [
    [
      24,
      9,
      6,
      0,
      3,
      1,
      0
    ],
    [
      4,
      68,
      11,
      1,
      2,
      4,
      3
    ],
    [
      7,
      18,
      155,
      1,
      19,
      17,
      0
    ],
    [
      3,
      8,
      1,
      25,
      1,
      4,
      2
    ],
    [
      6,
      8,
      33,
      2,
      94,
      26,
      2
    ],
    [
      3,
      20,
      71,
      1,
      54,
      754,
      5
    ],
    [
      0,
      6,
      0,
      0,
      0,
      2,
      27
    ]
  ],
  "counts": {
    "n_samples": 1511
  },
  "timing": {
    "eval_wall_sec": 5.084009885787964,
    "throughput_img_per_s": 297.2063457673258,
    "latency_ms_per_img": 3.3646657086617893
  }
}