{
  "run_name": "fold_2",
  "train_losses": [
    1.3456370004665317,
    0.7980361189901345,
    0.558690115921205,
    0.3409569309806269,
    0.2318813382949724,
    0.13076160455140554,
    0.09420051513396269,
    0.07854468286375019,
    0.037968547497849614,
    0.06796716089072023,
    0.24218330320530237,
    0.0787589490897218,
    0.19625945027747127,
    0.056514794020344025,
    0.026070365428778584
  ],
  "val_losses": [
    1.0441738649591374,
    0.9713690388224567,
    0.8614608426073616,
    0.816153489112562,
    0.7952761976396242,
    1.0235988571829249,
    1.0880699191294925,
    0.986866196969938,
    1.1714992311492844,
    1.3536683667749987,
    1.1653708520288928,
    1.4936349083876508,
    1.454948802046884,
    1.3006396420660444,
    1.1999589105507966
  ],
  "val_accs": [
    0.5670545009185548,
    0.7519902020820576,
    0.7464788732394366,
    0.7679118187385181,
    0.7317819963257808,
    0.8205756276791182,
    0.8101653398652786,
    0.8181261481935089,
    0.8285364360073484,
    0.7862829148805879,
    0.8003674219228414,
    0.8101653398652786,
    0.782608695652174,
    0.8291488058787507,
    0.8279240661359462
  ],
  "epoch_times_sec": [
    55.68130445480347,
    53.984062910079956,
    53.69071626663208,
    53.96728157997131,
    53.78450393676758,
    54.05857014656067,
    53.855281829833984,
    53.87907314300537,
    54.19679284095764,
    54.21534538269043,
    53.98640441894531,
    54.10993552207947,
    53.93569278717041,
    53.7544150352478,
    53.95757603645325
  ],
  "early_stop": {
    "enabled": true,
    "monitor": "val_loss",
    "best_epoch": 4,
    "best_value": 0.7952761976396242
  }
}