{
  "run_name": "fold_1",
  "train_losses": [
    1.3362016863248514,
    0.7594833461610241,
    0.4966858157734949,
    0.3103243137197875,
    0.20075324350634705,
    0.11414492194144919,
    0.16228884911986052,
    0.12096125995986917,
    0.2521317123034711,
    0.15217203103472332,
    0.11275072293388849,
    0.06407045405691658,
    0.014984874831723269,
    0.005190990442122432,
    0.0020593881456515846
  ],
  "val_losses": [
    0.9528466085313072,
    0.8169268277329458,
    0.880846244896108,
    0.8251513748612787,
    0.810906923956033,
    1.0732459934007443,
    1.1762210191646676,
    1.2882385572917026,
    0.9398373954878654,
    1.201732882165646,
    1.0472037834545913,
    1.107598437243857,
    1.1240037390226538,
    1.2273234781573612,
    1.340839753980222
  ],
  "val_accs": [
    0.6246172688303735,
    0.6858542559706062,
    0.7011635027556644,
    0.7575015309246785,
    0.7581139007960809,
    0.7893447642375995,
    0.8009797917942437,
    0.7642375995101041,
    0.7954684629516228,
    0.8144519289650949,
    0.7966932026944274,
    0.8022045315370484,
    0.8291488058787507,
    0.8291488058787507,
    0.840783833435395
  ],
  "epoch_times_sec": [
    55.751343727111816,
    53.73464393615723,
    53.94613242149353,
    54.04404306411743,
    54.17455053329468,
    54.07404804229736,
    54.07745695114136,
    54.040201902389526,
    54.16311240196228,
    54.09189558029175,
    54.016655921936035,
    53.920655488967896,
    54.04926109313965,
    53.961958169937134,
    54.003915786743164
  ],
  "early_stop": {
    "enabled": true,
    "monitor": "val_loss",
    "best_epoch": 4,
    "best_value": 0.810906923956033
  }
}