{
  "run_name": "fold_4",
  "train_losses": [
    1.2454060090732268,
    0.8203444954594628,
    0.4653489617791928,
    0.33347346453138976,
    0.19452967775847887,
    0.14339535506053008,
    0.08815299630730765,
    0.0647983716345483,
    0.02840814555054435,
    0.018266966199502636,
    0.0166440329762635,
    0.038551530455915264,
    0.03501512371853265,
    0.1179910934064466
  ],
  "val_losses": [
    1.0451887035691074,
    0.742050880460161,
    0.7745492053192522,
    0.7074752855505304,
    0.7688195410858103,
    0.8151939232438455,
    0.8362844859393038,
    0.9169901022864352,
    0.9189915458117974,
    1.0058586462392298,
    1.0129355269199636,
    0.9722175662749688,
    1.331217052486873,
    1.2057536184167248
  ],
  "val_accs": [
    0.4696876913655848,
    0.7232088181261482,
    0.7795468462951622,
    0.6521739130434783,
    0.7948560930802204,
    0.8009797917942437,
    0.7519902020820576,
    0.7838334353949785,
    0.8328230251071648,
    0.8395590936925903,
    0.8315982853643601,
    0.8315982853643601,
    0.8297611757501531,
    0.8285364360073484
  ],
  "epoch_times_sec": [
    55.61768698692322,
    53.92162466049194,
    53.71328616142273,
    54.10683560371399,
    54.08378458023071,
    54.10601186752319,
    53.949342489242554,
    54.12202310562134,
    53.9794340133667,
    54.117093324661255,
    53.93047332763672,
    53.93891429901123,
    53.987269163131714,
    53.62698221206665
  ],
  "early_stop": {
    "enabled": true,
    "monitor": "val_loss",
    "best_epoch": 3,
    "best_value": 0.7074752855505304
  }
}