{
  "run_name": "fold_0",
  "train_losses": [
    1.4242427835271758,
    0.8074320269302583,
    0.49782795214025216,
    0.3681681545979394,
    0.19929777896995568,
    0.10428860635751606,
    0.045898753444767404,
    0.024560750187793832,
    0.02366918329074203,
    0.040949811078767724,
    0.04273573396327082,
    0.06894601849566481,
    0.24783288344822993
  ],
  "val_losses": [
    0.9846427189676386,
    0.8968397545260053,
    0.6447257189447176,
    0.6858323699403713,
    0.7808922044066495,
    0.7993899731916196,
    0.8161783132296297,
    1.0812675817214144,
    1.10917086729659,
    1.2503615641097836,
    0.8850563229078762,
    1.3896104243277336,
    0.8608497954640569
  ],
  "val_accs": [
    0.6230110159118727,
    0.6621787025703795,
    0.7906976744186046,
    0.7619339045287638,
    0.7662178702570379,
    0.7784577723378213,
    0.8041615667074663,
    0.8451652386780906,
    0.8347613219094248,
    0.8011015911872705,
    0.8145654834761322,
    0.7343941248470012,
    0.7600979192166463
  ],
  "epoch_times_sec": [
    55.38581418991089,
    53.368141174316406,
    53.91035318374634,
    54.21874022483826,
    54.28183197975159,
    54.31216382980347,
    53.94359636306763,
    54.11177206039429,
    53.89408326148987,
    54.04463481903076,
    54.1042697429657,
    53.92279815673828,
    54.08511209487915
  ],
  "early_stop": {
    "enabled": true,
    "monitor": "val_loss",
    "best_epoch": 2,
    "best_value": 0.6447257189447176
  }
}