{
  "run_name": "fold_3",
  "train_losses": [
    1.3128635693194945,
    0.7062877063526415,
    0.5367745995503298,
    0.3385576580706844,
    0.29058694569418225,
    0.13887431313902865,
    0.05504155699115206,
    0.02372345376230027,
    0.01651109159950748,
    0.019086070964333842,
    0.022205957205139,
    0.05591018877258604,
    0.039038473625889636,
    0.075943240341322,
    0.05644080778659439
  ],
  "val_losses": [
    0.8464645454654355,
    1.0513086233559519,
    0.7749775226906043,
    0.9376386304027232,
    0.659229008828798,
    0.8125170278753595,
    0.8568302214839162,
    0.9942473895843235,
    1.036845556958205,
    1.019216190505743,
    0.9164127232615231,
    1.164554108233081,
    1.0367016497376647,
    1.2638733055572604,
    1.1936816296107333
  ],
  "val_accs": [
    0.653398652786283,
    0.6638089406001225,
    0.7011635027556644,
    0.7501530924678506,
    0.7942437232088181,
    0.812614819350888,
    0.8395590936925903,
    0.8291488058787507,
    0.8401714635639926,
    0.8279240661359462,
    0.7605633802816901,
    0.8297611757501531,
    0.8291488058787507,
    0.7881200244947949,
    0.8254745866503368
  ],
  "epoch_times_sec": [
    55.675692319869995,
    53.82135009765625,
    53.938040256500244,
    54.088963985443115,
    53.939021825790405,
    54.015180587768555,
    54.055373668670654,
    53.771907567977905,
    54.04994320869446,
    53.9722375869751,
    54.01507210731506,
    53.90990662574768,
    54.057323932647705,
    53.97971487045288,
    54.03505539894104
  ],
  "early_stop": {
    "enabled": true,
    "monitor": "val_loss",
    "best_epoch": 4,
    "best_value": 0.659229008828798
  }
}