{
  "data_flag": "dermamnist-e",
  "num_classes": 7,
  "class_names": [
    "actinic keratoses and intraepithelial carcinoma",
    "basal cell carcinoma",
    "benign keratosis-like lesions",
    "dermatofibroma",
    "melanoma",
    "melanocytic nevi",
    "vascular lesions"
  ],
  "is_ensemble": false,
  "metrics": {
    "accuracy": 0.7485109199205824,
    "balanced_accuracy": 0.6328998913616942,
    "auc": 0.9484338422896876
  },
  "confusion_matrix": [
    [
      25,
      8,
      4,
      3,
      3,
      0,
      0
    ],
    [
      6,
      57,
      13,
      2,
      10,
      4,
      1
    ],
    [
      10,
      8,
      110,
      13,
      46,
      30,
      0
    ],
    [
      5,
      2,
      0,
      29,
      2,
      6,
      0
    ],
    [
      4,
      3,
      11,
      3,
      115,
      33,
      2
    ],
    [
      6,
      6,
      29,
      2,
      89,
      776,
      0
    ],
    [
      0,
      2,
      2,
      3,
      1,
      8,
      19
    ]
  ],
  "counts": {
    "n_samples": 1511
  },
  "timing": {
    "eval_wall_sec": 3.9029150009155273,
    "throughput_img_per_s": 387.14653013082705,
    "latency_ms_per_img": 2.5830013242326455
  }
}