{
  "data_flag": "dermamnist-e",
  "num_classes": 7,
  "class_names": [
    "actinic keratoses and intraepithelial carcinoma",
    "basal cell carcinoma",
    "benign keratosis-like lesions",
    "dermatofibroma",
    "melanoma",
    "melanocytic nevi",
    "vascular lesions"
  ],
  "is_ensemble": false,
  "metrics": {
    "accuracy": 0.599602911978822,
    "balanced_accuracy": 0.6563873299037117,
    "auc": 0.939022762181538
  },
  "confusion_matrix": [
    [
      22,
      6,
      7,
      3,
      5,
      0,
      0
    ],
    [
      12,
      55,
      11,
      7,
      6,
      2,
      0
    ],
    [
      9,
      7,
      125,
      7,
      65,
      4,
      0
    ],
    [
      1,
      5,
      0,
      36,
      1,
      1,
      0
    ],
    [
      1,
      2,
      13,
      4,
      148,
      2,
      1
    ],
    [
      4,
      21,
      79,
      19,
      288,
      496,
      1
    ],
    [
      0,
      4,
      0,
      5,
      0,
      2,
      24
    ]
  ],
  "counts": {
    "n_samples": 1511
  },
  "timing": {
    "eval_wall_sec": 3.875101089477539,
    "throughput_img_per_s": 389.9253116526363,
    "latency_ms_per_img": 2.564593705809093
  }
}