{
  "data_flag": "dermamnist-e",
  "num_classes": 7,
  "class_names": [
    "actinic keratoses and intraepithelial carcinoma",
    "basal cell carcinoma",
    "benign keratosis-like lesions",
    "dermatofibroma",
    "melanoma",
    "melanocytic nevi",
    "vascular lesions"
  ],
  "is_ensemble": false,
  "metrics": {
    "accuracy": 0.7365982792852416,
    "balanced_accuracy": 0.6394190803538573,
    "auc": 0.9422682618993053
  },
  "confusion_matrix": [
    [
      15,
      8,
      14,
      2,
      3,
      1,
      0
    ],
    [
      7,
      51,
      14,
      7,
      8,
      1,
      5
    ],
    [
      6,
      7,
      118,
      8,
      47,
      31,
      0
    ],
    [
      2,
      4,
      3,
      32,
      0,
      1,
      2
    ],
    [
      0,
      1,
      20,
      1,
      116,
      31,
      2
    ],
    [
      6,
      8,
      38,
      20,
      77,
      753,
      6
    ],
    [
      0,
      3,
      0,
      1,
      0,
      3,
      28
    ]
  ],
  "counts": {
    "n_samples": 1511
  },
  "timing": {
    "eval_wall_sec": 5.253758192062378,
    "throughput_img_per_s": 287.6036438606727,
    "latency_ms_per_img": 3.4770074070565045
  }
}