{
  "data_flag": "dermamnist-e",
  "num_classes": 7,
  "class_names": [
    "actinic keratoses and intraepithelial carcinoma",
    "basal cell carcinoma",
    "benign keratosis-like lesions",
    "dermatofibroma",
    "melanoma",
    "melanocytic nevi",
    "vascular lesions"
  ],
  "is_ensemble": false,
  "metrics": {
    "accuracy": 0.6803441429516877,
    "balanced_accuracy": 0.6928672490584072,
    "auc": 0.9448323706986557
  },
  "confusion_matrix": [
    [
      30,
      5,
      4,
      0,
      4,
      0,
      0
    ],
    [
      11,
      56,
      5,
      2,
      15,
      3,
      1
    ],
    [
      21,
      6,
      111,
      0,
      64,
      15,
      0
    ],
    [
      4,
      2,
      0,
      34,
      1,
      3,
      0
    ],
    [
      9,
      2,
      10,
      1,
      142,
      5,
      2
    ],
    [
      12,
      8,
      44,
      3,
      210,
      629,
      2
    ],
    [
      0,
      2,
      0,
      1,
      2,
      4,
      26
    ]
  ],
  "counts": {
    "n_samples": 1511
  },
  "timing": {
    "eval_wall_sec": 3.847654104232788,
    "throughput_img_per_s": 392.7068179901502,
    "latency_ms_per_img": 2.5464289240455247
  }
}