{
  "run_name": "fold_4",
  "train_losses": [
    1.2750598899149652,
    1.0712662228558665,
    0.9921118212450668,
    0.9348075933645851,
    0.8813571502532238,
    0.8247074678529888,
    0.7782308504295179,
    0.7219015694414707,
    0.6641061903366067,
    0.608836960413524,
    0.5555466480042688,
    0.5061222020879309,
    0.4652454716816422,
    0.42706406071964825,
    0.39209909664763887,
    0.3625879787770724,
    0.33416308889260754
  ],
  "val_losses": [
    1.0632463571950912,
    1.021466955471644,
    0.9622502431927504,
    0.9909431029412559,
    0.9266813732466957,
    1.0077154340093442,
    0.9207540718352965,
    0.9594947619768502,
    1.0090742116249283,
    0.9947286879556132,
    1.1581535827287728,
    1.1418161759106713,
    1.196498884151122,
    1.1990829382164652,
    1.2925041018182926,
    1.3737043865391465,
    1.4800509339851529
  ],
  "val_accs": [
    0.6202075621364358,
    0.6372950819672131,
    0.6441036488630354,
    0.6405671602326811,
    0.6875330512956108,
    0.6710404547858276,
    0.7045544685351666,
    0.7034307244843998,
    0.6931517715494447,
    0.7004561078794289,
    0.7026044420941301,
    0.699497620306716,
    0.7039925965097832,
    0.7024391856160761,
    0.7104375991538868,
    0.7146681649920676,
    0.7198241671073506
  ],
  "epoch_times_sec": [
    1003.826818227768,
    980.1084790229797,
    979.8526155948639,
    979.5667879581451,
    979.0961031913757,
    979.1259822845459,
    979.5894284248352,
    979.7421581745148,
    980.5443494319916,
    978.4349627494812,
    979.0383687019348,
    979.2031610012054,
    979.840781211853,
    980.0669949054718,
    979.8145809173584,
    980.5240540504456,
    980.5218198299408
  ],
  "early_stop": {
    "enabled": true,
    "monitor": "val_loss",
    "best_epoch": 6,
    "best_value": 0.9207540718352965
  }
}