{
  "run_name": "fold_1",
  "train_losses": [
    1.311528406910134,
    1.0827047736073436,
    1.0031402069585769,
    0.9440199658232173,
    0.8890176669199138,
    0.840113607358691,
    0.79271867540848,
    0.7375136143152978,
    0.6860790917587088,
    0.6333715135673517,
    0.5793025524491129,
    0.5234877168819502,
    0.47831084999760815,
    0.43863168547943765,
    0.4074789226255589
  ],
  "val_losses": [
    1.1470546778279767,
    1.0196270746678398,
    1.0018369387496064,
    0.9432586497141884,
    0.912608436080072,
    0.9525018287523727,
    0.97588513479177,
    0.9532583044120332,
    1.0068777136680223,
    1.0138948552767741,
    1.0443511276931918,
    1.0833088921102736,
    1.2657611777786617,
    1.2153112752606927,
    1.4043091873650306
  ],
  "val_accs": [
    0.5787751594672307,
    0.6177082989060383,
    0.638232475129722,
    0.6501305483028721,
    0.6831477013583633,
    0.7024159698582146,
    0.6900221436361834,
    0.6801731830650759,
    0.6939551178239746,
    0.6870806755461546,
    0.7059192914036422,
    0.7031761245331659,
    0.7084972072578246,
    0.6971940377433321,
    0.7034074759559771
  ],
  "epoch_times_sec": [
    1002.312962770462,
    978.8434789180756,
    979.8549118041992,
    980.0044503211975,
    981.005658864975,
    981.0163736343384,
    980.0130219459534,
    979.9268450737,
    979.6750574111938,
    979.7744345664978,
    979.3392279148102,
    979.5467286109924,
    979.5521638393402,
    980.2916233539581,
    979.0710849761963
  ],
  "early_stop": {
    "enabled": true,
    "monitor": "val_loss",
    "best_epoch": 4,
    "best_value": 0.912608436080072
  }
}