{
  "run_name": "fold_3",
  "train_losses": [
    1.244434329803413,
    1.059707116488518,
    0.97992434374743,
    0.9235554975912005,
    0.8681994618013149,
    0.819924814681164,
    0.7658539972599453,
    0.714790875182413,
    0.6504121458724369,
    0.6009741933513222,
    0.5443432351592509,
    0.4956130566019747,
    0.4486855560141103,
    0.40654797720950686,
    0.37472173768065686,
    0.3488088776716259
  ],
  "val_losses": [
    1.0681115980523708,
    1.0031338949396074,
    0.9634880963448835,
    0.9248138332444166,
    0.9153655385271344,
    0.9093210903309182,
    0.9363575167021938,
    0.9729946833252257,
    0.9964220418954324,
    1.0222328819932138,
    1.1109910344842697,
    1.1964439049539939,
    1.186553676480535,
    1.241163682432528,
    1.383942384284018,
    1.359879710178884
  ],
  "val_accs": [
    0.593416399510857,
    0.5992001850811383,
    0.6313580328519021,
    0.6760419076577321,
    0.6811977393660971,
    0.6779257692434808,
    0.6913441517665334,
    0.6931288627425058,
    0.7036057771755296,
    0.6893280893677496,
    0.7051921869319496,
    0.6792477773738308,
    0.6975245397759197,
    0.6950457745315134,
    0.7120996794130284,
    0.6955084773771358
  ],
  "epoch_times_sec": [
    1004.0459942817688,
    981.2592689990997,
    980.7918593883514,
    981.059103012085,
    981.053085565567,
    981.4200522899628,
    981.3260478973389,
    981.420164346695,
    981.1814317703247,
    980.9312968254089,
    981.1309769153595,
    981.1071050167084,
    981.2682440280914,
    981.4668364524841,
    981.4697556495667,
    980.0903794765472
  ],
  "early_stop": {
    "enabled": true,
    "monitor": "val_loss",
    "best_epoch": 5,
    "best_value": 0.9093210903309182
  }
}