{
  "run_name": "fold_0",
  "train_losses": [
    1.2873273975864301,
    1.0720464251643373,
    0.9919428111267229,
    0.93569234146259,
    0.8771852796833622,
    0.8300013738974487,
    0.7725219413574953,
    0.7207657527364902,
    0.6635030509607501,
    0.608047702394085,
    0.5546636473230591,
    0.5051513243274329,
    0.4566947341894108,
    0.4235363605933006,
    0.39060351362553597,
    0.3573653479045663,
    0.3383486983183666
  ],
  "val_losses": [
    1.0859192287661479,
    1.0083479464249132,
    0.9489866100315945,
    0.9554164498324403,
    0.9486241259081458,
    0.9358386275126629,
    0.9182870568084036,
    0.9519618795360668,
    0.9419400760106804,
    1.0366812393379041,
    1.122608513964788,
    1.1833320962826015,
    1.2705876457914584,
    1.2635322629836112,
    1.4523594764746413,
    1.4120287483405203,
    1.5030380724111283
  ],
  "val_accs": [
    0.5876656641438345,
    0.6603761113130846,
    0.6657302442410021,
    0.641934097894702,
    0.6715140298112834,
    0.6583930991175596,
    0.6759758072512146,
    0.6802062332683346,
    0.6983838450606471,
    0.6707538751363321,
    0.6948805235152197,
    0.6993753511584097,
    0.6929305615229534,
    0.6979872426215421,
    0.7021846184354034,
    0.7120996794130284,
    0.6982185940443534
  ],
  "epoch_times_sec": [
    996.7035903930664,
    979.0494005680084,
    981.420737028122,
    980.4222009181976,
    981.1371891498566,
    981.1026663780212,
    981.2353219985962,
    981.2524752616882,
    980.8148453235626,
    980.6369144916534,
    981.0096457004547,
    980.1545653343201,
    980.6593546867371,
    980.523140668869,
    980.815328836441,
    980.9360775947571,
    981.0978498458862
  ],
  "early_stop": {
    "enabled": true,
    "monitor": "val_loss",
    "best_epoch": 6,
    "best_value": 0.9182870568084036
  }
}