{
  "run_name": "fold_2",
  "train_losses": [
    1.3306064532115114,
    1.082090352891539,
    1.0024344284873465,
    0.9405622370642364,
    0.8867277114670096,
    0.8353117987465155,
    0.781126139260046,
    0.7311187585345936,
    0.6713023075215118,
    0.6193599554520166,
    0.566024239022465,
    0.5220347766819013,
    0.4750296428267863,
    0.42844466819839777,
    0.40127614807465783,
    0.3694627024870193
  ],
  "val_losses": [
    1.0552665478322647,
    1.0187247779398745,
    0.9847831747369331,
    0.9256891914820858,
    0.9225576806750809,
    0.887547374549796,
    0.9236953356913188,
    0.9674834001500446,
    1.016733452871274,
    1.0374243480556329,
    1.1070294052723928,
    1.1205166588575963,
    1.17744181012313,
    1.3130425795093739,
    1.2544009205223914,
    1.4036761785990013
  ],
  "val_accs": [
    0.6106686056119245,
    0.6467594275704796,
    0.6667217503387646,
    0.6880721816439171,
    0.6545592755395445,
    0.6985821462801997,
    0.660706613345672,
    0.6824536470899296,
    0.6922695574577784,
    0.6781571206662921,
    0.6733317909905145,
    0.7060845424199359,
    0.7034405261592359,
    0.7026473212810259,
    0.7087616088838946,
    0.7035727269722709
  ],
  "epoch_times_sec": [
    1004.6104702949524,
    981.1452405452728,
    981.0364718437195,
    980.6471610069275,
    980.8374598026276,
    981.4324917793274,
    981.1110808849335,
    981.1542735099792,
    981.1119410991669,
    981.097240447998,
    979.8589780330658,
    976.8268582820892,
    977.5549042224884,
    977.7129738330841,
    977.683611869812,
    978.092246055603
  ],
  "early_stop": {
    "enabled": true,
    "monitor": "val_loss",
    "best_epoch": 5,
    "best_value": 0.887547374549796
  }
}