{
  "data_flag": "tissuemnist",
  "num_classes": 8,
  "class_names": [
    "Collecting Duct, Connecting Tubule",
    "Distal Convoluted Tubule",
    "Glomerular endothelial cells",
    "Interstitial endothelial cells",
    "Leukocytes",
    "Podocytes",
    "Proximal Tubule Segments",
    "Thick Ascending Limb"
  ],
  "is_ensemble": false,
  "metrics": {
    "accuracy": 0.6720389170896786,
    "balanced_accuracy": 0.6693920336980308,
    "auc": 0.9428979274122025
  },
  "confusion_matrix": [
    [
      9855,
      2248,
      60,
      360,
      296,
      192,
      851,
      1303
    ],
    [
      277,
      1478,
      28,
      59,
      46,
      36,
      114,
      195
    ],
    [
      5,
      5,
      1242,
      103,
      90,
      217,
      3,
      12
    ],
    [
      62,
      65,
      259,
      3111,
      621,
      186,
      36,
      62
    ],
    [
      70,
      69,
      272,
      400,
      2299,
      117,
      65,
      77
    ],
    [
      40,
      27,
      694,
      119,
      97,
      1154,
      17,
      54
    ],
    [
      465,
      554,
      59,
      363,
      311,
      195,
      7695,
      1559
    ],
    [
      341,
      848,
      22,
      134,
      179,
      111,
      456,
      4940
    ]
  ],
  "counts": {
    "n_samples": 47280
  },
  "timing": {
    "eval_wall_sec": 123.35268592834473,
    "throughput_img_per_s": 383.2912080038925,
    "latency_ms_per_img": 2.60898235889054
  }
}