{
  "data_flag": "tissuemnist",
  "num_classes": 8,
  "class_names": [
    "Collecting Duct, Connecting Tubule",
    "Distal Convoluted Tubule",
    "Glomerular endothelial cells",
    "Interstitial endothelial cells",
    "Leukocytes",
    "Podocytes",
    "Proximal Tubule Segments",
    "Thick Ascending Limb"
  ],
  "is_ensemble": false,
  "metrics": {
    "accuracy": 0.6786379018612522,
    "balanced_accuracy": 0.6638968563123064,
    "auc": 0.9398007814367885
  },
  "confusion_matrix": [
    [
      10329,
      1988,
      59,
      304,
      389,
      196,
      934,
      966
    ],
    [
      349,
      1341,
      30,
      60,
      73,
      34,
      128,
      218
    ],
    [
      5,
      8,
      1211,
      124,
      136,
      190,
      1,
      2
    ],
    [
      69,
      46,
      262,
      3231,
      521,
      189,
      49,
      35
    ],
    [
      62,
      60,
      236,
      478,
      2287,
      119,
      76,
      51
    ],
    [
      41,
      21,
      676,
      117,
      146,
      1157,
      21,
      23
    ],
    [
      610,
      533,
      59,
      398,
      320,
      278,
      7799,
      1204
    ],
    [
      490,
      620,
      16,
      170,
      230,
      149,
      625,
      4731
    ]
  ],
  "counts": {
    "n_samples": 47280
  },
  "timing": {
    "eval_wall_sec": 113.68970155715942,
    "throughput_img_per_s": 415.86880212038534,
    "latency_ms_per_img": 2.404604516860394
  }
}