{
  "run_name": "fold_3",
  "train_losses": [
    0.300323299869895,
    0.17904512173682452,
    0.14656901329383254,
    0.12955680695548655,
    0.11954723492637277,
    0.1103374790661037,
    0.10267940827459097,
    0.09670808607339859,
    0.08768239322863519,
    0.08052194795757532,
    0.08064506058394909,
    0.07443654991872609,
    0.06733485629130155,
    0.0704958720766008,
    0.06625948150176555,
    0.06174023915082216,
    0.05905718076881021,
    0.05796501266490668,
    0.053579223563428965,
    0.05057976830098778,
    0.05094053635932505,
    0.049369490249082444,
    0.047706941918935625,
    0.04448721256252611,
    0.04403551043593325,
    0.03954495570715517,
    0.0417381366067566,
    0.04070324819581583,
    0.03642278758250177,
    0.03982655525370501,
    0.03662377536506392,
    0.03324864788237028,
    0.03585627006762661,
    0.03251826777099632,
    0.034296887135831636,
    0.031159371863817797,
    0.03158071548514999,
    0.03262770794786047,
    0.029891697915969417,
    0.03266028348682448,
    0.026657160043832846
  ],
  "val_losses": [
    0.2493660413622856,
    0.4203514178991318,
    0.13113134874403476,
    0.1426183524131775,
    0.11545522472262383,
    0.06281237920559943,
    0.059017003923654554,
    0.08315567360073328,
    0.08532602388039232,
    0.07494389993697405,
    0.05575381457805634,
    0.05718080881237984,
    0.049308647158555687,
    0.061274190947413446,
    0.04915947474725545,
    0.057401615954004226,
    0.07004415749385953,
    0.0387966946111992,
    0.056380789205431936,
    0.04081259209057316,
    0.04260115748317912,
    0.054680271725170315,
    0.03991004197695293,
    0.04255086909048259,
    0.03712059914041311,
    0.05789553688652813,
    0.034003137070219965,
    0.03633723050844856,
    0.03934343163878657,
    0.09771643691882491,
    0.031071004714351147,
    0.04338213860802352,
    0.07864075032435358,
    0.04092133761313744,
    0.03965981296962127,
    0.03254158867546357,
    0.03306032353499904,
    0.0539425943158567,
    0.05052323160413653,
    0.038288965882500636,
    0.06319419068004936
  ],
  "val_accs": [
    0.9278125,
    0.901,
    0.9645625,
    0.955375,
    0.96875,
    0.980625,
    0.98175,
    0.9715625,
    0.9694375,
    0.976125,
    0.98125,
    0.9816875,
    0.98475,
    0.982625,
    0.98425,
    0.9815625,
    0.977,
    0.989125,
    0.9825625,
    0.9881875,
    0.986,
    0.98475,
    0.9880625,
    0.987,
    0.9898125,
    0.985125,
    0.989625,
    0.9893125,
    0.98875,
    0.974875,
    0.990125,
    0.988125,
    0.9830625,
    0.988375,
    0.9888125,
    0.9905625,
    0.9904375,
    0.985,
    0.9854375,
    0.9890625,
    0.9816875
  ],
  "epoch_times_sec": [
    59.449798822402954,
    51.031975507736206,
    51.38233828544617,
    51.5316436290741,
    51.53236699104309,
    51.84043765068054,
    51.6089825630188,
    51.72880029678345,
    51.67456841468811,
    51.52271628379822,
    51.66924548149109,
    51.612468957901,
    51.557873249053955,
    51.63396668434143,
    51.657727003097534,
    51.839439392089844,
    51.79031729698181,
    52.03588914871216,
    51.84766983985901,
    52.04431748390198,
    51.66336226463318,
    51.87004017829895,
    52.11062026023865,
    51.9378125667572,
    51.99636197090149,
    51.83216595649719,
    52.05567288398743,
    51.66205596923828,
    51.50358247756958,
    51.682801485061646,
    51.813982248306274,
    52.2353720664978,
    52.07553553581238,
    51.84771513938904,
    52.264885902404785,
    51.7826189994812,
    52.01018929481506,
    52.113964319229126,
    52.034563302993774,
    52.10796308517456,
    52.078773498535156
  ],
  "total_train_sec": 2132.909922361374,
  "early_stop": {
    "enabled": true,
    "monitor": "val_loss",
    "best_epoch": 30,
    "best_value": 0.031071004714351147
  }
}