{
  "run_name": "fold_2",
  "train_losses": [
    0.2919206999987364,
    0.17781114589422942,
    0.14740259189903737,
    0.12607260647043586,
    0.11851952933892608,
    0.11028165394440294,
    0.1055150130353868,
    0.09531538762524724,
    0.08558148695901037,
    0.08576994952186942,
    0.0772576623139903,
    0.07679202356375754,
    0.0707052470734343,
    0.06860908077470958,
    0.06624135420843959,
    0.059330018308013675,
    0.060975456731393936,
    0.05510112561192364,
    0.05342062167217955,
    0.04977465492021292,
    0.05132099471893162,
    0.04638077437784523,
    0.045033096584025774,
    0.046634603873593736,
    0.04429139640089125,
    0.04273861984210089,
    0.03943867478775792,
    0.04201599748199806,
    0.03605420770472847
  ],
  "val_losses": [
    0.19884973618388177,
    0.09753220887482167,
    0.1693873106390238,
    0.06875235725939274,
    0.1499240062981844,
    0.1383178351819515,
    0.06266555854678155,
    0.06322286372259259,
    0.06142324177548289,
    0.04909166247304529,
    0.10025491938740015,
    0.04548195077851415,
    0.05406428286759183,
    0.06516850236430764,
    0.046441320300102236,
    0.0576116470741108,
    0.04794775541033596,
    0.04867250904254615,
    0.03551450929860584,
    0.05255834501516074,
    0.049005509675480424,
    0.05324626619834453,
    0.05483790112659335,
    0.04951364491693676,
    0.046999282888136804,
    0.03637564657209441,
    0.03776087726745755,
    0.05188400526624173,
    0.03674438611185178
  ],
  "val_accs": [
    0.9350625,
    0.9725625,
    0.9533125,
    0.9783125,
    0.9583125,
    0.958125,
    0.980125,
    0.97975,
    0.9800625,
    0.9844375,
    0.9680625,
    0.985625,
    0.9835625,
    0.98025,
    0.9863125,
    0.9829375,
    0.985,
    0.9854375,
    0.9896875,
    0.9855,
    0.9855,
    0.9839375,
    0.986125,
    0.9865,
    0.9873125,
    0.989625,
    0.989125,
    0.9863125,
    0.990375
  ],
  "epoch_times_sec": [
    60.33966946601868,
    51.57011675834656,
    51.40410375595093,
    51.44142508506775,
    51.48105812072754,
    51.6869900226593,
    51.49493980407715,
    51.42859506607056,
    51.568119525909424,
    51.761948585510254,
    51.47597622871399,
    51.27591276168823,
    51.407259941101074,
    51.32242012023926,
    51.36922025680542,
    51.24449372291565,
    51.33451581001282,
    51.57579779624939,
    51.42059588432312,
    51.60474991798401,
    51.44100642204285,
    51.54421377182007,
    51.505688190460205,
    51.823023557662964,
    51.583585262298584,
    51.6359007358551,
    51.26901984214783,
    51.379130601882935,
    51.37547063827515
  ],
  "total_train_sec": 1502.6119165420532,
  "early_stop": {
    "enabled": true,
    "monitor": "val_loss",
    "best_epoch": 18,
    "best_value": 0.03551450929860584
  }
}