{
  "run_name": "fold_1",
  "train_losses": [
    0.29830809888243676,
    0.17995529858767986,
    0.14866957110911608,
    0.12752160282433034,
    0.11789583530649543,
    0.10955147565156222,
    0.10288129960373044,
    0.0932106279982254,
    0.08797643221355975,
    0.08422569971904159,
    0.07827587962523103,
    0.07352868806011975,
    0.0670567831825465,
    0.06803493810910731,
    0.0654066857714206,
    0.05820268450584263,
    0.060096720879897474,
    0.05555297152791172,
    0.057807291409000754,
    0.04978810685593635,
    0.05274982573487796,
    0.04608457841235213,
    0.04493596183904447,
    0.046907303120009604,
    0.04414976961864159,
    0.04416473465203308,
    0.038651400331407786,
    0.04042274034721777
  ],
  "val_losses": [
    0.16612649136781693,
    0.11072969298064708,
    0.07843620885908603,
    0.08448654063791036,
    0.0761179118938744,
    0.14371233764290808,
    0.0914502887353301,
    0.06258818685635924,
    0.07349438503012061,
    0.05137692487053573,
    0.06488945726491512,
    0.05138548077456653,
    0.06231680229306221,
    0.062305850161239504,
    0.06153797251544893,
    0.067610729791224,
    0.04617651776596904,
    0.03348948000371456,
    0.03451381978485733,
    0.04167293650750071,
    0.03472361824568361,
    0.03456080967513844,
    0.04909750877413899,
    0.04521332777477801,
    0.03880309957196005,
    0.03416043229168281,
    0.06967798896785825,
    0.03487895754072815
  ],
  "val_accs": [
    0.9475,
    0.967625,
    0.9755625,
    0.9768125,
    0.975875,
    0.95575,
    0.970125,
    0.9806875,
    0.981125,
    0.9851875,
    0.9811875,
    0.986,
    0.98175,
    0.9839375,
    0.98,
    0.981125,
    0.985125,
    0.989375,
    0.98925,
    0.988,
    0.9890625,
    0.991125,
    0.9869375,
    0.9870625,
    0.9880625,
    0.991,
    0.98075,
    0.9895
  ],
  "epoch_times_sec": [
    59.86204671859741,
    51.30791449546814,
    51.55217456817627,
    51.565866470336914,
    51.64161562919617,
    51.49032187461853,
    51.77928709983826,
    51.73538875579834,
    51.54134011268616,
    51.627161264419556,
    51.65188694000244,
    51.68955755233765,
    51.80393099784851,
    51.5458505153656,
    51.62215828895569,
    51.53372812271118,
    51.52865648269653,
    51.88036489486694,
    51.8153293132782,
    51.51471257209778,
    51.75136423110962,
    51.670862436294556,
    51.522809982299805,
    51.79837989807129,
    51.60833191871643,
    51.466320276260376,
    51.770906925201416,
    51.3714644908905
  ],
  "total_train_sec": 1454.623408317566,
  "early_stop": {
    "enabled": true,
    "monitor": "val_loss",
    "best_epoch": 17,
    "best_value": 0.03348948000371456
  }
}