{
  "run_name": "fold_4",
  "train_losses": [
    0.2963280848413706,
    0.18320805513858796,
    0.14694569285959005,
    0.13424143531173469,
    0.12227243129909039,
    0.10618743021041155,
    0.10111855060234666,
    0.09266556646674871,
    0.09224775606393815,
    0.08437562322989106,
    0.0766709747966379,
    0.07659891667030752,
    0.0675118570541963,
    0.0694535770593211,
    0.06293609203957021,
    0.061978377000428735,
    0.06065964071732014,
    0.0552977294921875,
    0.05153970146784559,
    0.050729293836280706,
    0.0502100920365192,
    0.05304134857468307,
    0.04484454303793609,
    0.04420584593107924,
    0.045573836099822074,
    0.0445594121334143,
    0.039663508460391315,
    0.040056153845507654,
    0.04110976265114732,
    0.03481964948214591,
    0.0368105656276457,
    0.036107812601607295,
    0.03475658602872864,
    0.03414431899483315,
    0.034393764362321236,
    0.0327245282959193,
    0.02939699766074773,
    0.030500551571836697,
    0.03037822509126272,
    0.028495585287106225,
    0.027239751585992053,
    0.0278105246728519,
    0.029140031749848277,
    0.027231899186503143,
    0.025440262829186395,
    0.02586465682584094
  ],
  "val_losses": [
    0.2906072698831558,
    0.12585903610289098,
    0.08982083041220904,
    0.08885949718952178,
    0.08218727812916041,
    0.10372993351519108,
    0.0842636161968112,
    0.12811964916810392,
    0.06101123732328415,
    0.05995304005593061,
    0.05149947035685182,
    0.08763843490928412,
    0.054159814979881045,
    0.060847105398774144,
    0.051752807570621374,
    0.043304875887930395,
    0.08815575007349252,
    0.04321209563873708,
    0.04069416788686067,
    0.0437147304979153,
    0.051338484274223446,
    0.061471712915226816,
    0.05460667399829253,
    0.03898492290312424,
    0.06236952582839876,
    0.05540306259691715,
    0.05319204042525962,
    0.036332976177800444,
    0.04635824387613684,
    0.06781871232017875,
    0.045597788102342746,
    0.04095309588313103,
    0.03466072381171398,
    0.046764964611269534,
    0.04397974896151573,
    0.03365467118786182,
    0.04118999207625165,
    0.03925371020718012,
    0.03747464123205282,
    0.04232731445273384,
    0.03875196686957497,
    0.037595537426532245,
    0.10175838701426983,
    0.04767921541864052,
    0.045078850839985536,
    0.06739957318408414
  ],
  "val_accs": [
    0.905125,
    0.9555,
    0.971125,
    0.971625,
    0.972375,
    0.968375,
    0.97475,
    0.9660625,
    0.982125,
    0.980125,
    0.98475,
    0.974875,
    0.9838125,
    0.983,
    0.9841875,
    0.9863125,
    0.96975,
    0.986,
    0.98775,
    0.9874375,
    0.9851875,
    0.981125,
    0.9841875,
    0.988875,
    0.982875,
    0.9844375,
    0.9849375,
    0.989,
    0.9873125,
    0.9793125,
    0.9880625,
    0.988125,
    0.9900625,
    0.9873125,
    0.9875,
    0.991125,
    0.9883125,
    0.9900625,
    0.989875,
    0.9895625,
    0.9896875,
    0.9898125,
    0.9756875,
    0.9895625,
    0.9889375,
    0.986
  ],
  "epoch_times_sec": [
    60.81649661064148,
    51.17837357521057,
    51.45608115196228,
    51.486419916152954,
    51.513609647750854,
    51.730995893478394,
    51.54185104370117,
    51.229135274887085,
    51.18093299865723,
    51.2929744720459,
    51.07362341880798,
    51.35560369491577,
    51.34597158432007,
    51.32932806015015,
    51.30418539047241,
    51.36855125427246,
    51.63520884513855,
    51.35010480880737,
    51.404319286346436,
    51.40285801887512,
    51.27485275268555,
    51.277184009552,
    51.34055304527283,
    51.359715938568115,
    51.34900236129761,
    51.318655014038086,
    51.120941400527954,
    51.51591968536377,
    51.46676278114319,
    51.28496170043945,
    51.757148027420044,
    51.48278522491455,
    51.49856781959534,
    51.448960065841675,
    51.458651542663574,
    51.387747287750244,
    51.538559436798096,
    51.431384325027466,
    51.35233020782471,
    51.779085636138916,
    51.45169806480408,
    51.569013357162476,
    51.25725769996643,
    51.197842597961426,
    51.28317308425903,
    51.74819803237915
  ],
  "total_train_sec": 2375.574511528015,
  "early_stop": {
    "enabled": true,
    "monitor": "val_loss",
    "best_epoch": 35,
    "best_value": 0.03365467118786182
  }
}