{
  "run_name": "fold_0",
  "train_losses": [
    0.30389878011494875,
    0.1784442607909441,
    0.1473566557019949,
    0.1303485391512513,
    0.12196497876942158,
    0.11238464044593274,
    0.10072175745293498,
    0.09838997909426689,
    0.08810044141672552,
    0.08180796287953854,
    0.0767679558871314,
    0.07724550478346646,
    0.07376363749988377,
    0.06949593837745488,
    0.06698604179732502,
    0.06140797920711338,
    0.056388168858829885,
    0.05788479711022228,
    0.052529663258232176,
    0.05662824709713459,
    0.05124558348068967,
    0.05169787198025733,
    0.04896480254316703,
    0.04525104835676029,
    0.04623619938082993,
    0.042917630227748305,
    0.040803008105140176,
    0.03959421741450205,
    0.04306029876042158,
    0.038951795415952804,
    0.03516286832885817,
    0.03705685618706048,
    0.03608623318956233,
    0.03368482201453298,
    0.03556313374359161,
    0.029995902153314092,
    0.03345873402641155,
    0.030126217151759192,
    0.03354552405199502,
    0.030717368904151953
  ],
  "val_losses": [
    0.15626701939105989,
    0.10342592673003674,
    0.14062427015602588,
    0.12635962463915348,
    0.08424985443800688,
    0.10477547620236874,
    0.06972772394493222,
    0.14126857578754426,
    0.05126293282955885,
    0.05734051881916821,
    0.0471777335125953,
    0.05429345201700926,
    0.052516309866681696,
    0.06381862252391875,
    0.05924008302763104,
    0.06551768792979419,
    0.04443668690137565,
    0.04156661390699446,
    0.07889492808654905,
    0.060059970378875734,
    0.04871896963659674,
    0.05189131835848093,
    0.04085251646442339,
    0.04333706044917926,
    0.03805686905048788,
    0.050396059066522864,
    0.046898293792270125,
    0.06550832947553135,
    0.037933549272827806,
    0.035754109914414585,
    0.04147995719825849,
    0.03557751843519509,
    0.03686636937968433,
    0.03571740246750414,
    0.048819104809779676,
    0.05297963476879522,
    0.054719378560781476,
    0.03736046174285002,
    0.050168541827239094,
    0.053595009923912584
  ],
  "val_accs": [
    0.953125,
    0.9669375,
    0.954,
    0.9615,
    0.9726875,
    0.96875,
    0.9789375,
    0.9584375,
    0.98475,
    0.98325,
    0.984375,
    0.9843125,
    0.9851875,
    0.98125,
    0.9808125,
    0.9815625,
    0.985375,
    0.985625,
    0.9754375,
    0.9838125,
    0.983375,
    0.984625,
    0.988875,
    0.987375,
    0.988625,
    0.9874375,
    0.9873125,
    0.9849375,
    0.9880625,
    0.9895625,
    0.9875625,
    0.9900625,
    0.989125,
    0.9899375,
    0.985875,
    0.9871875,
    0.9859375,
    0.9916875,
    0.9865,
    0.983625
  ],
  "epoch_times_sec": [
    60.90804147720337,
    51.5734748840332,
    51.593717098236084,
    51.8385214805603,
    52.007489919662476,
    51.27963352203369,
    51.46677088737488,
    51.16211915016174,
    51.114768505096436,
    51.37272095680237,
    51.70929956436157,
    51.59461951255798,
    51.6156120300293,
    51.54990768432617,
    51.67422270774841,
    51.41510534286499,
    51.3436439037323,
    51.474130630493164,
    51.454227924346924,
    51.302523612976074,
    51.56286931037903,
    51.35559105873108,
    51.4400520324707,
    51.385918855667114,
    51.3561589717865,
    51.534361362457275,
    51.01478719711304,
    51.320910692214966,
    51.09208083152771,
    51.65569543838501,
    51.21068334579468,
    51.37758827209473,
    51.286139726638794,
    51.33153414726257,
    51.29762411117554,
    51.613627195358276,
    51.494160175323486,
    51.56891107559204,
    51.616034269332886,
    51.38537001609802
  ],
  "total_train_sec": 2068.5187242031097,
  "early_stop": {
    "enabled": true,
    "monitor": "val_loss",
    "best_epoch": 29,
    "best_value": 0.035754109914414585
  }
}