{
  "data_flag": "pathmnist",
  "num_classes": 9,
  "class_names": [
    "adipose",
    "background",
    "debris",
    "lymphocytes",
    "mucus",
    "smooth muscle",
    "normal colon mucosa",
    "cancer-associated stroma",
    "colorectal adenocarcinoma epithelium"
  ],
  "is_ensemble": false,
  "metrics": {
    "accuracy": 0.9513927576601672,
    "balanced_accuracy": 0.9370863142676029,
    "auc": 0.9962651173505915
  },
  "confusion_matrix": [
    [
      1289,
      3,
      0,
      0,
      37,
      9,
      0,
      0,
      0
    ],
    [
      0,
      847,
      0,
      0,
      0,
      0,
      0,
      0,
      0
    ],
    [
      0,
      0,
      335,
      0,
      0,
      0,
      0,
      4,
      0
    ],
    [
      0,
      0,
      16,
      615,
      0,
      0,
      0,
      2,
      1
    ],
    [
      1,
      7,
      0,
      0,
      1024,
      0,
      1,
      1,
      1
    ],
    [
      0,
      3,
      0,
      0,
      0,
      468,
      0,
      121,
      0
    ],
    [
      0,
      0,
      1,
      3,
      1,
      0,
      722,
      0,
      14
    ],
    [
      0,
      0,
      6,
      0,
      6,
      67,
      3,
      330,
      9
    ],
    [
      0,
      0,
      7,
      0,
      3,
      0,
      17,
      5,
      1201
    ]
  ],
  "counts": {
    "n_samples": 7180
  },
  "timing": {
    "eval_wall_sec": 2.5887255668640137,
    "throughput_img_per_s": 2773.5655304312013,
    "latency_ms_per_img": 0.3605467363320353
  }
}