{
  "data_flag": "pathmnist",
  "num_classes": 9,
  "class_names": [
    "adipose",
    "background",
    "debris",
    "lymphocytes",
    "mucus",
    "smooth muscle",
    "normal colon mucosa",
    "cancer-associated stroma",
    "colorectal adenocarcinoma epithelium"
  ],
  "is_ensemble": false,
  "metrics": {
    "accuracy": 0.9593314763231198,
    "balanced_accuracy": 0.9511771884508158,
    "auc": 0.9962039627791994
  },
  "confusion_matrix": [
    [
      1264,
      2,
      1,
      0,
      9,
      62,
      0,
      0,
      0
    ],
    [
      1,
      846,
      0,
      0,
      0,
      0,
      0,
      0,
      0
    ],
    [
      0,
      1,
      337,
      0,
      0,
      0,
      0,
      1,
      0
    ],
    [
      0,
      0,
      3,
      629,
      0,
      0,
      1,
      0,
      1
    ],
    [
      22,
      0,
      0,
      0,
      1004,
      6,
      1,
      0,
      2
    ],
    [
      0,
      0,
      0,
      0,
      1,
      582,
      0,
      9,
      0
    ],
    [
      0,
      0,
      1,
      0,
      2,
      0,
      734,
      0,
      4
    ],
    [
      1,
      0,
      8,
      1,
      2,
      95,
      9,
      305,
      0
    ],
    [
      0,
      0,
      14,
      5,
      0,
      0,
      26,
      1,
      1187
    ]
  ],
  "counts": {
    "n_samples": 7180
  },
  "timing": {
    "eval_wall_sec": 2.7281558513641357,
    "throughput_img_per_s": 2631.8144531258536,
    "latency_ms_per_img": 0.37996599601171804
  }
}