{
  "data_flag": "pathmnist",
  "num_classes": 9,
  "class_names": [
    "adipose",
    "background",
    "debris",
    "lymphocytes",
    "mucus",
    "smooth muscle",
    "normal colon mucosa",
    "cancer-associated stroma",
    "colorectal adenocarcinoma epithelium"
  ],
  "is_ensemble": false,
  "metrics": {
    "accuracy": 0.9552924791086351,
    "balanced_accuracy": 0.9455429275060308,
    "auc": 0.9959387374501425
  },
  "confusion_matrix": [
    [
      1275,
      1,
      0,
      0,
      3,
      53,
      2,
      1,
      3
    ],
    [
      1,
      846,
      0,
      0,
      0,
      0,
      0,
      0,
      0
    ],
    [
      0,
      0,
      338,
      0,
      1,
      0,
      0,
      0,
      0
    ],
    [
      0,
      0,
      0,
      633,
      0,
      0,
      0,
      1,
      0
    ],
    [
      9,
      0,
      0,
      0,
      993,
      10,
      0,
      18,
      5
    ],
    [
      0,
      0,
      0,
      0,
      3,
      503,
      0,
      86,
      0
    ],
    [
      0,
      0,
      0,
      5,
      2,
      0,
      720,
      1,
      13
    ],
    [
      0,
      0,
      4,
      0,
      0,
      75,
      1,
      335,
      6
    ],
    [
      0,
      0,
      4,
      2,
      4,
      0,
      7,
      0,
      1216
    ]
  ],
  "counts": {
    "n_samples": 7180
  },
  "timing": {
    "eval_wall_sec": 6.717392444610596,
    "throughput_img_per_s": 1068.8671324779539,
    "latency_ms_per_img": 0.9355699783580217
  }
}