{
  "data_flag": "pathmnist",
  "num_classes": 9,
  "class_names": [
    "adipose",
    "background",
    "debris",
    "lymphocytes",
    "mucus",
    "smooth muscle",
    "normal colon mucosa",
    "cancer-associated stroma",
    "colorectal adenocarcinoma epithelium"
  ],
  "is_ensemble": true,
  "metrics": {
    "accuracy": 0.9706128133704736,
    "balanced_accuracy": 0.960095565191733,
    "auc": 0.9973847208510735
  },
  "confusion_matrix": [
    [
      1301,
      2,
      0,
      0,
      15,
      19,
      0,
      0,
      1
    ],
    [
      0,
      847,
      0,
      0,
      0,
      0,
      0,
      0,
      0
    ],
    [
      0,
      0,
      339,
      0,
      0,
      0,
      0,
      0,
      0
    ],
    [
      0,
      0,
      1,
      630,
      0,
      0,
      0,
      2,
      1
    ],
    [
      2,
      0,
      0,
      0,
      1026,
      3,
      0,
      1,
      3
    ],
    [
      0,
      0,
      0,
      0,
      0,
      561,
      0,
      31,
      0
    ],
    [
      0,
      0,
      1,
      0,
      1,
      0,
      731,
      0,
      8
    ],
    [
      0,
      0,
      6,
      0,
      4,
      79,
      3,
      323,
      6
    ],
    [
      0,
      0,
      6,
      1,
      1,
      0,
      13,
      1,
      1211
    ]
  ],
  "counts": {
    "n_samples": 7180
  },
  "timing": {
    "eval_wall_sec": 7.453059434890747,
    "throughput_img_per_s": 963.3627723921741,
    "latency_ms_per_img": 1.0380305619624997
  }
}