{
  "data_flag": "pathmnist",
  "num_classes": 9,
  "class_names": [
    "adipose",
    "background",
    "debris",
    "lymphocytes",
    "mucus",
    "smooth muscle",
    "normal colon mucosa",
    "cancer-associated stroma",
    "colorectal adenocarcinoma epithelium"
  ],
  "is_ensemble": false,
  "metrics": {
    "accuracy": 0.9424791086350975,
    "balanced_accuracy": 0.9273527836311742,
    "auc": 0.9966233093297713
  },
  "confusion_matrix": [
    [
      1240,
      1,
      0,
      0,
      53,
      44,
      0,
      0,
      0
    ],
    [
      0,
      847,
      0,
      0,
      0,
      0,
      0,
      0,
      0
    ],
    [
      0,
      0,
      337,
      0,
      0,
      2,
      0,
      0,
      0
    ],
    [
      0,
      0,
      54,
      570,
      0,
      0,
      2,
      7,
      1
    ],
    [
      0,
      2,
      0,
      0,
      1022,
      5,
      0,
      2,
      4
    ],
    [
      0,
      0,
      0,
      0,
      0,
      547,
      0,
      45,
      0
    ],
    [
      0,
      0,
      3,
      0,
      1,
      0,
      723,
      1,
      13
    ],
    [
      0,
      0,
      11,
      0,
      6,
      99,
      10,
      280,
      15
    ],
    [
      0,
      1,
      14,
      1,
      1,
      0,
      15,
      0,
      1201
    ]
  ],
  "counts": {
    "n_samples": 7180
  },
  "timing": {
    "eval_wall_sec": 2.497718572616577,
    "throughput_img_per_s": 2874.6232977233803,
    "latency_ms_per_img": 0.347871667495345
  }
}