{
  "run_name": "fold_1",
  "train_losses": [
    1.726677057147026,
    1.4726593524217606,
    1.3027822434902192,
    1.2832957595586776,
    1.2313525408506394,
    1.1941748186945915,
    1.0557527005672456,
    0.9720021024346351,
    1.022071698307991,
    0.9790003657341003,
    0.9238910920917988,
    0.8430814072489738,
    0.911910030245781,
    0.7990960732102395,
    0.7427510976791382,
    0.7910370707511902,
    0.6563297383487224,
    0.6219923608005047
  ],
  "val_losses": [
    1.49716026132757,
    1.4195072163235058,
    1.2520248673178933,
    2.6027152321555396,
    2.1484398625113745,
    1.3713520006699995,
    1.3146320906552402,
    0.9152404395016757,
    1.819288438016718,
    1.15049899708141,
    0.9503598321567882,
    0.9910745403983376,
    1.0075576825236732,
    1.406464550982822,
    1.1300930814309553,
    1.1174080128019506,
    1.1881101138212464,
    0.9896904501048002
  ],
  "val_accs": [
    0.3346333853354134,
    0.48049921996879874,
    0.5288611544461779,
    0.7020280811232449,
    0.43213728549141966,
    0.4890795631825273,
    0.6318252730109204,
    0.6513260530421217,
    0.3463338533541342,
    0.5195007800312013,
    0.6918876755070202,
    0.6482059282371295,
    0.6185647425897036,
    0.6006240249609984,
    0.5647425897035881,
    0.7425897035881436,
    0.6216848673946958,
    0.7160686427457098
  ],
  "epoch_times_sec": [
    7.416457653045654,
    4.9148054122924805,
    5.054642915725708,
    4.910738706588745,
    4.848297834396362,
    4.901988983154297,
    4.943225383758545,
    4.991050481796265,
    5.086153268814087,
    5.038727283477783,
    4.969143867492676,
    5.053403377532959,
    4.823901414871216,
    5.016794204711914,
    5.060380697250366,
    4.863843202590942,
    4.994314193725586,
    4.9383766651153564
  ],
  "total_train_sec": 92.22492241859436,
  "early_stop": {
    "enabled": true,
    "monitor": "val_loss",
    "best_epoch": 7,
    "best_value": 0.9152404395016757
  }
}