{
  "run_name": "fold_0",
  "train_losses": [
    1.7751095473766327,
    1.5380238384008407,
    1.3764840379357337,
    1.3760474741458892,
    1.2942810878157616,
    1.2494024351239204,
    1.2102429896593094,
    1.0908257782459259,
    1.0558751717209816,
    1.0317345425486564,
    0.9884597480297088,
    0.9617674484848976,
    0.9833942964673043,
    0.8893950432538986,
    0.7768672227859497,
    0.8624426007270813,
    0.9338626757264137,
    0.8728661298751831,
    0.7480135053396225,
    0.6473224952816963,
    0.6250425800681114,
    0.5715510338544846,
    0.6463939666748046,
    0.5995847903192043,
    0.49472000896930696,
    0.4755631908774376,
    0.5246856592595577,
    0.4747664384543896,
    0.44301655516028404,
    0.51193379573524
  ],
  "val_losses": [
    2.8328582637689332,
    1.869028004732999,
    1.2706112699075178,
    1.489164487882094,
    1.5719163851304487,
    1.5413764010776172,
    1.3177928003397854,
    1.396613049236211,
    2.210375048897483,
    1.1317539486018093,
    1.5968313081697985,
    1.0971395102414219,
    1.323714474385435,
    1.27477273886854,
    1.3027218427847733,
    1.2640298174016855,
    1.284531127322804,
    1.4520017924633892,
    1.3698437078432604,
    0.9691524315964092,
    1.3749260252172297,
    1.6624306738376617,
    1.8062855523206631,
    1.3202322531830182,
    1.5353236916390332,
    1.4189701947298916,
    1.2679216428236528,
    1.7492510322481394,
    1.4555257071148267,
    1.4826469529758801
  ],
  "val_accs": [
    0.5741029641185648,
    0.2059282371294852,
    0.4828393135725429,
    0.4500780031201248,
    0.36505460218408736,
    0.4360374414976599,
    0.42589703588143524,
    0.5694227769110765,
    0.4407176287051482,
    0.5702028081123245,
    0.5748829953198128,
    0.546801872074883,
    0.6170046801872074,
    0.5351014040561622,
    0.6021840873634945,
    0.6653666146645866,
    0.4921996879875195,
    0.5873634945397815,
    0.5694227769110765,
    0.5826833073322933,
    0.5507020280811232,
    0.5546021840873635,
    0.6817472698907956,
    0.6185647425897036,
    0.6856474258970359,
    0.6848673946957878,
    0.5273010920436817,
    0.6926677067082684,
    0.7230889235569423,
    0.5304212168486739
  ],
  "epoch_times_sec": [
    7.430581092834473,
    5.01311469078064,
    5.014591217041016,
    5.053514003753662,
    5.2071027755737305,
    5.066263914108276,
    5.071446180343628,
    5.0835206508636475,
    5.066427707672119,
    5.150211334228516,
    5.200106143951416,
    5.236535310745239,
    5.1871702671051025,
    4.9515650272369385,
    5.094305515289307,
    5.034967660903931,
    5.159379243850708,
    5.173964977264404,
    5.149913311004639,
    5.083646059036255,
    5.152386903762817,
    5.227320194244385,
    5.1559624671936035,
    5.079407453536987,
    5.245966672897339,
    5.26329231262207,
    5.2955286502838135,
    5.218703985214233,
    5.287125825881958,
    5.1243579387664795
  ],
  "total_train_sec": 157.22204303741455,
  "early_stop": {
    "enabled": true,
    "monitor": "val_loss",
    "best_epoch": 19,
    "best_value": 0.9691524315964092
  }
}