{
  "run_name": "fold_2",
  "train_losses": [
    1.8356833457946777,
    1.4408676952123642,
    1.3771919757127762,
    1.2716664955019952,
    1.2242465808987617,
    1.0572593197226525,
    1.0983523800969124,
    1.0211785838007927,
    0.9123736575245858,
    0.9058638848364353,
    0.8567626923322678,
    0.8715364292263985,
    0.8745922163128853,
    0.7950602374970913,
    0.7122837357223034,
    0.7006624229252338,
    0.6127283923327923,
    0.710044626146555,
    0.5648770570755005,
    0.6142866186797619,
    0.5613459773361683,
    0.5076439857482911,
    0.4907293699681759,
    0.4200906723737717
  ],
  "val_losses": [
    1.9738329215483232,
    2.2116441184824165,
    1.637227925387296,
    1.1712786934592507,
    1.1904332529414783,
    1.3020264127037742,
    1.530798771164634,
    1.3985810388218274,
    1.143151418729262,
    1.258202856237238,
    1.6071292161941528,
    1.2942365516315808,
    1.0503101619807156,
    0.9898007674650713,
    1.2522719502449036,
    1.0860680829394946,
    1.1185726902701638,
    3.6118333122946997,
    1.1984672654758801,
    1.334798352284865,
    1.3816835338419133,
    1.2077744278040798,
    1.1050928045402875,
    1.516200385310433
  ],
  "val_accs": [
    0.19578783151326054,
    0.20280811232449297,
    0.5530421216848674,
    0.6006240249609984,
    0.5600624024960998,
    0.5709828393135725,
    0.4422776911076443,
    0.6591263650546022,
    0.6552262090483619,
    0.6443057722308893,
    0.5912636505460218,
    0.46879875195007803,
    0.6739469578783152,
    0.7269890795631825,
    0.6965678627145085,
    0.6895475819032761,
    0.6989079563182528,
    0.4539781591263651,
    0.6333853354134166,
    0.6583463338533542,
    0.6505460218408736,
    0.6872074882995319,
    0.6872074882995319,
    0.7285491419656787
  ],
  "epoch_times_sec": [
    7.3148510456085205,
    5.085219383239746,
    4.977488040924072,
    5.018120527267456,
    4.974976301193237,
    5.01362943649292,
    5.166561603546143,
    4.9990315437316895,
    5.012954473495483,
    5.03560471534729,
    4.9959399700164795,
    5.014894723892212,
    4.892346143722534,
    5.013016223907471,
    5.0783116817474365,
    5.166088104248047,
    4.959674119949341,
    5.004184007644653,
    5.047153949737549,
    4.8691792488098145,
    5.137121915817261,
    4.973209381103516,
    5.089686870574951,
    5.079141855239868
  ],
  "total_train_sec": 123.52424192428589,
  "early_stop": {
    "enabled": true,
    "monitor": "val_loss",
    "best_epoch": 13,
    "best_value": 0.9898007674650713
  }
}