{
  "run_name": "fold_3",
  "train_losses": [
    1.6914710849523544,
    1.4981733113527298,
    1.3428695812821387,
    1.2894836321473122,
    1.2297700479626656,
    1.1674487203359605,
    1.1173958286643029,
    1.1477099806070328,
    1.106630766391754,
    1.0295217156410217,
    0.9293936155736446,
    0.8910241812467575,
    0.8767683193087578,
    0.7543893486261368,
    0.6829188078641891,
    0.7167675726115703,
    0.5937022887170315,
    0.6239255614578724,
    0.6759999707341194,
    0.5644448466598988,
    0.5471609748899937,
    0.5551297038793563,
    0.46733553111553194,
    0.43541911952197554,
    0.4569246545433998,
    0.4201939690858126,
    0.560121338069439,
    0.46840002089738847,
    0.41369425095617773,
    0.4154650308191776
  ],
  "val_losses": [
    2.3963328166441484,
    1.3256011551076716,
    1.4375238472765142,
    1.6302693757143887,
    3.3367409706115723,
    1.2004818699576638,
    1.7026742046529597,
    3.179901980540969,
    1.482176206328652,
    0.9971428134224631,
    0.9413964396173303,
    1.4294193170287393,
    1.0988323398950426,
    1.017489760436795,
    1.3234617357904261,
    1.6617344211448322,
    1.3448184078389949,
    1.4979623366485944,
    1.0250918905843387,
    0.8471301915970716,
    1.1706138063560834,
    1.3186946511268616,
    1.1501935530792584,
    1.2504045457833193,
    1.480254278941588,
    1.4970407252231697,
    1.202225180427459,
    1.3274512561884793,
    1.8874184076081624,
    1.629167843948711
  ],
  "val_accs": [
    0.24512099921935987,
    0.34192037470725994,
    0.38563622170179546,
    0.19437939110070257,
    0.13427010148321625,
    0.5230288836846214,
    0.6697892271662763,
    0.060109289617486336,
    0.6330991412958626,
    0.5565964090554254,
    0.6088992974238876,
    0.5355191256830601,
    0.5284933645589384,
    0.5409836065573771,
    0.672911787665886,
    0.6978922716627635,
    0.6432474629195941,
    0.47619047619047616,
    0.6260733801717409,
    0.6690085870413739,
    0.6120218579234973,
    0.6354410616705699,
    0.7135050741608119,
    0.6081186572989852,
    0.6042154566744731,
    0.6994535519125683,
    0.6830601092896175,
    0.6128024980483997,
    0.5956284153005464,
    0.6682279469164715
  ],
  "epoch_times_sec": [
    7.333159923553467,
    5.043069362640381,
    5.0350048542022705,
    5.0149335861206055,
    4.950217247009277,
    5.0629355907440186,
    4.964340686798096,
    5.040410995483398,
    4.886402606964111,
    4.96425461769104,
    5.122445821762085,
    4.9185121059417725,
    5.037830352783203,
    5.045701265335083,
    4.963458299636841,
    4.986149787902832,
    5.040508270263672,
    5.192845582962036,
    5.003588676452637,
    5.065804719924927,
    5.038089990615845,
    4.919301271438599,
    5.135035276412964,
    4.885517120361328,
    4.988970518112183,
    5.015004396438599,
    4.917657375335693,
    5.136180639266968,
    5.0554420948028564,
    5.101577520370483
  ],
  "total_train_sec": 153.5885031223297,
  "early_stop": {
    "enabled": true,
    "monitor": "val_loss",
    "best_epoch": 19,
    "best_value": 0.8471301915970716
  }
}