{
  "run_name": "fold_4",
  "train_losses": [
    1.7313659965991974,
    1.4990926325321197,
    1.360781954228878,
    1.3324182733893395,
    1.2580547422170638,
    1.1098054632544518,
    1.168371891975403,
    1.1644853547215461,
    1.0455831050872804,
    0.9510331884026527,
    0.8569826722145081,
    0.8496101185679436,
    0.863866637647152,
    0.8320162430405617,
    0.746961060166359,
    0.787400235235691,
    0.822142668068409,
    0.6863129526376724,
    0.6466233119368553,
    0.6174352571368218
  ],
  "val_losses": [
    6.078668551011519,
    1.474540201100436,
    1.1064753037962047,
    1.2454413717443293,
    1.0029074779119005,
    1.0957766742794774,
    1.592089214090844,
    1.0380619357932697,
    1.1035970554909331,
    0.8780581565065817,
    1.7333246577869763,
    1.080269257453355,
    2.084047219991176,
    1.2121786260871554,
    1.2036978047002445,
    1.0069684680889954,
    1.0865054454810557,
    1.162909762425815,
    1.6788968063129603,
    1.3476496718145965
  ],
  "val_accs": [
    0.6612021857923497,
    0.35362997658079626,
    0.6049960967993755,
    0.4652615144418423,
    0.5292740046838408,
    0.6330991412958626,
    0.717408274785324,
    0.624512099921936,
    0.6276346604215457,
    0.6557377049180327,
    0.7002341920374707,
    0.5878220140515222,
    0.4918032786885246,
    0.6401249024199844,
    0.5448868071818892,
    0.5995316159250585,
    0.5878220140515222,
    0.747072599531616,
    0.6385636221701796,
    0.7181889149102264
  ],
  "epoch_times_sec": [
    7.3698742389678955,
    5.083181619644165,
    4.981476545333862,
    4.813903331756592,
    4.819540023803711,
    5.0741965770721436,
    4.762502431869507,
    5.090751647949219,
    4.826353311538696,
    4.870989084243774,
    4.800424098968506,
    4.938697338104248,
    4.943527698516846,
    4.892171144485474,
    4.894104480743408,
    4.832704067230225,
    5.086122989654541,
    4.970223426818848,
    4.867005109786987,
    4.961885690689087
  ],
  "total_train_sec": 101.48313617706299,
  "early_stop": {
    "enabled": true,
    "monitor": "val_loss",
    "best_epoch": 9,
    "best_value": 0.8780581565065817
  }
}