{
  "data_flag": "dermamnist",
  "num_classes": 7,
  "class_names": [
    "actinic keratoses and intraepithelial carcinoma",
    "basal cell carcinoma",
    "benign keratosis-like lesions",
    "dermatofibroma",
    "melanoma",
    "melanocytic nevi",
    "vascular lesions"
  ],
  "is_ensemble": false,
  "metrics": {
    "accuracy": 0.6478802992518703,
    "balanced_accuracy": 0.6463019595420662,
    "auc": 0.9310571072492569
  },
  "confusion_matrix": [
    [
      51,
      4,
      0,
      6,
      4,
      1,
      0
    ],
    [
      27,
      63,
      1,
      2,
      2,
      4,
      4
    ],
    [
      82,
      11,
      45,
      5,
      53,
      24,
      0
    ],
    [
      2,
      1,
      1,
      14,
      0,
      4,
      1
    ],
    [
      33,
      9,
      5,
      9,
      136,
      26,
      5
    ],
    [
      46,
      35,
      38,
      20,
      224,
      961,
      17
    ],
    [
      0,
      0,
      0,
      0,
      0,
      0,
      29
    ]
  ],
  "counts": {
    "n_samples": 2005
  },
  "timing": {
    "eval_wall_sec": 0.8336441516876221,
    "throughput_img_per_s": 2405.1029398348146,
    "latency_ms_per_img": 0.4157826192955721
  }
}