{
  "data_flag": "dermamnist",
  "num_classes": 7,
  "class_names": [
    "actinic keratoses and intraepithelial carcinoma",
    "basal cell carcinoma",
    "benign keratosis-like lesions",
    "dermatofibroma",
    "melanoma",
    "melanocytic nevi",
    "vascular lesions"
  ],
  "is_ensemble": false,
  "metrics": {
    "accuracy": 0.7391521197007481,
    "balanced_accuracy": 0.6426426774095352,
    "auc": 0.9337042067590365
  },
  "confusion_matrix": [
    [
      33,
      16,
      11,
      0,
      4,
      2,
      0
    ],
    [
      6,
      86,
      1,
      1,
      4,
      1,
      4
    ],
    [
      10,
      20,
      110,
      2,
      38,
      36,
      4
    ],
    [
      1,
      6,
      1,
      9,
      3,
      3,
      0
    ],
    [
      5,
      12,
      20,
      0,
      116,
      67,
      3
    ],
    [
      12,
      42,
      41,
      6,
      99,
      1101,
      40
    ],
    [
      0,
      0,
      0,
      0,
      0,
      2,
      27
    ]
  ],
  "counts": {
    "n_samples": 2005
  },
  "timing": {
    "eval_wall_sec": 0.8229162693023682,
    "throughput_img_per_s": 2436.4568727019455,
    "latency_ms_per_img": 0.41043205451489684
  }
}