{
  "data_flag": "dermamnist",
  "num_classes": 7,
  "class_names": [
    "actinic keratoses and intraepithelial carcinoma",
    "basal cell carcinoma",
    "benign keratosis-like lesions",
    "dermatofibroma",
    "melanoma",
    "melanocytic nevi",
    "vascular lesions"
  ],
  "is_ensemble": false,
  "metrics": {
    "accuracy": 0.687780548628429,
    "balanced_accuracy": 0.6970242108495318,
    "auc": 0.9448615653235132
  },
  "confusion_matrix": [
    [
      50,
      4,
      7,
      1,
      3,
      1,
      0
    ],
    [
      16,
      68,
      8,
      6,
      2,
      1,
      2
    ],
    [
      26,
      6,
      128,
      5,
      43,
      12,
      0
    ],
    [
      6,
      1,
      0,
      13,
      2,
      1,
      0
    ],
    [
      20,
      3,
      18,
      6,
      152,
      16,
      8
    ],
    [
      21,
      28,
      74,
      17,
      224,
      941,
      36
    ],
    [
      0,
      1,
      0,
      1,
      0,
      0,
      27
    ]
  ],
  "counts": {
    "n_samples": 2005
  },
  "timing": {
    "eval_wall_sec": 0.894411563873291,
    "throughput_img_per_s": 2241.697313613941,
    "latency_ms_per_img": 0.44609055554777605
  }
}