{
  "run_name": "fold_4",
  "train_losses": [
    0.15858019106276333,
    0.08196740552783012,
    0.05848639453202486,
    0.0546775769405067,
    0.046045821658102795,
    0.03931019546242896,
    0.036602360027609394,
    0.03203964131837711,
    0.030901543296989985,
    0.027106343510677106,
    0.02999032562150387,
    0.02271135921955283,
    0.02244601319724461,
    0.01782020770513918,
    0.020718588098796318,
    0.019046156575830538,
    0.018008787954895526,
    0.01918720962991938,
    0.01611945481703151,
    0.012142810759993154,
    0.015453382100749877,
    0.011993727659384603,
    0.013377097382035573,
    0.01503047440352384,
    0.007855936404157547,
    0.017322077851058566,
    0.010683493162920058,
    0.011661038685182576,
    0.007850323735965503
  ],
  "val_losses": [
    0.779729829788208,
    0.09049752601981163,
    0.1493669904768467,
    0.0685229513347149,
    0.0671115624718368,
    0.11512264448404312,
    0.05676183329848573,
    0.12977980397641659,
    0.03640595856122673,
    0.03073764570429921,
    0.14935598716139795,
    0.037154248450882735,
    0.05164581983163953,
    0.04561680107936263,
    0.06766704195924103,
    0.10695815987884999,
    0.039254777199123056,
    0.036545531194191426,
    0.029370451281429268,
    0.037450909389182926,
    0.037898312649223956,
    0.03946372138336301,
    0.032033170953160155,
    0.03167748768534511,
    0.038196713562363586,
    0.03840580112650059,
    0.33227739834785464,
    0.1983905792683363,
    0.053140505791059695
  ],
  "val_accs": [
    0.8128125,
    0.9690625,
    0.952375,
    0.9785,
    0.977,
    0.9626875,
    0.9815,
    0.9680625,
    0.9876875,
    0.99,
    0.963375,
    0.9898125,
    0.984375,
    0.98775,
    0.9825,
    0.9708125,
    0.9885625,
    0.9893125,
    0.9915625,
    0.9901875,
    0.9901875,
    0.9901875,
    0.992125,
    0.99125,
    0.99075,
    0.990625,
    0.921125,
    0.9596875,
    0.9865625
  ],
  "epoch_times_sec": [
    60.25802564620972,
    51.10962986946106,
    51.13687562942505,
    51.32884883880615,
    51.04830813407898,
    51.27758502960205,
    51.43292045593262,
    51.244818687438965,
    51.434011936187744,
    51.10124683380127,
    51.28965663909912,
    51.099106550216675,
    51.260498046875,
    51.426032066345215,
    51.16344428062439,
    51.35750603675842,
    51.10252237319946,
    51.24429130554199,
    50.94681406021118,
    51.21683096885681,
    51.31912565231323,
    51.27587270736694,
    51.42992639541626,
    51.40273642539978,
    51.03457427024841,
    51.04239082336426,
    51.272576332092285,
    51.07802987098694,
    51.265297412872314
  ],
  "total_train_sec": 1495.485906124115,
  "early_stop": {
    "enabled": true,
    "monitor": "val_loss",
    "best_epoch": 18,
    "best_value": 0.029370451281429268
  }
}