{
  "run_name": "fold_1",
  "train_losses": [
    0.16025972582772374,
    0.08120297198556363,
    0.06010648807045072,
    0.0493516841433011,
    0.04214582606218755,
    0.044457669206429275,
    0.03047789636888774,
    0.029758073631557636,
    0.028523385841457638,
    0.03148148011544254,
    0.024888373961905016,
    0.02381778242596192,
    0.02151848719397094,
    0.020836773715680466,
    0.019445547577139222,
    0.019998042453749802,
    0.016282027884721172,
    0.016601147051667795,
    0.01864687148707162,
    0.011086387429924799
  ],
  "val_losses": [
    0.24143923479318619,
    0.1127218215316534,
    0.06847849602252246,
    0.05919685412757099,
    0.296997586607933,
    0.042537064348813144,
    0.064061303332448,
    0.08300418001413346,
    0.05139786559529603,
    0.03240612870873883,
    0.08854876968823373,
    0.058139532865956425,
    0.046937198596075175,
    0.05713999097375199,
    0.0378400095005054,
    0.046793383722309956,
    0.04939760013553314,
    0.056552456699311734,
    0.05547946923784912,
    0.050198536012670956
  ],
  "val_accs": [
    0.930625,
    0.9688125,
    0.9764375,
    0.9836875,
    0.93625,
    0.9891875,
    0.981375,
    0.9755,
    0.9853125,
    0.99075,
    0.9775625,
    0.984875,
    0.9845625,
    0.9833125,
    0.9905,
    0.988,
    0.9861875,
    0.98625,
    0.985125,
    0.9873125
  ],
  "epoch_times_sec": [
    58.67977499961853,
    51.26061415672302,
    51.74779152870178,
    51.96615028381348,
    51.8891716003418,
    51.9741587638855,
    51.82925844192505,
    52.2306706905365,
    52.12971830368042,
    52.061070919036865,
    51.788907289505005,
    51.92857122421265,
    51.876004457473755,
    51.757067918777466,
    51.96919798851013,
    51.14697027206421,
    51.23620319366455,
    51.50113916397095,
    51.46567368507385,
    51.34449124336243
  ],
  "total_train_sec": 1042.3790373802185,
  "early_stop": {
    "enabled": true,
    "monitor": "val_loss",
    "best_epoch": 9,
    "best_value": 0.03240612870873883
  }
}