{
  "run_name": "fold_2",
  "train_losses": [
    0.16371007174625993,
    0.07865126010216772,
    0.06528953314479441,
    0.048738737046252936,
    0.04609576812852174,
    0.03998376777232625,
    0.0343697341416846,
    0.03327721699874382,
    0.027715232258546166,
    0.03472152037499472,
    0.024765852666227148,
    0.02433242346753832,
    0.021480540907592514,
    0.019270880122116068,
    0.022674724683573004,
    0.01904437163300463,
    0.01668614984024316,
    0.01432233114700648,
    0.012585497325955658,
    0.018277081759471913,
    0.015091163630451774,
    0.011174699758543283,
    0.018536821658388363,
    0.01264135829784209,
    0.010490160172830656
  ],
  "val_losses": [
    0.09030296320468187,
    0.07351999238878489,
    0.07468986525759101,
    0.08016357701271773,
    0.1948128498494625,
    0.050153575734235345,
    0.06302737008221447,
    0.06723334317468106,
    0.06286221260763705,
    0.10147512184083461,
    0.04975775660551153,
    0.1661222071647644,
    0.05463478292291984,
    0.04978587940894067,
    0.028848871870781296,
    0.07210958478040994,
    0.04596984558273107,
    0.03788301330455579,
    0.05117652319953777,
    0.04707065856293775,
    0.05557843102980405,
    0.03046544981794432,
    0.045780366895371113,
    0.03742612026334973,
    0.04599976571930165
  ],
  "val_accs": [
    0.970375,
    0.9776875,
    0.977,
    0.973625,
    0.944875,
    0.9850625,
    0.9809375,
    0.9825625,
    0.9835625,
    0.9709375,
    0.9865625,
    0.946375,
    0.9860625,
    0.9870625,
    0.9920625,
    0.9801875,
    0.9885625,
    0.9893125,
    0.9883125,
    0.987125,
    0.986625,
    0.992875,
    0.988875,
    0.99125,
    0.9886875
  ],
  "epoch_times_sec": [
    59.369996547698975,
    50.85970067977905,
    51.05074667930603,
    51.22364377975464,
    51.154874324798584,
    50.93759489059448,
    51.637755393981934,
    51.07445287704468,
    51.07184839248657,
    51.16165542602539,
    51.05437183380127,
    50.906925201416016,
    50.995407819747925,
    50.84958267211914,
    50.99139380455017,
    51.07418608665466,
    50.946242809295654,
    51.26974606513977,
    50.801344871520996,
    51.02784085273743,
    51.15021085739136,
    51.03410029411316,
    51.01254963874817,
    51.33750867843628,
    51.287171363830566
  ],
  "total_train_sec": 1285.9309766292572,
  "early_stop": {
    "enabled": true,
    "monitor": "val_loss",
    "best_epoch": 14,
    "best_value": 0.028848871870781296
  }
}