{
  "run_name": "fold_3",
  "train_losses": [
    0.15524609064497052,
    0.07968222261406481,
    0.05853870993806049,
    0.053742060685064645,
    0.04111743258894421,
    0.04354207344003953,
    0.03589091137703508,
    0.03534339559456566,
    0.034412500150850976,
    0.0221778664169251,
    0.025318660798977363,
    0.028878367010969668,
    0.02014111166447401,
    0.02063989539038448,
    0.019039569120504894,
    0.01588603707907896,
    0.016727082669807714,
    0.01738111240466242,
    0.01591616908967262,
    0.014474705335393082,
    0.015035408168521827,
    0.01478561525097757,
    0.013190410852927017,
    0.014757032856796286,
    0.009824256407307984,
    0.012685479904532258,
    0.010312120518858136,
    0.01043276003248684,
    0.011122470168005747
  ],
  "val_losses": [
    0.10995261552929879,
    0.3639829556941986,
    0.09123236102610827,
    0.04483254758268595,
    0.20307976830005645,
    0.08822177091613412,
    0.07368456546310335,
    0.14755446550250054,
    0.09303356050979346,
    0.0404775899713859,
    0.03440735083678737,
    0.034766261554323136,
    0.037832731457427146,
    0.06618640059093013,
    0.04270796458050609,
    0.05672959466464818,
    0.04762204063381068,
    0.055092360742390156,
    0.027815204677870495,
    0.039972095651959534,
    0.032847103459062055,
    0.05558883703779429,
    0.02958675939135719,
    0.04710628354270011,
    0.032611556516814744,
    0.07280819622240961,
    0.02959191246732371,
    0.0345695961403544,
    0.035276031140703705
  ],
  "val_accs": [
    0.964,
    0.9085,
    0.9744375,
    0.9855,
    0.9479375,
    0.9749375,
    0.9776875,
    0.952125,
    0.97925,
    0.9876875,
    0.98875,
    0.9895625,
    0.9886875,
    0.98225,
    0.9876875,
    0.983125,
    0.9875,
    0.98525,
    0.9919375,
    0.9895625,
    0.9905625,
    0.9871875,
    0.9915,
    0.98725,
    0.99125,
    0.9813125,
    0.9914375,
    0.991875,
    0.990625
  ],
  "epoch_times_sec": [
    60.23556613922119,
    50.62265396118164,
    50.96995973587036,
    50.9631450176239,
    50.92542481422424,
    50.95081877708435,
    50.683382511138916,
    50.64875411987305,
    50.754379749298096,
    51.12713027000427,
    50.84521722793579,
    50.741113901138306,
    50.87690997123718,
    51.398813009262085,
    50.88077092170715,
    50.78049659729004,
    50.79744625091553,
    50.843207359313965,
    50.73096823692322,
    50.77820873260498,
    51.54346680641174,
    51.68958854675293,
    51.358919620513916,
    50.985241174697876,
    50.8413143157959,
    50.90009665489197,
    51.29025077819824,
    51.177239179611206,
    51.29772973060608
  ],
  "total_train_sec": 1488.4838345050812,
  "early_stop": {
    "enabled": true,
    "monitor": "val_loss",
    "best_epoch": 18,
    "best_value": 0.027815204677870495
  }
}