{
  "run_name": "fold_0",
  "train_losses": [
    0.15681507805362344,
    0.08191370498202741,
    0.057509914706461135,
    0.05744351943163201,
    0.045027289024088535,
    0.04075428817491047,
    0.033730928237782794,
    0.03333237731340341,
    0.03227372816705611,
    0.026543590548215434,
    0.027517425991536584,
    0.026958445434400347,
    0.021477764820680024,
    0.021400658583384937,
    0.017114174074988112,
    0.023098081355099567,
    0.012900219154616935,
    0.015535477982048178,
    0.018622437100428216,
    0.01707329799915897,
    0.01523242693344946,
    0.015287234145129332,
    0.014742634301517683,
    0.013407233992460533,
    0.0090164800008788,
    0.015830008736011224,
    0.009305885302379465,
    0.007648021957771561
  ],
  "val_losses": [
    0.22590769803524016,
    0.0822703391239047,
    0.059947532303631305,
    0.07768754307925702,
    0.1774525376856327,
    0.16454576027393342,
    0.04643133627250791,
    0.05317226556316018,
    0.06631243144348263,
    0.027028197146952152,
    0.029721699638292194,
    0.03788584301550873,
    0.04239951513428241,
    0.03081197262578644,
    0.0366428163216915,
    0.028577888498315586,
    0.09829173044115305,
    0.023834480474586597,
    0.04795310811302625,
    0.039758408320602026,
    0.050742608139989896,
    0.04626173165300861,
    0.1623944938480854,
    0.03390213511348702,
    0.1287892521773465,
    0.048672970591112974,
    0.043476298432273325,
    0.02674697866072529
  ],
  "val_accs": [
    0.9256875,
    0.976625,
    0.9815,
    0.9749375,
    0.947125,
    0.9634375,
    0.9869375,
    0.9838125,
    0.9820625,
    0.9901875,
    0.989875,
    0.9890625,
    0.9880625,
    0.9909375,
    0.98825,
    0.9905625,
    0.9745,
    0.9928125,
    0.9890625,
    0.9880625,
    0.983375,
    0.9889375,
    0.963125,
    0.991625,
    0.970125,
    0.9871875,
    0.9908125,
    0.9921875
  ],
  "epoch_times_sec": [
    59.78594255447388,
    50.659327030181885,
    50.729684829711914,
    51.28507208824158,
    50.89793395996094,
    50.90014314651489,
    50.954262495040894,
    50.67241883277893,
    50.910226345062256,
    50.910651445388794,
    51.04918122291565,
    50.615190744400024,
    50.810293436050415,
    50.94671130180359,
    50.9414803981781,
    50.821433544158936,
    50.850221157073975,
    51.130059242248535,
    51.49656009674072,
    51.72776937484741,
    51.43399214744568,
    51.207345724105835,
    51.48830580711365,
    51.18751835823059,
    51.138665199279785,
    51.06606125831604,
    51.41722393035889,
    51.614317893981934
  ],
  "total_train_sec": 1439.4383339881897,
  "early_stop": {
    "enabled": true,
    "monitor": "val_loss",
    "best_epoch": 17,
    "best_value": 0.023834480474586597
  }
}