{
  "data_flag": "pathmnist",
  "num_classes": 9,
  "class_names": [
    "adipose",
    "background",
    "debris",
    "lymphocytes",
    "mucus",
    "smooth muscle",
    "normal colon mucosa",
    "cancer-associated stroma",
    "colorectal adenocarcinoma epithelium"
  ],
  "is_ensemble": false,
  "metrics": {
    "accuracy": 0.916016713091922,
    "balanced_accuracy": 0.9082417719277073,
    "auc": 0.9944843704072532
  },
  "confusion_matrix": [
    [
      1136,
      0,
      0,
      0,
      10,
      189,
      3,
      0,
      0
    ],
    [
      0,
      847,
      0,
      0,
      0,
      0,
      0,
      0,
      0
    ],
    [
      0,
      9,
      318,
      0,
      0,
      11,
      0,
      1,
      0
    ],
    [
      0,
      0,
      103,
      526,
      0,
      0,
      5,
      0,
      0
    ],
    [
      2,
      1,
      0,
      0,
      980,
      13,
      38,
      0,
      1
    ],
    [
      0,
      27,
      1,
      0,
      12,
      536,
      0,
      16,
      0
    ],
    [
      0,
      0,
      0,
      0,
      0,
      0,
      741,
      0,
      0
    ],
    [
      0,
      6,
      5,
      0,
      2,
      74,
      7,
      316,
      11
    ],
    [
      0,
      0,
      2,
      4,
      0,
      0,
      50,
      0,
      1177
    ]
  ],
  "counts": {
    "n_samples": 7180
  },
  "timing": {
    "eval_wall_sec": 8.093716382980347,
    "throughput_img_per_s": 887.1079316663813,
    "latency_ms_per_img": 1.1272585491616083
  }
}