{
  "data_flag": "pathmnist",
  "num_classes": 9,
  "class_names": [
    "adipose",
    "background",
    "debris",
    "lymphocytes",
    "mucus",
    "smooth muscle",
    "normal colon mucosa",
    "cancer-associated stroma",
    "colorectal adenocarcinoma epithelium"
  ],
  "is_ensemble": false,
  "metrics": {
    "accuracy": 0.9337047353760446,
    "balanced_accuracy": 0.9194534383216555,
    "auc": 0.9958620620037917
  },
  "confusion_matrix": [
    [
      1218,
      0,
      1,
      0,
      5,
      113,
      0,
      0,
      1
    ],
    [
      0,
      847,
      0,
      0,
      0,
      0,
      0,
      0,
      0
    ],
    [
      0,
      9,
      322,
      0,
      0,
      8,
      0,
      0,
      0
    ],
    [
      0,
      0,
      39,
      586,
      0,
      0,
      0,
      0,
      9
    ],
    [
      15,
      0,
      0,
      0,
      1005,
      3,
      7,
      4,
      1
    ],
    [
      0,
      7,
      55,
      0,
      0,
      528,
      0,
      2,
      0
    ],
    [
      0,
      0,
      0,
      4,
      0,
      1,
      724,
      0,
      12
    ],
    [
      0,
      6,
      3,
      0,
      13,
      97,
      2,
      291,
      9
    ],
    [
      1,
      0,
      4,
      0,
      11,
      6,
      26,
      2,
      1183
    ]
  ],
  "counts": {
    "n_samples": 7180
  },
  "timing": {
    "eval_wall_sec": 2.5737009048461914,
    "throughput_img_per_s": 2789.756955239167,
    "latency_ms_per_img": 0.3584541650203609
  }
}