{
  "data_flag": "pathmnist",
  "num_classes": 9,
  "class_names": [
    "adipose",
    "background",
    "debris",
    "lymphocytes",
    "mucus",
    "smooth muscle",
    "normal colon mucosa",
    "cancer-associated stroma",
    "colorectal adenocarcinoma epithelium"
  ],
  "is_ensemble": false,
  "metrics": {
    "accuracy": 0.8784122562674095,
    "balanced_accuracy": 0.8761593185014644,
    "auc": 0.9893712047501122
  },
  "confusion_matrix": [
    [
      1010,
      0,
      4,
      0,
      3,
      279,
      38,
      4,
      0
    ],
    [
      3,
      844,
      0,
      0,
      0,
      0,
      0,
      0,
      0
    ],
    [
      0,
      8,
      330,
      0,
      1,
      0,
      0,
      0,
      0
    ],
    [
      0,
      0,
      167,
      466,
      0,
      0,
      0,
      1,
      0
    ],
    [
      9,
      0,
      1,
      0,
      973,
      3,
      40,
      4,
      5
    ],
    [
      0,
      30,
      33,
      0,
      3,
      521,
      0,
      5,
      0
    ],
    [
      0,
      0,
      2,
      7,
      0,
      0,
      718,
      0,
      14
    ],
    [
      0,
      0,
      52,
      0,
      7,
      55,
      0,
      297,
      10
    ],
    [
      0,
      0,
      62,
      6,
      3,
      1,
      13,
      0,
      1148
    ]
  ],
  "counts": {
    "n_samples": 7180
  },
  "timing": {
    "eval_wall_sec": 2.561984062194824,
    "throughput_img_per_s": 2802.5154824144265,
    "latency_ms_per_img": 0.35682229278479444
  }
}