{
  "data_flag": "pathmnist",
  "num_classes": 9,
  "class_names": [
    "adipose",
    "background",
    "debris",
    "lymphocytes",
    "mucus",
    "smooth muscle",
    "normal colon mucosa",
    "cancer-associated stroma",
    "colorectal adenocarcinoma epithelium"
  ],
  "is_ensemble": true,
  "metrics": {
    "accuracy": 0.9332869080779944,
    "balanced_accuracy": 0.9238527232138181,
    "auc": 0.9964167031129274
  },
  "confusion_matrix": [
    [
      1177,
      0,
      0,
      0,
      6,
      151,
      4,
      0,
      0
    ],
    [
      0,
      847,
      0,
      0,
      0,
      0,
      0,
      0,
      0
    ],
    [
      0,
      9,
      330,
      0,
      0,
      0,
      0,
      0,
      0
    ],
    [
      0,
      0,
      44,
      589,
      0,
      0,
      0,
      0,
      1
    ],
    [
      5,
      0,
      0,
      0,
      995,
      2,
      30,
      0,
      3
    ],
    [
      0,
      53,
      4,
      0,
      2,
      531,
      0,
      2,
      0
    ],
    [
      0,
      0,
      0,
      0,
      0,
      0,
      733,
      0,
      8
    ],
    [
      0,
      6,
      29,
      0,
      1,
      67,
      2,
      300,
      16
    ],
    [
      0,
      0,
      5,
      3,
      0,
      0,
      26,
      0,
      1199
    ]
  ],
  "counts": {
    "n_samples": 7180
  },
  "timing": {
    "eval_wall_sec": 7.331516981124878,
    "throughput_img_per_s": 979.333474707218,
    "latency_ms_per_img": 1.0211026436107071
  }
}