{
  "run_name": "fold_1",
  "train_losses": [
    0.3492092390855153,
    0.22680899997552237,
    0.1683089037736257,
    0.07617726797858874,
    0.07309336091081302,
    0.06036085511247317,
    0.023015787204106648,
    0.019720560871064663,
    0.0219417717307806,
    0.009572552051395178,
    0.019204525121798117,
    0.015365076872209707,
    0.006935369378576676,
    0.012064041259388128,
    0.00972850372393926,
    0.01327447717388471,
    0.005957871442660689,
    0.0026220295500631132,
    0.0020456198835745454
  ],
  "val_losses": [
    0.42957454919815063,
    2.673238754272461,
    3.4329349994659424,
    4.147018909454346,
    3.280388116836548,
    1.596449851989746,
    0.5907548666000366,
    0.36621856689453125,
    0.24460534751415253,
    0.5146468281745911,
    0.7622182369232178,
    0.7270817160606384,
    0.46020030975341797,
    0.4699912667274475,
    0.4564926326274872,
    0.4798622727394104,
    0.25986146926879883,
    0.30275222659111023,
    0.40667399764060974
  ],
  "val_accs": [
    0.4,
    0.73,
    0.73,
    0.73,
    0.77,
    0.8,
    0.87,
    0.74,
    0.88,
    0.83,
    0.82,
    0.84,
    0.87,
    0.76,
    0.86,
    0.9,
    0.87,
    0.85,
    0.86
  ],
  "epoch_times_sec": [
    0.9450345039367676,
    0.5607297420501709,
    0.6132411956787109,
    0.6221764087677002,
    0.5892322063446045,
    0.6686563491821289,
    0.582859992980957,
    0.652130126953125,
    0.6232662200927734,
    0.6442148685455322,
    0.5749609470367432,
    0.5744035243988037,
    0.6585800647735596,
    0.5814380645751953,
    0.6709144115447998,
    0.588855504989624,
    0.5938742160797119,
    0.608544111251831,
    0.6661667823791504
  ],
  "total_train_sec": 12.447442293167114,
  "early_stop": {
    "enabled": true,
    "monitor": "val_loss",
    "best_epoch": 8,
    "best_value": 0.24460534751415253
  }
}