{
  "run_name": "fold_4",
  "train_losses": [
    0.3308573166529338,
    0.22454483807086945,
    0.11598266164461772,
    0.0667665700117747,
    0.03629760257899761,
    0.02837262364725272,
    0.019154527535041172,
    0.013912130457659563,
    0.015154145658016205,
    0.01293132562811176,
    0.007859043776988983,
    0.006526334987332423,
    0.01201184264694651,
    0.010391214474414786,
    0.00976576074026525,
    0.0016024572541937232,
    0.005878834325509767,
    0.00520073048149546,
    0.004350660291189949,
    0.00943192447690914
  ],
  "val_losses": [
    0.7117694616317749,
    1.7243378162384033,
    2.865861654281616,
    5.054140567779541,
    8.271400451660156,
    4.8344950675964355,
    2.350322723388672,
    0.8115500211715698,
    0.3474370837211609,
    0.29255688190460205,
    0.4356629252433777,
    0.5033384561538696,
    0.9281895160675049,
    0.7230898141860962,
    0.614510715007782,
    0.4905053377151489,
    0.4728560745716095,
    0.6585395336151123,
    0.8422222137451172,
    0.590765118598938
  ],
  "val_accs": [
    0.7373737373737373,
    0.7272727272727273,
    0.7272727272727273,
    0.7272727272727273,
    0.7272727272727273,
    0.7272727272727273,
    0.7575757575757576,
    0.8484848484848485,
    0.8282828282828283,
    0.8585858585858586,
    0.8484848484848485,
    0.8282828282828283,
    0.8282828282828283,
    0.8080808080808081,
    0.8282828282828283,
    0.8888888888888888,
    0.8383838383838383,
    0.7575757575757576,
    0.7171717171717171,
    0.8383838383838383
  ],
  "epoch_times_sec": [
    1.0813500881195068,
    0.6667413711547852,
    0.6244888305664062,
    0.5843837261199951,
    0.5892860889434814,
    0.5867457389831543,
    0.5883560180664062,
    0.6084237098693848,
    0.5850851535797119,
    0.5942032337188721,
    0.5978643894195557,
    0.5781698226928711,
    0.6484851837158203,
    0.6236612796783447,
    0.635261058807373,
    0.6285543441772461,
    0.6645195484161377,
    0.6711177825927734,
    0.5621089935302734,
    0.6155061721801758
  ],
  "total_train_sec": 13.151083946228027,
  "early_stop": {
    "enabled": true,
    "monitor": "val_loss",
    "best_epoch": 9,
    "best_value": 0.29255688190460205
  }
}