{
  "run_name": "fold_3",
  "train_losses": [
    0.3495173354943593,
    0.19368540247281393,
    0.11004534860452016,
    0.06764294331272443,
    0.05110567373534044,
    0.03566579023996989,
    0.033089389403661094,
    0.032946898291508354,
    0.015562220787008604,
    0.024701176521678764,
    0.016853303648531437,
    0.02090919017791748,
    0.00985194214930137,
    0.009172912531842789,
    0.004392049430559079,
    0.008938476908951998,
    0.00488659266072015,
    0.006963503896258771,
    0.0015889523201622069,
    0.0032753501436673105,
    0.003314432241798689,
    0.0007681951974518597
  ],
  "val_losses": [
    0.3194281756877899,
    2.2120654582977295,
    1.3173121213912964,
    1.5114039182662964,
    3.9357433319091797,
    3.3727517127990723,
    1.3614550828933716,
    1.438402771949768,
    1.0639444589614868,
    0.8809537887573242,
    0.2879411578178406,
    0.24844969809055328,
    0.35560640692710876,
    0.27731671929359436,
    0.34490248560905457,
    0.3633579909801483,
    0.3095168173313141,
    0.40029239654541016,
    0.403685986995697,
    0.4025214910507202,
    0.3214758336544037,
    0.2842540144920349
  ],
  "val_accs": [
    0.47,
    0.73,
    0.77,
    0.76,
    0.73,
    0.77,
    0.79,
    0.76,
    0.79,
    0.84,
    0.92,
    0.88,
    0.81,
    0.84,
    0.82,
    0.82,
    0.91,
    0.87,
    0.85,
    0.84,
    0.89,
    0.88
  ],
  "epoch_times_sec": [
    1.043259859085083,
    0.5701332092285156,
    0.5608487129211426,
    0.5628359317779541,
    0.6224172115325928,
    0.5896289348602295,
    0.5661499500274658,
    0.5684676170349121,
    0.5686244964599609,
    0.5626304149627686,
    0.5922811031341553,
    0.5932018756866455,
    0.5652313232421875,
    0.5995123386383057,
    0.5953576564788818,
    0.5619454383850098,
    0.6521279811859131,
    0.5920634269714355,
    0.6604866981506348,
    0.6660003662109375,
    0.6453189849853516,
    0.5893723964691162
  ],
  "total_train_sec": 13.968608140945435,
  "early_stop": {
    "enabled": true,
    "monitor": "val_loss",
    "best_epoch": 11,
    "best_value": 0.24844969809055328
  }
}