{
  "run_name": "fold_0",
  "train_losses": [
    0.3458652098973592,
    0.1944553554058075,
    0.13751579821109772,
    0.10051402201255162,
    0.05419705808162689,
    0.03355741500854492,
    0.029667899012565613,
    0.021735054751237232,
    0.019684339252611,
    0.008685117432226738,
    0.009743627781669298
  ],
  "val_losses": [
    0.3325481712818146,
    1.113996982574463,
    1.4507980346679688,
    3.3403451442718506,
    2.690145254135132,
    2.450861692428589,
    2.944448709487915,
    1.6527471542358398,
    0.9763087034225464,
    1.0448893308639526,
    1.0490223169326782
  ],
  "val_accs": [
    0.59,
    0.74,
    0.8,
    0.76,
    0.74,
    0.74,
    0.74,
    0.78,
    0.8,
    0.81,
    0.81
  ],
  "epoch_times_sec": [
    1.4253268241882324,
    0.5806894302368164,
    0.6303386688232422,
    0.6816344261169434,
    0.6761233806610107,
    0.6723592281341553,
    0.6829214096069336,
    0.5765182971954346,
    0.5815212726593018,
    0.596623420715332,
    0.5940039157867432
  ],
  "total_train_sec": 7.893156051635742,
  "early_stop": {
    "enabled": true,
    "monitor": "val_loss",
    "best_epoch": 0,
    "best_value": 0.3325481712818146
  }
}