{
  "run_name": "fold_2",
  "train_losses": [
    0.3327053685983022,
    0.20513650278250375,
    0.1650858223438263,
    0.0831811527411143,
    0.05578004072109858,
    0.04163610811034838,
    0.024277386566003162,
    0.02455959344903628,
    0.025926970255871613,
    0.018895805813372135,
    0.012288458334902922,
    0.008532884220282236,
    0.008880893001332879,
    0.005214523368825515,
    0.00389041262678802,
    0.003831923163185517,
    0.0015569146683750053,
    0.0009340945786486069,
    0.0010268143572223682,
    0.0022930652873280146,
    0.0021844292835642896,
    0.0008131286109952877,
    0.0008719311250994602,
    0.0006723246187902987,
    0.0010938311655384798,
    0.0010045996750704944
  ],
  "val_losses": [
    0.901293158531189,
    2.9218738079071045,
    4.145808219909668,
    1.8044391870498657,
    1.8230953216552734,
    1.063983678817749,
    0.6941830515861511,
    0.5631434321403503,
    0.578368067741394,
    0.47853776812553406,
    0.42911115288734436,
    0.4261157214641571,
    0.3801071047782898,
    0.3610646426677704,
    0.34544432163238525,
    0.33932891488075256,
    0.3439486622810364,
    0.35227638483047485,
    0.3647562265396118,
    0.37727606296539307,
    0.3853929936885834,
    0.38175588846206665,
    0.4121297299861908,
    0.4521936774253845,
    0.47013410925865173,
    0.4820399284362793
  ],
  "val_accs": [
    0.73,
    0.73,
    0.73,
    0.74,
    0.78,
    0.87,
    0.82,
    0.84,
    0.87,
    0.84,
    0.91,
    0.84,
    0.86,
    0.88,
    0.89,
    0.89,
    0.9,
    0.9,
    0.9,
    0.91,
    0.9,
    0.92,
    0.91,
    0.91,
    0.92,
    0.93
  ],
  "epoch_times_sec": [
    0.9793715476989746,
    0.5708434581756592,
    0.6084997653961182,
    0.619701623916626,
    0.6672224998474121,
    0.6253588199615479,
    0.627730131149292,
    0.5668399333953857,
    0.5798256397247314,
    0.5465095043182373,
    0.5844109058380127,
    0.6134335994720459,
    0.5813639163970947,
    0.5547504425048828,
    0.5906414985656738,
    0.5543344020843506,
    0.6608784198760986,
    0.6669018268585205,
    0.5708703994750977,
    0.5809841156005859,
    0.620795726776123,
    0.5812814235687256,
    0.5764157772064209,
    0.5856845378875732,
    0.6771416664123535,
    0.571448802947998
  ],
  "total_train_sec": 16.571762800216675,
  "early_stop": {
    "enabled": true,
    "monitor": "val_loss",
    "best_epoch": 15,
    "best_value": 0.33932891488075256
  }
}