{
  "data_flag": "breastmnist",
  "num_classes": 2,
  "class_names": [
    "malignant",
    "normal, benign"
  ],
  "is_ensemble": false,
  "metrics": {
    "accuracy": 0.5,
    "balanced_accuracy": 0.5827067669172932,
    "auc": 0.7038429406850459
  },
  "confusion_matrix": [
    [
      32,
      10
    ],
    [
      68,
      46
    ]
  ],
  "counts": {
    "n_samples": 156
  },
  "timing": {
    "eval_wall_sec": 0.4003124237060547,
    "throughput_img_per_s": 389.6956246218059,
    "latency_ms_per_img": 2.5661052801670174
  }
}