{
  "data_flag": "breastmnist",
  "num_classes": 2,
  "class_names": [
    "malignant",
    "normal, benign"
  ],
  "is_ensemble": false,
  "metrics": {
    "accuracy": 0.8461538461538461,
    "balanced_accuracy": 0.8646616541353384,
    "auc": 0.9404761904761905
  },
  "confusion_matrix": [
    [
      38,
      4
    ],
    [
      20,
      94
    ]
  ],
  "counts": {
    "n_samples": 156
  },
  "timing": {
    "eval_wall_sec": 0.23344683647155762,
    "throughput_img_per_s": 668.2463654589147,
    "latency_ms_per_img": 1.496454079945882
  }
}