{
  "data_flag": "breastmnist",
  "num_classes": 2,
  "class_names": [
    "malignant",
    "normal, benign"
  ],
  "is_ensemble": false,
  "metrics": {
    "accuracy": 0.8910256410256411,
    "balanced_accuracy": 0.850250626566416,
    "auc": 0.8880534670008355
  },
  "confusion_matrix": [
    [
      32,
      10
    ],
    [
      7,
      107
    ]
  ],
  "counts": {
    "n_samples": 156
  },
  "timing": {
    "eval_wall_sec": 0.2370154857635498,
    "throughput_img_per_s": 658.1848417939574,
    "latency_ms_per_img": 1.519330036945832
  }
}