{
  "data_flag": "breastmnist",
  "num_classes": 2,
  "class_names": [
    "malignant",
    "normal, benign"
  ],
  "is_ensemble": false,
  "metrics": {
    "accuracy": 0.8461538461538461,
    "balanced_accuracy": 0.8120300751879699,
    "auc": 0.8757309941520468
  },
  "confusion_matrix": [
    [
      31,
      11
    ],
    [
      13,
      101
    ]
  ],
  "counts": {
    "n_samples": 156
  },
  "timing": {
    "eval_wall_sec": 0.23272705078125,
    "throughput_img_per_s": 670.3131392604249,
    "latency_ms_per_img": 1.4918400691105769
  }
}