{
  "data_flag": "breastmnist",
  "num_classes": 2,
  "class_names": [
    "malignant",
    "normal, benign"
  ],
  "is_ensemble": true,
  "metrics": {
    "accuracy": 0.8910256410256411,
    "balanced_accuracy": 0.8728070175438596,
    "auc": 0.9210526315789475
  },
  "confusion_matrix": [
    [
      35,
      7
    ],
    [
      10,
      104
    ]
  ],
  "counts": {
    "n_samples": 156
  },
  "timing": {
    "eval_wall_sec": 0.33255553245544434,
    "throughput_img_per_s": 469.09458654367995,
    "latency_ms_per_img": 2.131766233688746
  }
}