{
  "run_name": "fold_4",
  "train_losses": [
    1.3363030443746577,
    1.177472528200301,
    1.1031364895048597,
    1.0472770986733613,
    0.993433955043712,
    0.945419466684735,
    0.8910393578665597,
    0.8321431434974469,
    0.7689446518030116,
    0.7002410244689417,
    0.6352337585555182,
    0.5734492139841514,
    0.5181562417083316,
    0.47065911813387795,
    0.4373292821582663,
    0.4005151945920218,
    0.3777454025373257
  ],
  "val_losses": [
    1.681677451616601,
    1.3869358849424853,
    1.2205717752251444,
    1.3995228019947743,
    1.1171900939337815,
    1.3192952881382487,
    1.0100257019453411,
    1.1348750012836375,
    2.746296482247139,
    1.1276700833678748,
    1.3110468883051651,
    1.246450068326942,
    1.3547763691169803,
    2.082687636467978,
    1.5238324469151878,
    1.6630150826671455,
    3.4296654819939207
  ],
  "val_accs": [
    0.3588709677419355,
    0.5019169751454257,
    0.6023268112109995,
    0.5181451612903226,
    0.6219262295081968,
    0.6141591750396616,
    0.6403027498677948,
    0.6207033315705975,
    0.2699299312533051,
    0.6697514542570069,
    0.6470452141723956,
    0.6793693812797462,
    0.6786422527763089,
    0.5769764674775251,
    0.6702802749867794,
    0.6652564780539397,
    0.48565573770491804
  ],
  "epoch_times_sec": [
    120.87695860862732,
    95.29882168769836,
    95.46464490890503,
    94.84955978393555,
    94.8204071521759,
    94.52722072601318,
    95.12912917137146,
    94.71990919113159,
    95.10814428329468,
    95.15717577934265,
    94.95272493362427,
    95.11131858825684,
    94.87289929389954,
    95.2183210849762,
    94.72610545158386,
    94.99222946166992,
    95.00743198394775
  ],
  "total_train_sec": 1641.44912815094,
  "early_stop": {
    "enabled": true,
    "monitor": "val_loss",
    "best_epoch": 6,
    "best_value": 1.0100257019453411
  }
}