{
  "run_name": "fold_0",
  "train_losses": [
    1.3426392607587987,
    1.177743782000567,
    1.1043444261349067,
    1.0487119822905808,
    1.0018374092995175,
    0.9506761740124415,
    0.8951552713989581,
    0.8407207490905882,
    0.7724735698371968,
    0.7073733909420236,
    0.6427038504017724,
    0.5771165147975639,
    0.5256323146756995,
    0.4842330629863436,
    0.4418509606015745,
    0.4104452468888469,
    0.3895324711919462,
    0.36439100158593013
  ],
  "val_losses": [
    1.3927296596237375,
    1.3150220973582207,
    1.4764046679066203,
    1.117442114695215,
    1.2925314354997144,
    1.163749406609354,
    1.1779843694550076,
    1.0295927486842191,
    1.6697560805308669,
    1.3194496143719314,
    1.443760320607117,
    2.1090411732468426,
    1.5099278358970514,
    1.535646662933414,
    1.373754561450411,
    2.1934887336779245,
    1.7265342313026073,
    1.4643996189415203
  ],
  "val_accs": [
    0.5966883696334733,
    0.5123773011204019,
    0.48752354826982186,
    0.6085533926033645,
    0.6089499950424695,
    0.5714380143437883,
    0.596589219023697,
    0.6467924777737383,
    0.611792312522722,
    0.6007204944310407,
    0.5751396371087683,
    0.6337045972832733,
    0.6051492216677132,
    0.6153947846779257,
    0.6537991208645934,
    0.589714776745877,
    0.5610272003172819,
    0.6372409690319596
  ],
  "epoch_times_sec": [
    123.42567014694214,
    95.3699471950531,
    94.96096420288086,
    94.64091277122498,
    96.0163631439209,
    95.84611558914185,
    95.24721956253052,
    95.33328151702881,
    95.00288271903992,
    94.92091917991638,
    94.92612171173096,
    95.21713042259216,
    95.01062846183777,
    95.53856229782104,
    97.30139708518982,
    97.14199113845825,
    96.64024710655212,
    96.48232555389404
  ],
  "total_train_sec": 1749.5238630771637,
  "early_stop": {
    "enabled": true,
    "monitor": "val_loss",
    "best_epoch": 7,
    "best_value": 1.0295927486842191
  }
}