{
  "run_name": "fold_3",
  "train_losses": [
    1.3411738912895244,
    1.1738429119347265,
    1.102009978370061,
    1.0424399620641476,
    0.9897615648451306,
    0.9424529469833172,
    0.8891594264242384,
    0.8292134539160149,
    0.7676458269830734,
    0.700722262373677,
    0.6327412356775274,
    0.5728568321813351,
    0.5174903050616936,
    0.4719207345020203,
    0.44352319038734234,
    0.4080439144183719,
    0.37938099968685673,
    0.3605087993952332
  ],
  "val_losses": [
    1.370425315345893,
    2.112462968765935,
    2.303430326880282,
    1.833201786636803,
    1.5637571489760644,
    1.4069905738790327,
    1.2924514598987273,
    1.122636562912776,
    1.2170043974989073,
    1.5705230183239225,
    1.387689340215192,
    1.289184385211156,
    2.0858924066970115,
    1.6735525719727142,
    1.6524020440970795,
    1.5186922167926902,
    1.995361984027589,
    2.394766698909711
  ],
  "val_accs": [
    0.5485011732822157,
    0.43586608057639553,
    0.2599398486300691,
    0.3803417391016955,
    0.5423207852728295,
    0.5450970023465644,
    0.5729913738969494,
    0.6356876094787983,
    0.635588458869022,
    0.49800046270284565,
    0.5834352381267145,
    0.5959943153650394,
    0.5451631027530819,
    0.6247810424034108,
    0.6098423505304558,
    0.6582939485077833,
    0.6239878375252008,
    0.5990018838615857
  ],
  "epoch_times_sec": [
    121.72806811332703,
    95.54983806610107,
    95.15971946716309,
    95.2546648979187,
    95.46948957443237,
    94.93697881698608,
    95.05998730659485,
    95.29478740692139,
    95.23422288894653,
    95.39505505561829,
    95.28813195228577,
    95.2367434501648,
    95.43492841720581,
    95.37147736549377,
    95.0840060710907,
    95.08552074432373,
    95.17372679710388,
    95.3015558719635
  ],
  "total_train_sec": 1741.5916948318481,
  "early_stop": {
    "enabled": true,
    "monitor": "val_loss",
    "best_epoch": 7,
    "best_value": 1.122636562912776
  }
}