{
  "run_name": "fold_2",
  "train_losses": [
    1.343696378021644,
    1.1830261955185541,
    1.1077500734379682,
    1.0546025978194342,
    1.0052530813469458,
    0.9541411237111167,
    0.8992826446654305,
    0.8439169035386787,
    0.7820414103528179,
    0.7169677823308914,
    0.6485458874828601,
    0.5847975279603685,
    0.530064435074569,
    0.4855845628907441,
    0.44701357370331174,
    0.41447658825803685,
    0.3924265762170156,
    0.36372820536295575,
    0.34387507184788035,
    0.3224474497100033
  ],
  "val_losses": [
    1.2642009140066959,
    1.3562501945576084,
    1.1779944547118013,
    1.2023685006149711,
    1.2314314366895942,
    2.075371045100538,
    1.0802556726499952,
    1.2622951000048641,
    2.0628154670135883,
    1.0693890661126955,
    2.14629250890595,
    1.387323803288021,
    1.6535247016053662,
    1.5063585500676924,
    1.5516811035856415,
    1.6924015185501002,
    1.623153293686074,
    1.8021999683058212,
    1.5018987698394035,
    2.3815591551583526
  ],
  "val_accs": [
    0.49122517103480184,
    0.46868493241233433,
    0.5885910698350795,
    0.6057771755296295,
    0.6022077535776845,
    0.3582642033248504,
    0.6167167928082757,
    0.6071322338632382,
    0.38777803483491424,
    0.6745876987143471,
    0.4259510195987705,
    0.6625243745249033,
    0.6257725485011733,
    0.6915755031893446,
    0.6459001222857521,
    0.6036619625210695,
    0.6668209009485409,
    0.6204845159797733,
    0.6672175033876458,
    0.527712595432462
  ],
  "epoch_times_sec": [
    121.95561909675598,
    95.08838129043579,
    95.45720934867859,
    95.0495171546936,
    95.22250890731812,
    95.0478401184082,
    96.59590864181519,
    95.0333502292633,
    94.98497867584229,
    94.99119544029236,
    94.72890830039978,
    95.10312151908875,
    94.82123565673828,
    96.33221316337585,
    95.17424416542053,
    95.03579258918762,
    94.98351097106934,
    95.09086871147156,
    94.98181915283203,
    95.36035394668579
  ],
  "total_train_sec": 1931.637246131897,
  "early_stop": {
    "enabled": true,
    "monitor": "val_loss",
    "best_epoch": 9,
    "best_value": 1.0693890661126955
  }
}