{
  "run_name": "fold_1",
  "train_losses": [
    1.34813044386566,
    1.1770881423874506,
    1.1078064200739381,
    1.0508307942637691,
    0.9971542147732285,
    0.9505963326131225,
    0.8960009982346226,
    0.833690588941019,
    0.7702616380005286,
    0.703760853740904,
    0.6396796286421478,
    0.5779292554451675,
    0.5286512387808038,
    0.48079660947991426,
    0.4457146742198833,
    0.4207014628030636
  ],
  "val_losses": [
    1.3104770379730417,
    1.4053360037662812,
    1.2893847199431954,
    1.796787792117284,
    1.1666964498753285,
    1.040571592025113,
    1.0452008607015328,
    1.2103718810946629,
    1.5052674239194845,
    1.4897270124672837,
    1.4677817222941274,
    1.5854753343867853,
    1.4471510975672726,
    2.0959624570130297,
    1.500320621180635,
    1.841884991790675
  ],
  "val_accs": [
    0.555606966982847,
    0.4360313315926893,
    0.5259939848630069,
    0.3678818124731467,
    0.5818488283702945,
    0.6204845159797733,
    0.639951085699177,
    0.621575172687312,
    0.5161119740886406,
    0.6245166407773408,
    0.613775324718247,
    0.569752453977592,
    0.6185676041907657,
    0.46775952672108934,
    0.6525101629375021,
    0.5378259576296395
  ],
  "epoch_times_sec": [
    120.89166307449341,
    95.0163345336914,
    95.29669260978699,
    94.68867230415344,
    94.78056454658508,
    94.94215369224548,
    95.34096550941467,
    94.97152280807495,
    94.85876965522766,
    94.73419141769409,
    95.12215280532837,
    95.15257835388184,
    94.7035083770752,
    94.6309871673584,
    94.87208533287048,
    94.82964253425598
  ],
  "total_train_sec": 1545.3301351070404,
  "early_stop": {
    "enabled": true,
    "monitor": "val_loss",
    "best_epoch": 5,
    "best_value": 1.040571592025113
  }
}