{
  "data_flag": "tissuemnist",
  "num_classes": 8,
  "class_names": [
    "Collecting Duct, Connecting Tubule",
    "Distal Convoluted Tubule",
    "Glomerular endothelial cells",
    "Interstitial endothelial cells",
    "Leukocytes",
    "Podocytes",
    "Proximal Tubule Segments",
    "Thick Ascending Limb"
  ],
  "is_ensemble": false,
  "metrics": {
    "accuracy": 0.6737098138747885,
    "balanced_accuracy": 0.6230425525136734,
    "auc": 0.9344947572208879
  },
  "confusion_matrix": [
    [
      11853,
      1427,
      95,
      292,
      158,
      131,
      793,
      416
    ],
    [
      622,
      1184,
      40,
      41,
      41,
      25,
      180,
      100
    ],
    [
      14,
      20,
      1238,
      74,
      77,
      247,
      1,
      6
    ],
    [
      165,
      118,
      465,
      2967,
      418,
      175,
      60,
      34
    ],
    [
      153,
      123,
      397,
      520,
      1861,
      169,
      99,
      47
    ],
    [
      82,
      30,
      797,
      144,
      71,
      1012,
      36,
      30
    ],
    [
      1206,
      405,
      96,
      431,
      223,
      195,
      7954,
      691
    ],
    [
      1282,
      662,
      43,
      166,
      124,
      85,
      885,
      3784
    ]
  ],
  "counts": {
    "n_samples": 47280
  },
  "timing": {
    "eval_wall_sec": 13.946206092834473,
    "throughput_img_per_s": 3390.1693181124256,
    "latency_ms_per_img": 0.29497051803795415
  }
}