{
  "data_flag": "tissuemnist",
  "num_classes": 8,
  "class_names": [
    "Collecting Duct, Connecting Tubule",
    "Distal Convoluted Tubule",
    "Glomerular endothelial cells",
    "Interstitial endothelial cells",
    "Leukocytes",
    "Podocytes",
    "Proximal Tubule Segments",
    "Thick Ascending Limb"
  ],
  "is_ensemble": false,
  "metrics": {
    "accuracy": 0.6414340101522843,
    "balanced_accuracy": 0.621073190439435,
    "auc": 0.930250934747599
  },
  "confusion_matrix": [
    [
      9923,
      1247,
      61,
      442,
      325,
      239,
      714,
      2214
    ],
    [
      412,
      1020,
      30,
      68,
      65,
      42,
      103,
      493
    ],
    [
      2,
      9,
      1005,
      120,
      181,
      345,
      1,
      14
    ],
    [
      58,
      47,
      214,
      3014,
      669,
      276,
      40,
      84
    ],
    [
      61,
      57,
      181,
      467,
      2197,
      226,
      71,
      109
    ],
    [
      23,
      14,
      538,
      163,
      136,
      1240,
      24,
      64
    ],
    [
      632,
      322,
      34,
      382,
      339,
      328,
      6388,
      2776
    ],
    [
      458,
      222,
      19,
      143,
      183,
      166,
      300,
      5540
    ]
  ],
  "counts": {
    "n_samples": 47280
  },
  "timing": {
    "eval_wall_sec": 28.04649567604065,
    "throughput_img_per_s": 1685.772103086305,
    "latency_ms_per_img": 0.5931999931480679
  }
}