{
  "run_name": "fold_1",
  "train_losses": [
    0.36325276891390484,
    0.19632845123608908,
    0.05858244746923447,
    0.019163325894623995,
    0.011997391004115343,
    0.0054246171688040095,
    0.003985479318847259,
    0.001469108082043628,
    0.0009592536371201277,
    0.000859288809200128,
    0.0008206896794339021,
    0.00044223466344798606,
    0.00030309798118347925,
    0.00023160226798305908,
    0.00022891910824303827,
    0.00020229418684418002,
    0.00017311377450823784,
    0.00015502132979842523,
    0.00015705389766177783,
    0.0001411185075994581,
    0.00013273709191707894,
    9.854378246624644e-05,
    0.00011855547927552834,
    0.00010326159826945513,
    0.0001166948932223022,
    8.82713405493026e-05,
    9.152553199479978e-05,
    0.00011173782695550472,
    8.107192358390118e-05
  ],
  "val_losses": [
    1.2441372871398926,
    3.252997875213623,
    0.9694098234176636,
    0.5425302982330322,
    0.8476159572601318,
    0.600085437297821,
    0.4790756106376648,
    0.5409753322601318,
    0.5297408699989319,
    0.5018512606620789,
    0.47119787335395813,
    0.43886879086494446,
    0.4064517021179199,
    0.3726355731487274,
    0.34096938371658325,
    0.3166887164115906,
    0.30080369114875793,
    0.29507914185523987,
    0.2916010022163391,
    0.29529261589050293,
    0.3037048578262329,
    0.31175005435943604,
    0.3198223412036896,
    0.3273822069168091,
    0.33487188816070557,
    0.33809953927993774,
    0.34178829193115234,
    0.34446096420288086,
    0.34398677945137024
  ],
  "val_accs": [
    0.73,
    0.73,
    0.75,
    0.82,
    0.82,
    0.84,
    0.87,
    0.86,
    0.88,
    0.89,
    0.9,
    0.9,
    0.9,
    0.88,
    0.89,
    0.88,
    0.88,
    0.88,
    0.87,
    0.88,
    0.88,
    0.88,
    0.88,
    0.89,
    0.9,
    0.9,
    0.9,
    0.9,
    0.9
  ],
  "epoch_times_sec": [
    1.128612995147705,
    0.58819580078125,
    0.5793857574462891,
    0.5863337516784668,
    0.5991535186767578,
    0.6356630325317383,
    0.6741752624511719,
    0.6396992206573486,
    0.6766586303710938,
    0.601038932800293,
    0.6382827758789062,
    0.6803925037384033,
    0.6974027156829834,
    0.5937702655792236,
    0.5863370895385742,
    0.6826553344726562,
    0.6664197444915771,
    0.5610651969909668,
    0.6963803768157959,
    0.6568527221679688,
    0.5877242088317871,
    0.689251184463501,
    0.5992565155029297,
    0.5941684246063232,
    0.601409912109375,
    0.6367652416229248,
    0.6621072292327881,
    0.6845605373382568,
    0.6832027435302734
  ],
  "total_train_sec": 19.565771102905273,
  "early_stop": {
    "enabled": true,
    "monitor": "val_loss",
    "best_epoch": 18,
    "best_value": 0.2916010022163391
  }
}