{
  "run_name": "fold_3",
  "train_losses": [
    0.3591366807619731,
    0.15419788658618927,
    0.05631632109483083,
    0.010183106797436873,
    0.004482160399978359,
    0.0026680156588554382,
    0.002406237297691405,
    0.0007500028198895355,
    0.000446702567084382,
    0.00041526355198584497,
    0.0003839209384750575,
    0.0003254366941594829,
    0.000256526861145782,
    0.0002406823526447018,
    0.00017031330692892274,
    0.0001698941778158769,
    0.00011581218132050708,
    0.00010898333372703443,
    9.699080207307513e-05,
    9.095564989062647e-05,
    0.0001102286017461059,
    9.59666043248338e-05,
    7.096396439010277e-05,
    7.6364633666041e-05
  ],
  "val_losses": [
    0.26190075278282166,
    1.8317463397979736,
    1.6716251373291016,
    2.7309038639068604,
    2.652869462966919,
    1.6014904975891113,
    0.7031030058860779,
    0.41276612877845764,
    0.30123332142829895,
    0.24932503700256348,
    0.22533829510211945,
    0.2136678248643875,
    0.21291781961917877,
    0.21210269629955292,
    0.21261093020439148,
    0.21413111686706543,
    0.21733736991882324,
    0.22155864536762238,
    0.22894740104675293,
    0.2338053435087204,
    0.24269498884677887,
    0.24839642643928528,
    0.2530632019042969,
    0.25948449969291687
  ],
  "val_accs": [
    0.73,
    0.74,
    0.76,
    0.73,
    0.73,
    0.75,
    0.83,
    0.87,
    0.89,
    0.89,
    0.91,
    0.91,
    0.91,
    0.91,
    0.92,
    0.91,
    0.91,
    0.93,
    0.92,
    0.92,
    0.91,
    0.91,
    0.91,
    0.9
  ],
  "epoch_times_sec": [
    1.0650889873504639,
    0.6842458248138428,
    0.5758349895477295,
    0.6814885139465332,
    0.6504108905792236,
    0.6414439678192139,
    0.5830421447753906,
    0.6448378562927246,
    0.5936501026153564,
    0.6361165046691895,
    0.5842888355255127,
    0.6009557247161865,
    0.6933155059814453,
    0.6984760761260986,
    0.602952241897583,
    0.6322133541107178,
    0.6783127784729004,
    0.5941057205200195,
    0.583543062210083,
    0.6531078815460205,
    0.6995086669921875,
    0.6003067493438721,
    0.6359472274780273,
    0.618330717086792
  ],
  "total_train_sec": 16.10296130180359,
  "early_stop": {
    "enabled": true,
    "monitor": "val_loss",
    "best_epoch": 13,
    "best_value": 0.21210269629955292
  }
}