{
  "run_name": "fold_2",
  "train_losses": [
    0.3910140295823415,
    0.1698091079791387,
    0.05547100926438967,
    0.03157197932402293,
    0.007882278567800919,
    0.006577264827986558,
    0.003621838055551052,
    0.0027260471445818744,
    0.0014130911246562998,
    0.0012574554809058707,
    0.0007994806316370765,
    0.000624304210456709,
    0.0005022415037577351,
    0.000444053274501736,
    0.0004011878724365185,
    0.0003361536849600573,
    0.00031087116318910074,
    0.00024343774809191623,
    0.00022518785165933272,
    0.0002535098562172304,
    0.0002784800890367478,
    0.00021739499061368406,
    0.0001549024018459022,
    0.00014892916563743105
  ],
  "val_losses": [
    0.4448423683643341,
    1.5407369136810303,
    0.9913066029548645,
    0.6524838805198669,
    0.5441182851791382,
    0.441385954618454,
    0.3123408257961273,
    0.25320324301719666,
    0.24671928584575653,
    0.22213393449783325,
    0.20084647834300995,
    0.181157186627388,
    0.16977408528327942,
    0.1617506444454193,
    0.16260352730751038,
    0.16808204352855682,
    0.18136249482631683,
    0.19709129631519318,
    0.213581383228302,
    0.23284022510051727,
    0.2534583508968353,
    0.2743256986141205,
    0.2980140745639801,
    0.3157634735107422
  ],
  "val_accs": [
    0.77,
    0.73,
    0.73,
    0.81,
    0.83,
    0.88,
    0.85,
    0.89,
    0.87,
    0.9,
    0.9,
    0.91,
    0.91,
    0.92,
    0.91,
    0.9,
    0.9,
    0.91,
    0.9,
    0.89,
    0.89,
    0.89,
    0.9,
    0.9
  ],
  "epoch_times_sec": [
    1.1599130630493164,
    0.6245639324188232,
    0.6553187370300293,
    0.667611837387085,
    0.5820600986480713,
    0.6013236045837402,
    0.6785521507263184,
    0.6663808822631836,
    0.6341471672058105,
    0.652209997177124,
    0.5872130393981934,
    0.6696383953094482,
    0.7318980693817139,
    0.6694331169128418,
    0.6212785243988037,
    0.6240031719207764,
    0.6159770488739014,
    0.6810407638549805,
    0.6457443237304688,
    0.6702911853790283,
    0.6765058040618896,
    0.6676645278930664,
    0.5894591808319092,
    0.5749540328979492
  ],
  "total_train_sec": 16.47558856010437,
  "early_stop": {
    "enabled": true,
    "monitor": "val_loss",
    "best_epoch": 13,
    "best_value": 0.1617506444454193
  }
}