{
  "run_name": "fold_4",
  "train_losses": [
    0.3393224875132243,
    0.18982150653998056,
    0.04152544463674227,
    0.028200577323635418,
    0.021614098610977333,
    0.004204825963824987,
    0.003858360384280483,
    0.002443732072909673,
    0.0014374689005004864,
    0.001064299838617444,
    0.0006685765110887587,
    0.0004938527126796544,
    0.0003765975513185064,
    0.00047801423352211714,
    0.00023316366908450922,
    0.00021004070489046475,
    0.00023818914390479526,
    0.00015236392694835862,
    0.0001632013979057471
  ],
  "val_losses": [
    2.348086357116699,
    2.7035250663757324,
    2.928769588470459,
    2.220716953277588,
    1.865644097328186,
    1.3404451608657837,
    0.5088845491409302,
    0.1911429464817047,
    0.16090604662895203,
    0.16421687602996826,
    0.1701216697692871,
    0.178903728723526,
    0.191813126206398,
    0.21534447371959686,
    0.2357761114835739,
    0.25405845046043396,
    0.2673904299736023,
    0.2764669358730316,
    0.28188979625701904
  ],
  "val_accs": [
    0.7272727272727273,
    0.7272727272727273,
    0.7272727272727273,
    0.7272727272727273,
    0.7272727272727273,
    0.7575757575757576,
    0.8181818181818182,
    0.9090909090909091,
    0.8787878787878788,
    0.8787878787878788,
    0.8888888888888888,
    0.8888888888888888,
    0.8888888888888888,
    0.898989898989899,
    0.898989898989899,
    0.898989898989899,
    0.898989898989899,
    0.898989898989899,
    0.898989898989899
  ],
  "epoch_times_sec": [
    1.1404125690460205,
    0.6887643337249756,
    0.6901600360870361,
    0.6816201210021973,
    0.6689717769622803,
    0.6732709407806396,
    0.5687932968139648,
    0.6420066356658936,
    0.6871185302734375,
    0.6349382400512695,
    0.583136796951294,
    0.7130305767059326,
    0.6405346393585205,
    0.6560626029968262,
    0.6603689193725586,
    0.6493330001831055,
    0.6292023658752441,
    0.6117217540740967,
    0.659430980682373
  ],
  "total_train_sec": 13.34132981300354,
  "early_stop": {
    "enabled": true,
    "monitor": "val_loss",
    "best_epoch": 8,
    "best_value": 0.16090604662895203
  }
}