{
  "run_name": "fold_0",
  "train_losses": [
    0.36307405432065326,
    0.13920349379380545,
    0.13027151425679526,
    0.06353109578291576,
    0.023823317450781662,
    0.023001108318567276,
    0.006593950092792511,
    0.004712185900037487,
    0.003986755929266413,
    0.0018266709133361776,
    0.001393853531529506,
    0.000940961588639766,
    0.0005926370698337754,
    0.0005983116182809075,
    0.0003769023557348798,
    0.000310505226176853,
    0.00028710601812539,
    0.00025194195526031155,
    0.0005623143224511296,
    0.0002818357170326635,
    0.00018608930016246936,
    0.0001462570702036222,
    0.00017190293389527747
  ],
  "val_losses": [
    1.573364496231079,
    5.232991695404053,
    7.230125427246094,
    6.242203235626221,
    1.273840308189392,
    1.0494115352630615,
    0.9750393629074097,
    0.7653953433036804,
    0.630309522151947,
    0.5468086004257202,
    0.4759855568408966,
    0.436007559299469,
    0.4349234402179718,
    0.4488452076911926,
    0.4605684280395508,
    0.4786701202392578,
    0.48848578333854675,
    0.4921684265136719,
    0.5006057024002075,
    0.5023207068443298,
    0.5023754239082336,
    0.5083536505699158,
    0.5056790113449097
  ],
  "val_accs": [
    0.74,
    0.73,
    0.73,
    0.73,
    0.83,
    0.85,
    0.81,
    0.81,
    0.83,
    0.88,
    0.89,
    0.88,
    0.89,
    0.89,
    0.89,
    0.88,
    0.88,
    0.88,
    0.87,
    0.87,
    0.87,
    0.86,
    0.86
  ],
  "epoch_times_sec": [
    1.714463710784912,
    0.639484167098999,
    0.6907510757446289,
    0.6423816680908203,
    0.5902407169342041,
    0.5978193283081055,
    0.5803771018981934,
    0.6385729312896729,
    0.6296465396881104,
    0.6177349090576172,
    0.5737929344177246,
    0.641242265701294,
    0.683358907699585,
    0.6963546276092529,
    0.6606659889221191,
    0.6645927429199219,
    0.6558797359466553,
    0.6674094200134277,
    0.6031389236450195,
    0.6803934574127197,
    0.6194052696228027,
    0.6671204566955566,
    0.620002031326294
  ],
  "total_train_sec": 16.20306944847107,
  "early_stop": {
    "enabled": true,
    "monitor": "val_loss",
    "best_epoch": 12,
    "best_value": 0.4349234402179718
  }
}