{
  "data_flag": "breastmnist",
  "num_classes": 2,
  "class_names": [
    "malignant",
    "normal, benign"
  ],
  "is_ensemble": true,
  "metrics": {
    "accuracy": 0.9102564102564102,
    "balanced_accuracy": 0.8784461152882206,
    "auc": 0.9519632414369257
  },
  "confusion_matrix": [
    [
      34,
      8
    ],
    [
      6,
      108
    ]
  ],
  "counts": {
    "n_samples": 156
  },
  "timing": {
    "eval_wall_sec": 0.3427596092224121,
    "throughput_img_per_s": 455.12947209241827,
    "latency_ms_per_img": 2.1971769821949496
  }
}