{
  "data_flag": "breastmnist",
  "num_classes": 2,
  "class_names": [
    "malignant",
    "normal, benign"
  ],
  "is_ensemble": false,
  "metrics": {
    "accuracy": 0.8717948717948718,
    "balanced_accuracy": 0.8596491228070176,
    "auc": 0.9279448621553885
  },
  "confusion_matrix": [
    [
      35,
      7
    ],
    [
      13,
      101
    ]
  ],
  "counts": {
    "n_samples": 156
  },
  "timing": {
    "eval_wall_sec": 0.24344372749328613,
    "throughput_img_per_s": 640.8051733610688,
    "latency_ms_per_img": 1.5605367147005522
  }
}