{
  "data_flag": "breastmnist",
  "num_classes": 2,
  "class_names": [
    "malignant",
    "normal, benign"
  ],
  "is_ensemble": false,
  "metrics": {
    "accuracy": 0.8974358974358975,
    "balanced_accuracy": 0.8696741854636592,
    "auc": 0.9204260651629073
  },
  "confusion_matrix": [
    [
      34,
      8
    ],
    [
      8,
      106
    ]
  ],
  "counts": {
    "n_samples": 156
  },
  "timing": {
    "eval_wall_sec": 0.4739680290222168,
    "throughput_img_per_s": 329.13612405845976,
    "latency_ms_per_img": 3.0382565962962613
  }
}