{
  "data_flag": "breastmnist",
  "num_classes": 2,
  "class_names": [
    "malignant",
    "normal, benign"
  ],
  "is_ensemble": false,
  "metrics": {
    "accuracy": 0.8461538461538461,
    "balanced_accuracy": 0.849624060150376,
    "auc": 0.8964076858813701
  },
  "confusion_matrix": [
    [
      36,
      6
    ],
    [
      18,
      96
    ]
  ],
  "counts": {
    "n_samples": 156
  },
  "timing": {
    "eval_wall_sec": 0.24109125137329102,
    "throughput_img_per_s": 647.0579048862254,
    "latency_ms_per_img": 1.5454567395723784
  }
}