{
  "run_name": "fold_2",
  "train_losses": [
    0.2684073088242224,
    0.09786830301379303,
    0.07413918003698604,
    0.05877253597524638,
    0.04310329203575815,
    0.05528835968558538,
    0.044944317702579104,
    0.02855138070137602,
    0.03683809470493105,
    0.029950174437814253,
    0.022690583331697982,
    0.02483816279763468,
    0.02681124435885404,
    0.022275746412021732,
    0.02161489519561723,
    0.016120041755736263,
    0.017406322516021814,
    0.018888140715716872,
    0.017421708540294074,
    0.016535675356526218,
    0.020664367419629816,
    0.01211867524613842,
    0.011247437190090918,
    0.025214392343143658,
    0.008819985859241165,
    0.02335667657829348,
    0.01763271025474414,
    0.01154948881877418,
    0.019589556542187993,
    0.009486721031037261,
    0.009189373784684667,
    0.00950350276067453
  ],
  "val_losses": [
    0.25797249873479206,
    0.21785829750889982,
    0.08494178057406787,
    0.029737691412231437,
    0.045365951858305685,
    0.12744205110464935,
    0.03309611520402272,
    0.019914580619014386,
    0.018125259464054747,
    0.020453354778173553,
    0.03223701877437567,
    0.02242924698751907,
    0.016382047018312192,
    0.016261011761175555,
    0.04588734075056251,
    0.03493830237830817,
    0.022356316906451765,
    0.01285368924409677,
    0.042695455128085556,
    0.02512407139201295,
    0.01826212623159841,
    0.008129866156440147,
    0.00973522161314543,
    0.013772666843713657,
    0.020818939976581734,
    0.01368937668522213,
    0.015677676975125603,
    0.02407960141782597,
    0.011909947926209564,
    0.010849194744440427,
    0.011837708840192607,
    0.010708234556036419
  ],
  "val_accs": [
    0.9182581018518519,
    0.9603587962962963,
    0.9749710648148148,
    0.9898726851851852,
    0.9856770833333334,
    0.9620949074074074,
    0.9875578703703703,
    0.9940682870370371,
    0.9939236111111112,
    0.9933449074074074,
    0.9897280092592593,
    0.9926215277777778,
    0.9946469907407407,
    0.9959490740740741,
    0.9861111111111112,
    0.9890046296296297,
    0.9945023148148148,
    0.9953703703703703,
    0.9788773148148148,
    0.9920428240740741,
    0.9933449074074074,
    0.9978298611111112,
    0.9972511574074074,
    0.9958043981481481,
    0.9950810185185185,
    0.9965277777777778,
    0.9939236111111112,
    0.9929108796296297,
    0.9965277777777778,
    0.9972511574074074,
    0.9966724537037037,
    0.9965277777777778
  ],
  "epoch_times_sec": [
    43.69803333282471,
    43.440181732177734,
    42.88193345069885,
    43.559958934783936,
    43.09619498252869,
    43.70197415351868,
    43.630290508270264,
    43.01433610916138,
    43.765095472335815,
    43.29568004608154,
    42.9932382106781,
    44.04571723937988,
    43.78453755378723,
    43.58395791053772,
    44.04083251953125,
    43.466567516326904,
    43.27939319610596,
    43.89460062980652,
    43.5573832988739,
    43.22372078895569,
    43.58777713775635,
    43.55304455757141,
    43.345951318740845,
    44.24750995635986,
    43.240087032318115,
    43.95495343208313,
    43.68723678588867,
    43.99434566497803,
    44.13332772254944,
    43.328378200531006,
    43.6728196144104,
    44.41974854469299
  ],
  "total_train_sec": 1395.8504948616028,
  "early_stop": {
    "enabled": true,
    "monitor": "val_loss",
    "best_epoch": 21,
    "best_value": 0.008129866156440147
  }
}