{
  "run_name": "fold_3",
  "train_losses": [
    0.2782830092193628,
    0.11501752460133974,
    0.07254372225832884,
    0.05693123860638244,
    0.050327590974996346,
    0.04322017408277908,
    0.03263602479138946,
    0.03696343102826547,
    0.029204514969023876,
    0.027913549598317197,
    0.02863547619145484,
    0.02421142134725987,
    0.03011774721542477,
    0.02957671065653105,
    0.01899939327321826,
    0.0217452861981184,
    0.02311115715006222,
    0.023620722829137877,
    0.020331060143049667,
    0.011812729131768854,
    0.016316655139942467,
    0.017944140416754333,
    0.01123746626941553,
    0.018687539273000934,
    0.015097458363824343,
    0.01841555815867145,
    0.014566865939337327,
    0.00786393786564885,
    0.010252157934212813,
    0.019677890035988337,
    0.011170476681669513,
    0.008730246951826202,
    0.01859993407540767,
    0.008682273196949676,
    0.00926358537706754,
    0.012352409831961538,
    0.012467869099290747,
    0.008931977869687453
  ],
  "val_losses": [
    0.11997396695531076,
    0.09708357509225607,
    0.10385582816821558,
    0.0400703988702002,
    0.0740043918636662,
    0.044294621659598,
    0.028229302041129105,
    0.040604838722006036,
    0.0172958018741122,
    0.030735328521889944,
    0.015750297056338576,
    0.03114827252984806,
    0.019597050065554126,
    0.023960866915769184,
    0.016604535145301337,
    0.013615735653190684,
    0.0285709778911917,
    0.028041259061191575,
    0.015833917235054455,
    0.016260650034045858,
    0.017374080519840827,
    0.013957695545320382,
    0.012151646213573663,
    0.02675621342536437,
    0.013369559436021652,
    0.03650093817634991,
    0.010267873551718501,
    0.0061659243765924895,
    0.03377191356752586,
    0.01580211498633246,
    0.014935198790091683,
    0.07569106173253169,
    0.008972054373804928,
    0.008578771957689713,
    0.013230124487487652,
    0.018004752323055005,
    0.016099962256096962,
    0.015229751502307341
  ],
  "val_accs": [
    0.9590567129629629,
    0.9660011574074074,
    0.9635416666666666,
    0.9859664351851852,
    0.9787326388888888,
    0.9888599537037037,
    0.9911747685185185,
    0.9858217592592593,
    0.9943576388888888,
    0.9892939814814815,
    0.9950810185185185,
    0.9924768518518519,
    0.9943576388888888,
    0.9921875,
    0.9966724537037037,
    0.9955150462962963,
    0.9910300925925926,
    0.9918981481481481,
    0.9962384259259259,
    0.9947916666666666,
    0.99609375,
    0.9959490740740741,
    0.9972511574074074,
    0.9927662037037037,
    0.9966724537037037,
    0.9920428240740741,
    0.9968171296296297,
    0.9989872685185185,
    0.9934895833333334,
    0.9975405092592593,
    0.9973958333333334,
    0.9772858796296297,
    0.9981192129629629,
    0.9981192129629629,
    0.9955150462962963,
    0.9953703703703703,
    0.9962384259259259,
    0.9952256944444444
  ],
  "epoch_times_sec": [
    43.819676637649536,
    42.44958567619324,
    44.20596170425415,
    43.12914538383484,
    43.68381309509277,
    43.999528646469116,
    44.030484199523926,
    43.28498315811157,
    44.255542516708374,
    43.69070291519165,
    43.51171159744263,
    43.9243061542511,
    43.54565787315369,
    44.19091176986694,
    44.756521224975586,
    44.690808057785034,
    44.012343883514404,
    43.470335245132446,
    44.31613230705261,
    42.9167754650116,
    43.78660011291504,
    43.852264165878296,
    42.96065354347229,
    43.390141248703,
    44.17962622642517,
    42.78942394256592,
    43.39943814277649,
    42.82231330871582,
    43.69027066230774,
    43.202495098114014,
    43.65936040878296,
    44.56237554550171,
    43.09945631027222,
    43.265129804611206,
    43.63838720321655,
    44.92910695075989,
    44.27959156036377,
    43.48404026031494
  ],
  "total_train_sec": 1661.7398076057434,
  "early_stop": {
    "enabled": true,
    "monitor": "val_loss",
    "best_epoch": 27,
    "best_value": 0.0061659243765924895
  }
}