{
  "run_name": "fold_0",
  "train_losses": [
    0.25699459699292976,
    0.10907160014310782,
    0.07025934849796747,
    0.057318864403189056,
    0.04168385681394419,
    0.047813439581120665,
    0.028950714694844833,
    0.048026552255140374,
    0.025862050788418856,
    0.026303460960022035,
    0.030279835757634526,
    0.024401748948649684,
    0.01925705427749091,
    0.026198358731360512,
    0.01945657775151496,
    0.00916342380959476,
    0.016469357504657063,
    0.024948926418464572,
    0.021133637533812026,
    0.023386569934128028,
    0.0208098133896581,
    0.017092669202746172,
    0.0065900104646903785,
    0.013656030625059901,
    0.016795717322431167
  ],
  "val_losses": [
    0.19243934676897798,
    0.06449449428102567,
    0.06970701507198514,
    0.018093654877421015,
    0.07832339911927358,
    0.018608725297434087,
    0.026333981538614767,
    0.05810040818019347,
    0.034361502248786605,
    0.014727682623991066,
    0.021454988444350998,
    0.01512681372802366,
    0.015291843343716622,
    0.011013784124621654,
    0.0075539476695915,
    0.01467699244670009,
    0.012205906457066621,
    0.020121660288846627,
    0.013963713803042828,
    0.011743409987618428,
    0.020950880072566427,
    0.007435409622270196,
    0.011228789048254839,
    0.020228233246598393,
    0.016581257072340868
  ],
  "val_accs": [
    0.9435845508462317,
    0.9774338203384927,
    0.9756979603645306,
    0.9936351800954722,
    0.96687400549689,
    0.9918993201215102,
    0.9910313901345291,
    0.9804715752929264,
    0.9885722551714162,
    0.9956603500650948,
    0.9926225951106611,
    0.9952263850716042,
    0.9953710400694344,
    0.9959496600607551,
    0.997540865036887,
    0.9960943150585853,
    0.9956603500650948,
    0.994213800086793,
    0.9953710400694344,
    0.9968175900477362,
    0.9936351800954722,
    0.9976855200347172,
    0.9971069000433965,
    0.9946477650802835,
    0.9952263850716042
  ],
  "epoch_times_sec": [
    44.81692409515381,
    43.24100184440613,
    43.38873529434204,
    43.63633966445923,
    44.10455656051636,
    45.29797577857971,
    44.25809693336487,
    45.09299850463867,
    44.52475571632385,
    44.08873724937439,
    44.36874008178711,
    43.68601417541504,
    43.525970458984375,
    43.889185428619385,
    44.173250675201416,
    43.961251735687256,
    44.16204309463501,
    44.08484411239624,
    43.85033321380615,
    44.432018756866455,
    46.08976864814758,
    45.52521514892578,
    46.82679724693298,
    45.568445444107056,
    45.2067654132843
  ],
  "total_train_sec": 1112.3530011177063,
  "early_stop": {
    "enabled": true,
    "monitor": "val_loss",
    "best_epoch": 14,
    "best_value": 0.0075539476695915
  }
}