{
  "run_name": "fold_1",
  "train_losses": [
    0.2997517454161964,
    0.11591674966944589,
    0.07212494653692746,
    0.07191422744654119,
    0.04845185213963742,
    0.05110616856944506,
    0.04135934130344712,
    0.03216575807406722,
    0.0316609026582834,
    0.03466508640148849,
    0.026461071569496265,
    0.023650932674677785,
    0.025369387744932383,
    0.024523391942137904,
    0.016650325157469423,
    0.021103640167658106,
    0.018105325543324904,
    0.030672229568086483,
    0.012730052179095865,
    0.024337215169874037,
    0.016004108401897678,
    0.010031363440130345,
    0.016953098386508186,
    0.013764787760212331,
    0.015744721467517257,
    0.01613681514465026,
    0.013912964423070662,
    0.012495816348207343,
    0.01421239014302113,
    0.008694657285104768,
    0.011839280802902337
  ],
  "val_losses": [
    0.1563326303191759,
    0.13864315832378687,
    0.10042155433998064,
    0.04684959761625915,
    0.04847164909976224,
    0.024850377782799856,
    0.033741156561990025,
    0.019769095812484413,
    0.032736574833203726,
    0.012270253826567636,
    0.023211602141263603,
    0.01889075521062801,
    0.03554127743053767,
    0.014234907019811173,
    0.016647836660417345,
    0.03571865344632964,
    0.11390728851849283,
    0.019692429475846304,
    0.01765853418031906,
    0.010579352992324318,
    0.007109829116315167,
    0.007086090566577628,
    0.019027202172933525,
    0.011005661157064929,
    0.01789940445693598,
    0.029977415008337022,
    0.012002732955874375,
    0.03587005926160432,
    0.016301500771634083,
    0.028806356988887408,
    0.013817849711779639
  ],
  "val_accs": [
    0.9448784722222222,
    0.9597800925925926,
    0.9645543981481481,
    0.9842303240740741,
    0.9830729166666666,
    0.9918981481481481,
    0.9897280092592593,
    0.9932002314814815,
    0.9903067129629629,
    0.9962384259259259,
    0.9943576388888888,
    0.9946469907407407,
    0.9887152777777778,
    0.9965277777777778,
    0.9936342592592593,
    0.9934895833333334,
    0.9644097222222222,
    0.9926215277777778,
    0.9940682870370371,
    0.99609375,
    0.9981192129629629,
    0.9982638888888888,
    0.9939236111111112,
    0.9969618055555556,
    0.9943576388888888,
    0.9945023148148148,
    0.9956597222222222,
    0.9918981481481481,
    0.99609375,
    0.9927662037037037,
    0.9958043981481481
  ],
  "epoch_times_sec": [
    43.76123023033142,
    42.91170811653137,
    43.92184662818909,
    44.48128962516785,
    44.45814108848572,
    43.423372983932495,
    44.25106239318848,
    43.32794904708862,
    44.328563928604126,
    44.15253710746765,
    43.736358880996704,
    43.38817238807678,
    43.92933130264282,
    45.127984285354614,
    44.7567572593689,
    44.80331635475159,
    45.1155424118042,
    44.56043457984924,
    43.7018563747406,
    43.60429883003235,
    44.65385890007019,
    43.89601492881775,
    43.95861792564392,
    43.76504731178284,
    44.177602767944336,
    43.93994498252869,
    43.869269609451294,
    43.55328106880188,
    43.106751918792725,
    43.53925180435181,
    44.09027647972107
  ],
  "total_train_sec": 1365.153016090393,
  "early_stop": {
    "enabled": true,
    "monitor": "val_loss",
    "best_epoch": 20,
    "best_value": 0.007109829116315167
  }
}