{
  "run_name": "fold_4",
  "train_losses": [
    0.272556536934442,
    0.10859356385966142,
    0.07094086439314264,
    0.06076206512214547,
    0.04580322518315235,
    0.04106703996701442,
    0.03181215663196916,
    0.03200243834537644,
    0.03645050550619123,
    0.017994032713398122,
    0.03642589742122692,
    0.028321168988542113,
    0.01805699865070454,
    0.032317940192351,
    0.01685401748154955,
    0.01600266967970701,
    0.00891047350207238,
    0.0205285871149196,
    0.02147361777113272,
    0.015346572519808466,
    0.02157048589894354,
    0.017138523485671072,
    0.01586403596317083,
    0.014265737259409906,
    0.01888992800417731,
    0.01630940956396511
  ],
  "val_losses": [
    0.11469939309689733,
    0.05010048172402161,
    0.0673821200357957,
    0.16892082361435448,
    0.02548359920857129,
    0.04077663289865962,
    0.01868492218501935,
    0.02868934387030701,
    0.02451046076506221,
    0.012960024926104341,
    0.018268519888537144,
    0.010092562492732046,
    0.03185105037927213,
    0.015623296343686956,
    0.01351410306206499,
    0.007520223376559443,
    0.012607500243348113,
    0.033098925103533676,
    0.013977089748988402,
    0.0067385047896095784,
    0.016485877968888316,
    0.009741518374320786,
    0.014548748888517838,
    0.01439134385010995,
    0.013076328045523647,
    0.012668815536033906
  ],
  "val_accs": [
    0.9629629629629629,
    0.9872685185185185,
    0.9774305555555556,
    0.9502314814814815,
    0.9911747685185185,
    0.9879918981481481,
    0.9945023148148148,
    0.9898726851851852,
    0.9934895833333334,
    0.9969618055555556,
    0.9942129629629629,
    0.9978298611111112,
    0.9895833333333334,
    0.9946469907407407,
    0.9976851851851852,
    0.9973958333333334,
    0.9968171296296297,
    0.9900173611111112,
    0.9965277777777778,
    0.9968171296296297,
    0.9953703703703703,
    0.9975405092592593,
    0.9955150462962963,
    0.9966724537037037,
    0.9965277777777778,
    0.9966724537037037
  ],
  "epoch_times_sec": [
    45.15450692176819,
    43.96712398529053,
    43.66456151008606,
    43.94923996925354,
    44.41783380508423,
    44.05146026611328,
    43.505521059036255,
    44.15316820144653,
    44.371769189834595,
    43.66187644004822,
    44.062360763549805,
    43.39784526824951,
    43.34099817276001,
    44.32100510597229,
    44.03897047042847,
    43.3995418548584,
    43.22019624710083,
    43.62356376647949,
    44.022470474243164,
    44.112892627716064,
    44.42431402206421,
    43.75401973724365,
    44.139358043670654,
    44.8056001663208,
    43.387489318847656,
    44.116806745529175
  ],
  "total_train_sec": 1143.5985810756683,
  "early_stop": {
    "enabled": true,
    "monitor": "val_loss",
    "best_epoch": 15,
    "best_value": 0.007520223376559443
  }
}