{
  "data_flag": "organamnist",
  "num_classes": 11,
  "class_names": [
    "bladder",
    "femur-left",
    "femur-right",
    "heart",
    "kidney-left",
    "kidney-right",
    "liver",
    "lung-left",
    "lung-right",
    "pancreas",
    "spleen"
  ],
  "is_ensemble": false,
  "metrics": {
    "accuracy": 0.9687816402294971,
    "balanced_accuracy": 0.9646982557431218,
    "auc": 0.9987584189556148
  },
  "confusion_matrix": [
    [
      976,
      0,
      5,
      0,
      33,
      15,
      0,
      0,
      0,
      7,
      0
    ],
    [
      0,
      765,
      6,
      0,
      13,
      0,
      0,
      0,
      0,
      0,
      0
    ],
    [
      0,
      8,
      773,
      0,
      6,
      6,
      0,
      0,
      0,
      0,
      0
    ],
    [
      5,
      29,
      0,
      713,
      20,
      2,
      0,
      0,
      0,
      3,
      13
    ],
    [
      40,
      11,
      1,
      0,
      1862,
      26,
      0,
      0,
      0,
      17,
      107
    ],
    [
      19,
      5,
      6,
      0,
      77,
      1838,
      0,
      0,
      0,
      16,
      4
    ],
    [
      0,
      0,
      0,
      0,
      0,
      2,
      3268,
      0,
      15,
      0,
      0
    ],
    [
      0,
      0,
      0,
      0,
      0,
      0,
      0,
      1746,
      0,
      0,
      1
    ],
    [
      0,
      0,
      0,
      0,
      0,
      5,
      6,
      0,
      1802,
      0,
      0
    ],
    [
      9,
      0,
      0,
      0,
      0,
      0,
      1,
      0,
      0,
      1609,
      3
    ],
    [
      1,
      0,
      0,
      0,
      10,
      1,
      0,
      0,
      0,
      1,
      1871
    ]
  ],
  "counts": {
    "n_samples": 17778
  },
  "timing": {
    "eval_wall_sec": 11.691104173660278,
    "throughput_img_per_s": 1520.6433657526825,
    "latency_ms_per_img": 0.6576163895635211
  }
}