{
  "data_flag": "organamnist",
  "num_classes": 11,
  "class_names": [
    "bladder",
    "femur-left",
    "femur-right",
    "heart",
    "kidney-left",
    "kidney-right",
    "liver",
    "lung-left",
    "lung-right",
    "pancreas",
    "spleen"
  ],
  "is_ensemble": false,
  "metrics": {
    "accuracy": 0.9652379345258184,
    "balanced_accuracy": 0.962908460406834,
    "auc": 0.9990840579474406
  },
  "confusion_matrix": [
    [
      955,
      6,
      9,
      0,
      28,
      32,
      0,
      0,
      0,
      6,
      0
    ],
    [
      0,
      762,
      15,
      0,
      7,
      0,
      0,
      0,
      0,
      0,
      0
    ],
    [
      0,
      8,
      763,
      0,
      18,
      4,
      0,
      0,
      0,
      0,
      0
    ],
    [
      0,
      0,
      0,
      748,
      6,
      0,
      0,
      7,
      0,
      6,
      18
    ],
    [
      27,
      20,
      15,
      0,
      1833,
      21,
      0,
      0,
      0,
      10,
      138
    ],
    [
      12,
      1,
      2,
      0,
      73,
      1853,
      0,
      0,
      0,
      4,
      20
    ],
    [
      5,
      0,
      0,
      0,
      0,
      11,
      3242,
      0,
      26,
      1,
      0
    ],
    [
      0,
      0,
      0,
      0,
      0,
      0,
      0,
      1747,
      0,
      0,
      0
    ],
    [
      0,
      0,
      0,
      0,
      0,
      0,
      8,
      0,
      1805,
      0,
      0
    ],
    [
      0,
      0,
      0,
      0,
      5,
      1,
      0,
      0,
      0,
      1602,
      14
    ],
    [
      4,
      0,
      0,
      0,
      19,
      0,
      0,
      11,
      0,
      0,
      1850
    ]
  ],
  "counts": {
    "n_samples": 17778
  },
  "timing": {
    "eval_wall_sec": 5.924824237823486,
    "throughput_img_per_s": 3000.5953402814926,
    "latency_ms_per_img": 0.33326719753760187
  }
}