{
  "data_flag": "organamnist",
  "num_classes": 11,
  "class_names": [
    "bladder",
    "femur-left",
    "femur-right",
    "heart",
    "kidney-left",
    "kidney-right",
    "liver",
    "lung-left",
    "lung-right",
    "pancreas",
    "spleen"
  ],
  "is_ensemble": false,
  "metrics": {
    "accuracy": 0.964844189447632,
    "balanced_accuracy": 0.9625779542758303,
    "auc": 0.9988379871080961
  },
  "confusion_matrix": [
    [
      965,
      1,
      1,
      0,
      29,
      23,
      0,
      0,
      0,
      15,
      2
    ],
    [
      0,
      745,
      28,
      0,
      9,
      2,
      0,
      0,
      0,
      0,
      0
    ],
    [
      0,
      5,
      780,
      0,
      5,
      3,
      0,
      0,
      0,
      0,
      0
    ],
    [
      0,
      0,
      0,
      747,
      9,
      0,
      0,
      0,
      0,
      3,
      26
    ],
    [
      20,
      20,
      11,
      0,
      1853,
      29,
      0,
      3,
      0,
      11,
      117
    ],
    [
      20,
      2,
      0,
      0,
      118,
      1815,
      0,
      0,
      0,
      8,
      2
    ],
    [
      0,
      0,
      0,
      0,
      0,
      0,
      3253,
      0,
      28,
      3,
      1
    ],
    [
      0,
      0,
      0,
      0,
      0,
      0,
      0,
      1747,
      0,
      0,
      0
    ],
    [
      0,
      0,
      0,
      0,
      0,
      0,
      0,
      0,
      1813,
      0,
      0
    ],
    [
      0,
      0,
      0,
      0,
      8,
      0,
      0,
      0,
      0,
      1592,
      22
    ],
    [
      19,
      0,
      0,
      0,
      16,
      0,
      0,
      5,
      0,
      1,
      1843
    ]
  ],
  "counts": {
    "n_samples": 17778
  },
  "timing": {
    "eval_wall_sec": 5.7829203605651855,
    "throughput_img_per_s": 3074.2252861082966,
    "latency_ms_per_img": 0.32528520421673895
  }
}