{
  "data_flag": "organamnist",
  "num_classes": 11,
  "class_names": [
    "bladder",
    "femur-left",
    "femur-right",
    "heart",
    "kidney-left",
    "kidney-right",
    "liver",
    "lung-left",
    "lung-right",
    "pancreas",
    "spleen"
  ],
  "is_ensemble": false,
  "metrics": {
    "accuracy": 0.9589380132748341,
    "balanced_accuracy": 0.9503619457916787,
    "auc": 0.9984252808822948
  },
  "confusion_matrix": [
    [
      827,
      2,
      3,
      0,
      109,
      71,
      0,
      0,
      0,
      23,
      1
    ],
    [
      0,
      761,
      13,
      0,
      7,
      3,
      0,
      0,
      0,
      0,
      0
    ],
    [
      0,
      13,
      760,
      0,
      14,
      6,
      0,
      0,
      0,
      0,
      0
    ],
    [
      5,
      0,
      0,
      724,
      19,
      0,
      0,
      0,
      0,
      4,
      33
    ],
    [
      9,
      3,
      5,
      0,
      1795,
      69,
      0,
      0,
      0,
      26,
      157
    ],
    [
      1,
      1,
      0,
      0,
      75,
      1880,
      0,
      0,
      0,
      5,
      3
    ],
    [
      0,
      0,
      0,
      0,
      0,
      0,
      3262,
      0,
      23,
      0,
      0
    ],
    [
      0,
      0,
      0,
      0,
      0,
      0,
      0,
      1747,
      0,
      0,
      0
    ],
    [
      0,
      0,
      0,
      0,
      0,
      3,
      2,
      0,
      1808,
      0,
      0
    ],
    [
      0,
      0,
      0,
      0,
      3,
      0,
      0,
      0,
      0,
      1615,
      4
    ],
    [
      0,
      0,
      0,
      0,
      8,
      5,
      0,
      2,
      0,
      0,
      1869
    ]
  ],
  "counts": {
    "n_samples": 17778
  },
  "timing": {
    "eval_wall_sec": 5.945914030075073,
    "throughput_img_per_s": 2989.9524127118157,
    "latency_ms_per_img": 0.33445348352317883
  }
}