{
  "data_flag": "organamnist",
  "num_classes": 11,
  "class_names": [
    "bladder",
    "femur-left",
    "femur-right",
    "heart",
    "kidney-left",
    "kidney-right",
    "liver",
    "lung-left",
    "lung-right",
    "pancreas",
    "spleen"
  ],
  "is_ensemble": false,
  "metrics": {
    "accuracy": 0.9569692878839015,
    "balanced_accuracy": 0.9530992515320615,
    "auc": 0.9985713412889353
  },
  "confusion_matrix": [
    [
      954,
      0,
      0,
      0,
      23,
      33,
      0,
      0,
      0,
      24,
      2
    ],
    [
      1,
      739,
      24,
      0,
      12,
      8,
      0,
      0,
      0,
      0,
      0
    ],
    [
      0,
      0,
      749,
      0,
      14,
      29,
      0,
      0,
      0,
      1,
      0
    ],
    [
      12,
      0,
      0,
      736,
      0,
      0,
      0,
      17,
      0,
      2,
      18
    ],
    [
      62,
      1,
      25,
      0,
      1754,
      56,
      0,
      1,
      0,
      38,
      127
    ],
    [
      31,
      0,
      1,
      0,
      87,
      1842,
      0,
      0,
      0,
      2,
      2
    ],
    [
      6,
      0,
      0,
      0,
      0,
      11,
      3227,
      0,
      41,
      0,
      0
    ],
    [
      0,
      0,
      0,
      0,
      0,
      0,
      0,
      1746,
      0,
      0,
      1
    ],
    [
      4,
      0,
      0,
      0,
      0,
      12,
      0,
      0,
      1797,
      0,
      0
    ],
    [
      2,
      0,
      0,
      0,
      2,
      0,
      0,
      0,
      0,
      1599,
      19
    ],
    [
      3,
      0,
      0,
      0,
      7,
      0,
      0,
      1,
      0,
      3,
      1870
    ]
  ],
  "counts": {
    "n_samples": 17778
  },
  "timing": {
    "eval_wall_sec": 5.8935630321502686,
    "throughput_img_per_s": 3016.5113875966626,
    "latency_ms_per_img": 0.33150877669874385
  }
}