{
  "data_flag": "organamnist",
  "num_classes": 11,
  "class_names": [
    "bladder",
    "femur-left",
    "femur-right",
    "heart",
    "kidney-left",
    "kidney-right",
    "liver",
    "lung-left",
    "lung-right",
    "pancreas",
    "spleen"
  ],
  "is_ensemble": true,
  "metrics": {
    "accuracy": 0.9759253009337383,
    "balanced_accuracy": 0.9736027794659258,
    "auc": 0.9991940443248033
  },
  "confusion_matrix": [
    [
      970,
      1,
      2,
      0,
      27,
      25,
      0,
      0,
      0,
      11,
      0
    ],
    [
      0,
      765,
      13,
      0,
      6,
      0,
      0,
      0,
      0,
      0,
      0
    ],
    [
      0,
      4,
      773,
      0,
      11,
      5,
      0,
      0,
      0,
      0,
      0
    ],
    [
      0,
      0,
      0,
      757,
      4,
      0,
      0,
      4,
      0,
      2,
      18
    ],
    [
      13,
      2,
      3,
      0,
      1903,
      18,
      0,
      0,
      0,
      14,
      111
    ],
    [
      17,
      0,
      1,
      0,
      71,
      1870,
      0,
      0,
      0,
      2,
      4
    ],
    [
      0,
      0,
      0,
      0,
      0,
      1,
      3258,
      0,
      26,
      0,
      0
    ],
    [
      0,
      0,
      0,
      0,
      0,
      0,
      0,
      1747,
      0,
      0,
      0
    ],
    [
      0,
      0,
      0,
      0,
      0,
      0,
      0,
      0,
      1813,
      0,
      0
    ],
    [
      0,
      0,
      0,
      0,
      0,
      0,
      0,
      0,
      0,
      1615,
      7
    ],
    [
      1,
      0,
      0,
      0,
      2,
      0,
      0,
      2,
      0,
      0,
      1879
    ]
  ],
  "counts": {
    "n_samples": 17778
  },
  "timing": {
    "eval_wall_sec": 17.7959041595459,
    "throughput_img_per_s": 998.9939168369652,
    "latency_ms_per_img": 1.001007096385752
  }
}