{
  "run_name": "fold_2",
  "train_losses": [
    0.4495109424256442,
    0.3109464430271235,
    0.2738276412313743,
    0.2014421926703967,
    0.17827395866986803,
    0.1406185083221971,
    0.10778027011039562,
    0.08093769867019844,
    0.053424261566391566,
    0.0580540755040066,
    0.0501938463751236,
    0.031045340057602504,
    0.018801173470671614,
    0.017071277874155452,
    0.014070761532413033,
    0.009591796643154364,
    0.007826035034686402,
    0.004708743633184218
  ],
  "val_losses": [
    0.30710098147392273,
    0.3064607083797455,
    0.22267542779445648,
    0.2678023874759674,
    0.22459226846694946,
    0.22431838512420654,
    0.27400505542755127,
    0.22053588926792145,
    0.29850488901138306,
    0.26601192355155945,
    0.392581582069397,
    0.3155510723590851,
    0.23912765085697174,
    0.29827964305877686,
    0.3669840097427368,
    0.3146747648715973,
    0.2752131521701813,
    0.3510328531265259
  ],
  "val_accs": [
    0.8,
    0.52,
    0.85,
    0.72,
    0.87,
    0.82,
    0.89,
    0.87,
    0.89,
    0.87,
    0.87,
    0.88,
    0.88,
    0.87,
    0.88,
    0.9,
    0.91,
    0.91
  ],
  "epoch_times_sec": [
    4.061751842498779,
    3.5381298065185547,
    3.5619308948516846,
    3.551370620727539,
    3.547916889190674,
    3.567890167236328,
    3.5617523193359375,
    3.5675172805786133,
    3.5177440643310547,
    3.5527682304382324,
    3.5781190395355225,
    3.517303228378296,
    3.5156686305999756,
    3.5690760612487793,
    3.631093740463257,
    3.5658276081085205,
    3.5284500122070312,
    3.5950682163238525
  ],
  "early_stop": {
    "enabled": true,
    "monitor": "val_loss",
    "best_epoch": 7,
    "best_value": 0.22053588926792145
  }
}