{
  "run_name": "fold_0",
  "train_losses": [
    0.38707737934619263,
    0.33027047561224837,
    0.25879865182671036,
    0.18559239322977855,
    0.16381426024855228,
    0.14258144732405967,
    0.10334997487844978,
    0.06921015407208513,
    0.04097354441955872,
    0.03743491674724378,
    0.020338254166127445,
    0.011206867252674916,
    0.010037133269441457,
    0.00389700306388071
  ],
  "val_losses": [
    0.3325045704841614,
    0.3026963770389557,
    0.2813691198825836,
    0.24145916104316711,
    0.2584056854248047,
    0.2578490376472473,
    0.25059738755226135,
    0.3972837030887604,
    0.3761690557003021,
    0.49900954961776733,
    0.4825778901576996,
    0.4474618434906006,
    0.4860795736312866,
    0.7546089291572571
  ],
  "val_accs": [
    0.71,
    0.68,
    0.79,
    0.81,
    0.76,
    0.84,
    0.82,
    0.83,
    0.82,
    0.82,
    0.83,
    0.85,
    0.84,
    0.82
  ],
  "epoch_times_sec": [
    4.234698534011841,
    3.571953535079956,
    3.457019567489624,
    3.443284273147583,
    3.5324313640594482,
    3.5060527324676514,
    3.5623931884765625,
    3.563021421432495,
    3.5675549507141113,
    3.5805623531341553,
    3.5687997341156006,
    3.5840227603912354,
    3.544513463973999,
    3.5889766216278076
  ],
  "early_stop": {
    "enabled": true,
    "monitor": "val_loss",
    "best_epoch": 3,
    "best_value": 0.24145916104316711
  }
}