{
  "run_name": "fold_1",
  "train_losses": [
    0.4189335624675703,
    0.365803835684793,
    0.3478026617140997,
    0.3240729788491003,
    0.28662209761770147,
    0.22906479799657836,
    0.2575390799003735,
    0.1748659234297903,
    0.13758246581954764,
    0.10680959935773883,
    0.06689186383010749,
    0.03562257642435251,
    0.024495939861861684,
    0.013396820627657095,
    0.005151349276229553,
    0.010645299477684767,
    0.0036699007029521434,
    0.0031104011643201786,
    0.009769327957229805,
    0.0130714738279357,
    0.05246599097000925
  ],
  "val_losses": [
    0.3621739149093628,
    0.3654591739177704,
    0.3418690860271454,
    0.3029853403568268,
    0.24645625054836273,
    0.3164764642715454,
    0.19559594988822937,
    0.16352806985378265,
    0.16494335234165192,
    0.180499866604805,
    0.15638229250907898,
    0.15972335636615753,
    0.2672133147716522,
    0.1558062583208084,
    0.2853298783302307,
    0.15564455091953278,
    0.51240074634552,
    0.24633517861366272,
    0.39191699028015137,
    0.6500803828239441,
    0.4275706112384796
  ],
  "val_accs": [
    0.27,
    0.73,
    0.42,
    0.67,
    0.81,
    0.87,
    0.88,
    0.86,
    0.81,
    0.88,
    0.88,
    0.91,
    0.91,
    0.9,
    0.9,
    0.9,
    0.87,
    0.89,
    0.77,
    0.86,
    0.86
  ],
  "epoch_times_sec": [
    3.9916951656341553,
    3.5561935901641846,
    3.5476343631744385,
    3.510976552963257,
    3.4664933681488037,
    3.4736151695251465,
    3.515988349914551,
    3.4644241333007812,
    3.5039758682250977,
    3.4870474338531494,
    3.4868030548095703,
    3.5343899726867676,
    3.559394598007202,
    3.571960926055908,
    3.5240159034729004,
    3.502467155456543,
    3.5727462768554688,
    3.5843544006347656,
    3.596662759780884,
    3.574639320373535,
    3.506514549255371
  ],
  "early_stop": {
    "enabled": true,
    "monitor": "val_loss",
    "best_epoch": 10,
    "best_value": 0.15638229250907898
  }
}