{
  "run_name": "fold_3",
  "train_losses": [
    0.48758493868031894,
    0.35160467200410694,
    0.3150038276997425,
    0.2706408488720581,
    0.23251423082853617,
    0.19413574715903528,
    0.14326065943055882,
    0.10004240050351709,
    0.07700300694707043,
    0.05344825758969873,
    0.029574949938551823,
    0.02962717735080193,
    0.016703685722255467,
    0.009726419783475106,
    0.031627858790538664,
    0.01688167564851001,
    0.028309237837492673
  ],
  "val_losses": [
    0.3833845555782318,
    0.346719890832901,
    0.29060807824134827,
    0.2065565437078476,
    0.1690632849931717,
    0.1550499051809311,
    0.14969059824943542,
    0.1625969111919403,
    0.1660473346710205,
    0.23220808804035187,
    0.2101343721151352,
    0.32738515734672546,
    0.30798330903053284,
    0.44146019220352173,
    0.32187655568122864,
    0.6239268183708191,
    0.2347954958677292
  ],
  "val_accs": [
    0.27,
    0.77,
    0.63,
    0.9,
    0.87,
    0.89,
    0.91,
    0.87,
    0.9,
    0.89,
    0.87,
    0.85,
    0.88,
    0.88,
    0.83,
    0.86,
    0.85
  ],
  "epoch_times_sec": [
    4.1365673542022705,
    3.5490033626556396,
    3.5832951068878174,
    3.576402187347412,
    3.5757479667663574,
    3.5919861793518066,
    3.596505880355835,
    3.606208324432373,
    3.608978033065796,
    3.6133790016174316,
    3.5287978649139404,
    3.6148133277893066,
    3.616198778152466,
    3.577674627304077,
    3.6101925373077393,
    3.6250479221343994,
    3.5762970447540283
  ],
  "early_stop": {
    "enabled": true,
    "monitor": "val_loss",
    "best_epoch": 6,
    "best_value": 0.14969059824943542
  }
}