{
  "run_name": "fold_4",
  "train_losses": [
    0.4288573455810547,
    0.3448889064788818,
    0.31085346221923826,
    0.23769771575927734,
    0.1895066213607788,
    0.17126992225646973,
    0.15166077136993408,
    0.08667177438735962,
    0.06830298066139222,
    0.03781612992286682,
    0.027165585160255433,
    0.02685137212276459,
    0.016397362649440764,
    0.015642624422907828,
    0.012914662659168243,
    0.0069536839425563815,
    0.019264176785945893,
    0.0033969852328300477,
    0.009385487288236618
  ],
  "val_losses": [
    0.379550963640213,
    0.30591249465942383,
    0.25693845748901367,
    0.24016498029232025,
    0.2652952969074249,
    0.31675973534584045,
    0.20135314762592316,
    0.21555247902870178,
    0.1718633770942688,
    0.21714763343334198,
    0.3357607424259186,
    0.3460554778575897,
    0.4268021881580353,
    0.45680198073387146,
    0.5142467617988586,
    0.44274047017097473,
    0.40390437841415405,
    0.3624928295612335,
    0.4359731674194336
  ],
  "val_accs": [
    0.2727272727272727,
    0.898989898989899,
    0.7070707070707071,
    0.7272727272727273,
    0.8686868686868687,
    0.7575757575757576,
    0.8585858585858586,
    0.8686868686868687,
    0.8787878787878788,
    0.8686868686868687,
    0.797979797979798,
    0.8585858585858586,
    0.8585858585858586,
    0.8282828282828283,
    0.797979797979798,
    0.797979797979798,
    0.8181818181818182,
    0.8383838383838383,
    0.8383838383838383
  ],
  "epoch_times_sec": [
    4.172174453735352,
    3.576967716217041,
    3.6042251586914062,
    3.594576597213745,
    3.603163719177246,
    3.615030288696289,
    3.560757637023926,
    3.6125426292419434,
    3.6320958137512207,
    3.5834457874298096,
    3.66684627532959,
    3.632617712020874,
    3.617546319961548,
    3.6205718517303467,
    3.633591413497925,
    3.5608327388763428,
    3.6359548568725586,
    3.5429062843322754,
    3.539076805114746
  ],
  "early_stop": {
    "enabled": true,
    "monitor": "val_loss",
    "best_epoch": 8,
    "best_value": 0.1718633770942688
  }
}