{
  "data_flag": "breastmnist",
  "num_classes": 2,
  "class_names": [
    "malignant",
    "normal, benign"
  ],
  "is_ensemble": false,
  "metrics": {
    "accuracy": 0.8333333333333334,
    "balanced_accuracy": 0.8333333333333334,
    "auc": 0.8907685881370091
  },
  "confusion_matrix": [
    [
      35,
      7
    ],
    [
      19,
      95
    ]
  ],
  "counts": {
    "n_samples": 156
  },
  "timing": {
    "eval_wall_sec": 0.551170825958252,
    "throughput_img_per_s": 283.03384840585903,
    "latency_ms_per_img": 3.533146320245205
  }
}