{
  "data_flag": "breastmnist",
  "num_classes": 2,
  "class_names": [
    "malignant",
    "normal, benign"
  ],
  "is_ensemble": false,
  "metrics": {
    "accuracy": 0.8974358974358975,
    "balanced_accuracy": 0.8546365914786966,
    "auc": 0.8903508771929824
  },
  "confusion_matrix": [
    [
      32,
      10
    ],
    [
      6,
      108
    ]
  ],
  "counts": {
    "n_samples": 156
  },
  "timing": {
    "eval_wall_sec": 0.5643961429595947,
    "throughput_img_per_s": 276.4016054077961,
    "latency_ms_per_img": 3.617923993330735
  }
}