{
  "data_flag": "breastmnist",
  "num_classes": 2,
  "class_names": [
    "malignant",
    "normal, benign"
  ],
  "is_ensemble": false,
  "metrics": {
    "accuracy": 0.8205128205128205,
    "balanced_accuracy": 0.8395989974937343,
    "auc": 0.9076858813700919
  },
  "confusion_matrix": [
    [
      37,
      5
    ],
    [
      23,
      91
    ]
  ],
  "counts": {
    "n_samples": 156
  },
  "timing": {
    "eval_wall_sec": 0.8259296417236328,
    "throughput_img_per_s": 188.8780740142024,
    "latency_ms_per_img": 5.294420780279697
  }
}