{
  "data_flag": "breastmnist",
  "num_classes": 2,
  "class_names": [
    "malignant",
    "normal, benign"
  ],
  "is_ensemble": false,
  "metrics": {
    "accuracy": 0.8525641025641025,
    "balanced_accuracy": 0.8164160401002507,
    "auc": 0.8964076858813701
  },
  "confusion_matrix": [
    [
      31,
      11
    ],
    [
      12,
      102
    ]
  ],
  "counts": {
    "n_samples": 156
  },
  "timing": {
    "eval_wall_sec": 0.5650436878204346,
    "throughput_img_per_s": 276.0848468226324,
    "latency_ms_per_img": 3.622074921925863
  }
}