{
  "data_flag": "breastmnist",
  "num_classes": 2,
  "class_names": [
    "malignant",
    "normal, benign"
  ],
  "is_ensemble": true,
  "metrics": {
    "accuracy": 0.8525641025641025,
    "balanced_accuracy": 0.8164160401002507,
    "auc": 0.9187552213868003
  },
  "confusion_matrix": [
    [
      31,
      11
    ],
    [
      12,
      102
    ]
  ],
  "counts": {
    "n_samples": 156
  },
  "timing": {
    "eval_wall_sec": 2.029165506362915,
    "throughput_img_per_s": 76.87889406301562,
    "latency_ms_per_img": 13.007471194634071
  }
}