{
  "data_flag": "breastmnist",
  "num_classes": 2,
  "class_names": [
    "malignant",
    "normal, benign"
  ],
  "is_ensemble": false,
  "metrics": {
    "accuracy": 0.8269230769230769,
    "balanced_accuracy": 0.8214285714285714,
    "auc": 0.9068504594820385
  },
  "confusion_matrix": [
    [
      34,
      8
    ],
    [
      19,
      95
    ]
  ],
  "counts": {
    "n_samples": 156
  },
  "timing": {
    "eval_wall_sec": 0.5694787502288818,
    "throughput_img_per_s": 273.9347165057543,
    "latency_ms_per_img": 3.650504809159499
  }
}