{
  "run_name": "fold_1",
  "train_losses": [
    0.2751338391271203,
    0.18681066762689563,
    0.17583911181620945,
    0.1521248357577379,
    0.14724144567645944,
    0.14047150835997854,
    0.1350935083993238,
    0.13026955881078464,
    0.12133536591681117,
    0.1167361296621237,
    0.11152537461303427,
    0.10696765351065365,
    0.10675854018196905,
    0.09837305416136236,
    0.09601537979954272,
    0.09198848754956501,
    0.08870228616357949,
    0.0886730160944952,
    0.087916771292812,
    0.08216712231372372,
    0.07961903457552724,
    0.07875483825450036,
    0.07652901984978126,
    0.07347056288778131,
    0.06903787103938822,
    0.06624849434187297,
    0.06702862098353664,
    0.06533751414022596,
    0.06075695996685741,
    0.06097335624672811,
    0.05992000356955246,
    0.05498904700744743,
    0.05440583191505167,
    0.05425993471179888,
    0.05087587431305143,
    0.05122485834951637,
    0.049818965516331915,
    0.045869305237796865
  ],
  "val_losses": [
    0.1721398955280906,
    0.16204904904787898,
    0.1456769181130614,
    0.1472164715692375,
    0.13472967003716668,
    0.12669780895552468,
    0.1446312181032502,
    0.15881239528849989,
    0.12446650004823705,
    0.13737047518685727,
    0.17435135045064645,
    0.12630095944556624,
    0.13503374843602914,
    0.13627611088979746,
    0.13489706830153284,
    0.12406338053291682,
    0.14233652313303824,
    0.12329222874547179,
    0.14549750730575886,
    0.13475874887679398,
    0.13289097996715582,
    0.13826686738975738,
    0.12368487005572888,
    0.11627955050763888,
    0.1266373628663384,
    0.13170011362380124,
    0.12506935679871295,
    0.11483224019004097,
    0.14148339963105894,
    0.11967993129455348,
    0.13733772597196675,
    0.1375726199659975,
    0.15071662696915697,
    0.13160194642218426,
    0.1338666317938245,
    0.1453406142418053,
    0.1435942559583092,
    0.1590923015842944
  ],
  "val_accs": [
    0.9620311598384305,
    0.9642238892094633,
    0.9615118291979227,
    0.963935372186959,
    0.969070975187536,
    0.9635891517599539,
    0.9655510675129833,
    0.96999422965955,
    0.9711482977495672,
    0.9709174841315638,
    0.9628967109059434,
    0.9576457010963647,
    0.9652625504904789,
    0.9729371032890941,
    0.9721869590305828,
    0.9730525100980958,
    0.9747836122331217,
    0.9738026543566071,
    0.972129255626082,
    0.9748413156376227,
    0.9742642815926139,
    0.9697634160415465,
    0.9715522215810732,
    0.9734564339296018,
    0.9762839007501443,
    0.9771494518176572,
    0.9738026543566071,
    0.9753606462781305,
    0.9789959607616849,
    0.9748413156376227,
    0.9777264858626659,
    0.9769186381996537,
    0.9787651471436815,
    0.9773225620311599,
    0.9758799769186381,
    0.9786497403346798,
    0.9783035199076745,
    0.9784766301211771
  ],
  "epoch_times_sec": [
    569.8529801368713,
    563.2137303352356,
    563.150283575058,
    563.0064907073975,
    565.4370746612549,
    565.6009819507599,
    564.8485848903656,
    564.9580862522125,
    565.2803757190704,
    565.0510540008545,
    565.1324594020844,
    565.2899527549744,
    565.1186950206757,
    565.2173318862915,
    565.2676224708557,
    565.3371510505676,
    565.4678022861481,
    565.7072198390961,
    565.8229057788849,
    565.2506482601166,
    565.5578231811523,
    565.5604355335236,
    565.7416007518768,
    565.6527345180511,
    567.0425004959106,
    565.2641582489014,
    565.5310456752777,
    565.1300821304321,
    565.5691015720367,
    565.6525192260742,
    565.5985190868378,
    565.8402717113495,
    565.9815328121185,
    565.8108389377594,
    565.8139350414276,
    565.7300567626953,
    565.4497785568237,
    567.0009474754333
  ],
  "early_stop": {
    "enabled": true,
    "monitor": "val_loss",
    "best_epoch": 27,
    "best_value": 0.11483224019004097
  }
}