{
  "run_name": "fold_2",
  "train_losses": [
    0.27930989175052096,
    0.19777998724352203,
    0.17028117232150855,
    0.1613519886622141,
    0.14852873892217153,
    0.14522327500112767,
    0.1334075388250343,
    0.12709909570021424,
    0.12526651909678857,
    0.12226642930551342,
    0.10824799000754277,
    0.10961416573954962,
    0.10608372937243755,
    0.10221963028740755,
    0.09919338039691623,
    0.09966142164890068,
    0.09294853947119222,
    0.08905737510944095,
    0.08485146621366041,
    0.08510483935032086,
    0.07964933463879749,
    0.0754347547651001,
    0.0764495097017972
  ],
  "val_losses": [
    0.177349578413137,
    0.13270129118035384,
    0.13580407188227478,
    0.12871901035051728,
    0.1281347638951101,
    0.12160982562823335,
    0.10448495613260479,
    0.11649229912321321,
    0.11206864709385722,
    0.11569567398333193,
    0.11634287176229921,
    0.12063078540936521,
    0.10014455096614609,
    0.10233971588212541,
    0.1178972109411873,
    0.11503253481502665,
    0.1216931563891654,
    0.10076834091028729,
    0.11418355799086254,
    0.10595452270983112,
    0.12004004623618376,
    0.12339926299235056,
    0.11713912398598186
  ],
  "val_accs": [
    0.9545848000461654,
    0.95423855963991,
    0.9599515263431242,
    0.9654913728432108,
    0.953084424952392,
    0.9593167522649894,
    0.9684344162963818,
    0.9641641179525651,
    0.9685498297651336,
    0.9738011425933406,
    0.970684978937042,
    0.9749552772808586,
    0.9743782099370997,
    0.9680304691557505,
    0.9611056610306423,
    0.9709158058745455,
    0.9748398638121069,
    0.9731663685152058,
    0.9734549021870852,
    0.9769173062496394,
    0.9774943735933983,
    0.9780714409371574,
    0.9772058399215189
  ],
  "epoch_times_sec": [
    573.2272615432739,
    565.1179764270782,
    564.9756295681,
    564.7060871124268,
    565.1256141662598,
    564.8564913272858,
    565.1151912212372,
    564.9724020957947,
    565.445748090744,
    564.9549496173859,
    567.085902929306,
    567.9444754123688,
    567.0767366886139,
    565.0918023586273,
    565.1594712734222,
    565.2002367973328,
    565.2440025806427,
    565.4048433303833,
    565.1895008087158,
    565.1564476490021,
    565.1293795108795,
    565.3443434238434,
    565.4506757259369
  ],
  "early_stop": {
    "enabled": true,
    "monitor": "val_loss",
    "best_epoch": 12,
    "best_value": 0.10014455096614609
  }
}