{
  "run_name": "fold_4",
  "train_losses": [
    0.27766781054963185,
    0.1908649955523221,
    0.17433572471057548,
    0.16140455493037137,
    0.14872346552015606,
    0.1429849430880429,
    0.13510585914333245,
    0.13036438785169846,
    0.1211634991148958,
    0.11924716611416039,
    0.11376080618524047,
    0.10915298559458003,
    0.10128370591657848,
    0.10109217721896767,
    0.10324565880145695,
    0.09388050818670993,
    0.09040885574354908,
    0.08837696082449134,
    0.08549705778631708,
    0.08100594553732411,
    0.07867770481740421
  ],
  "val_losses": [
    0.16718848826815882,
    0.14117224421185542,
    0.14648126405519488,
    0.16823885614388098,
    0.135515573748233,
    0.13952516955256605,
    0.11664378466412972,
    0.12132864193240028,
    0.12752781651789005,
    0.1501467435291438,
    0.1067847824580286,
    0.1430170928201746,
    0.13190255978640383,
    0.11539883679050411,
    0.10971171074391609,
    0.12636778939194396,
    0.1287311883382613,
    0.11555361067261931,
    0.11950257444015054,
    0.11636440427923884,
    0.1121474918064253
  ],
  "val_accs": [
    0.954815626983669,
    0.9544693865774135,
    0.9553349875930521,
    0.9357724046396214,
    0.9625483293900399,
    0.9728778348433262,
    0.9727047146401985,
    0.9669917479369843,
    0.972416180968319,
    0.9550464539211726,
    0.9656644930463385,
    0.9734549021870852,
    0.9719545270933118,
    0.9688383634370131,
    0.9698770846557794,
    0.9763979456402562,
    0.9717237001558082,
    0.9733971954527093,
    0.9758785850308731,
    0.9750129840152346,
    0.9706272722026661
  ],
  "epoch_times_sec": [
    572.7861030101776,
    565.567351102829,
    565.4096539020538,
    565.2014648914337,
    565.2000722885132,
    565.2317843437195,
    565.4974927902222,
    565.4368290901184,
    565.0630295276642,
    565.4149794578552,
    565.3543679714203,
    565.2906787395477,
    567.3805696964264,
    565.2896871566772,
    565.4056832790375,
    565.4477047920227,
    565.6922647953033,
    565.6827042102814,
    565.6139361858368,
    565.7397737503052,
    565.6895771026611
  ],
  "early_stop": {
    "enabled": true,
    "monitor": "val_loss",
    "best_epoch": 10,
    "best_value": 0.1067847824580286
  }
}