{
  "run_name": "fold_0",
  "train_losses": [
    0.2754017011435891,
    0.19498892348576607,
    0.1685281508066964,
    0.1555097180646123,
    0.14323968618838626,
    0.13811872056264649,
    0.12991565984007802,
    0.12384039374347278,
    0.11876693287773797,
    0.11846886940436649,
    0.11138474857500869,
    0.10832545397758608,
    0.10598946731054809,
    0.103850527175797,
    0.09479560190730467,
    0.09123249617317299,
    0.08814575999869009,
    0.08443312918264327,
    0.08421008081305592,
    0.0795548814326103,
    0.07793153938742964
  ],
  "val_losses": [
    0.16938712374708656,
    0.15221985083952572,
    0.16221196626007248,
    0.15839392329940752,
    0.13821481167754202,
    0.14647202742491852,
    0.13766003394498347,
    0.14623864369796868,
    0.13371919987866182,
    0.1315334983733233,
    0.11916117965315232,
    0.13556615388331494,
    0.12934221935217186,
    0.14098187091030004,
    0.12564826538916343,
    0.12482716252331919,
    0.13999618595209137,
    0.13727941982882325,
    0.12623871226429045,
    0.12951250515848106,
    0.13830114325827694
  ],
  "val_accs": [
    0.9575879976918639,
    0.9496249278707444,
    0.9331217541834969,
    0.9572417772648586,
    0.9612810155799192,
    0.9578188113098672,
    0.9719561454125794,
    0.9678592036930179,
    0.9647432198499711,
    0.9619157530294288,
    0.9607616849394114,
    0.9603577611079054,
    0.9709174841315638,
    0.9702250432775533,
    0.9748413156376227,
    0.9719561454125794,
    0.9701096364685516,
    0.9705712637045586,
    0.9655510675129833,
    0.9735718407386036,
    0.9723023658395845
  ],
  "epoch_times_sec": [
    572.1711416244507,
    566.5351383686066,
    566.3335325717926,
    566.7888584136963,
    566.97065782547,
    566.8180015087128,
    566.9263601303101,
    567.0065677165985,
    566.8875036239624,
    566.6993134021759,
    566.9029450416565,
    567.9883570671082,
    567.7037951946259,
    565.7765636444092,
    565.9534046649933,
    566.0117378234863,
    565.8132932186127,
    565.3892824649811,
    565.9769294261932,
    566.1222698688507,
    566.1088478565216
  ],
  "early_stop": {
    "enabled": true,
    "monitor": "val_loss",
    "best_epoch": 10,
    "best_value": 0.11916117965315232
  }
}