{
  "run_name": "fold_3",
  "train_losses": [
    0.2839982383108589,
    0.19273017690936975,
    0.1735360719468418,
    0.1595921116405751,
    0.14972140086412933,
    0.1423151540606264,
    0.13538174152635668,
    0.12729834470152082,
    0.12460832470077435,
    0.11785395073393336,
    0.11278641709047559,
    0.10820641983758866,
    0.10511706785073087,
    0.1004847192651467,
    0.09802528528516562,
    0.09205232139941973,
    0.09431281916017041,
    0.08678967770813636,
    0.08549370353703903,
    0.08035451322024374,
    0.0803261011690155,
    0.07448430325183622,
    0.0750682931807736,
    0.07214845330913501,
    0.06624401377625197,
    0.0683083309108894
  ],
  "val_losses": [
    0.16623614974983345,
    0.16004865619870587,
    0.1336083588819123,
    0.14636829730353948,
    0.1439023977047202,
    0.13476824190841005,
    0.13845326156292614,
    0.1356085478473545,
    0.1190621125728358,
    0.13431810780390568,
    0.11995445363151751,
    0.12647946166788565,
    0.12798614185902152,
    0.12962864928338344,
    0.1180934486427546,
    0.11551440250623164,
    0.12623838794331851,
    0.12626834398697592,
    0.11757976289584238,
    0.12060791652348032,
    0.1208254181833611,
    0.13212595150150713,
    0.12460632683810624,
    0.12114537010253443,
    0.12565126107234206,
    0.12887344002389195
  ],
  "val_accs": [
    0.953026718218016,
    0.9585665647181026,
    0.9613364879681459,
    0.9582203243118472,
    0.970684978937042,
    0.9654913728432108,
    0.9545848000461654,
    0.9585088579837266,
    0.9716082866870563,
    0.9714928732183046,
    0.9644526516244446,
    0.9701656183276588,
    0.9651451324369554,
    0.9667609209994806,
    0.9707426856714179,
    0.9705118587339142,
    0.9747244503433551,
    0.9703964452651624,
    0.9703387385307866,
    0.9732240752495817,
    0.9738011425933406,
    0.9708580991401696,
    0.9730509550464539,
    0.9716659934214322,
    0.974147382999596,
    0.9766864793121357
  ],
  "epoch_times_sec": [
    572.9719045162201,
    566.0273809432983,
    565.7878913879395,
    565.8647015094757,
    566.1136569976807,
    565.8623237609863,
    565.978316783905,
    565.5393452644348,
    567.9393727779388,
    566.0667111873627,
    565.7613620758057,
    565.4381008148193,
    565.4724807739258,
    565.1466178894043,
    565.3378093242645,
    565.8124356269836,
    565.275420665741,
    565.303873538971,
    565.3696610927582,
    565.4061062335968,
    565.373841047287,
    565.3058910369873,
    565.9152541160583,
    565.8342850208282,
    565.5166096687317,
    565.8271660804749
  ],
  "early_stop": {
    "enabled": true,
    "monitor": "val_loss",
    "best_epoch": 15,
    "best_value": 0.11551440250623164
  }
}