{
  "data_flag": "octmnist",
  "num_classes": 4,
  "class_names": [
    "choroidal neovascularization",
    "diabetic macular edema",
    "drusen",
    "normal"
  ],
  "is_ensemble": false,
  "metrics": {
    "accuracy": 0.937,
    "balanced_accuracy": 0.9369999999999999,
    "auc": 0.9932946666666667
  },
  "confusion_matrix": [
    [
      250,
      0,
      0,
      0
    ],
    [
      7,
      243,
      0,
      0
    ],
    [
      38,
      2,
      208,
      2
    ],
    [
      1,
      10,
      3,
      236
    ]
  ],
  "counts": {
    "n_samples": 1000
  },
  "timing": {
    "eval_wall_sec": 2.6355743408203125,
    "throughput_img_per_s": 379.4239397886814,
    "latency_ms_per_img": 2.6355743408203125
  }
}