{
  "data_flag": "octmnist",
  "num_classes": 4,
  "class_names": [
    "choroidal neovascularization",
    "diabetic macular edema",
    "drusen",
    "normal"
  ],
  "is_ensemble": false,
  "metrics": {
    "accuracy": 0.938,
    "balanced_accuracy": 0.9380000000000001,
    "auc": 0.9954160000000001
  },
  "confusion_matrix": [
    [
      247,
      1,
      2,
      0
    ],
    [
      7,
      243,
      0,
      0
    ],
    [
      41,
      1,
      201,
      7
    ],
    [
      0,
      1,
      2,
      247
    ]
  ],
  "counts": {
    "n_samples": 1000
  },
  "timing": {
    "eval_wall_sec": 2.721259117126465,
    "throughput_img_per_s": 367.4769498084247,
    "latency_ms_per_img": 2.721259117126465
  }
}