{
  "run_name": "fold_3",
  "train_losses": [
    0.16834394666969915,
    0.05143717472027573,
    0.0263632992279815,
    0.021857915417058393,
    0.02339066002362718,
    0.013789752372826182,
    0.018076559873103786,
    0.0075988586262678,
    0.020669666869758255,
    0.006413226211306109,
    0.007629363429899698,
    0.026606206551622127,
    0.005083320769800694,
    0.001820618509319266,
    0.017154754827894674,
    0.008227832025854528,
    0.01475820747785932,
    0.004476346902850781,
    0.0014273942052690709,
    0.0006411546641979166,
    0.001628440094554696,
    0.002983213706352638,
    0.020149347609663824,
    0.005660544986110633
  ],
  "val_losses": [
    0.12972677188615003,
    0.06855932083325805,
    0.04231890754912187,
    0.15040134962786128,
    0.022817831764566816,
    0.117146544020485,
    0.008035174709220883,
    0.05037207194362526,
    0.01457910442938252,
    0.0280356962552846,
    0.02370340189642135,
    0.04671719092746369,
    0.008082777769366792,
    0.0058842282082372955,
    0.05145210420488621,
    0.266501227721434,
    0.009570219253941172,
    0.006275495409816493,
    0.005388496091680079,
    0.009316472675015609,
    0.006218675887608966,
    0.025515520361228415,
    0.01297429519682838,
    0.014451646214486876
  ],
  "val_accs": [
    0.9580439814814815,
    0.9784432870370371,
    0.9868344907407407,
    0.9524016203703703,
    0.9926215277777778,
    0.9633969907407407,
    0.9973958333333334,
    0.9842303240740741,
    0.9956597222222222,
    0.9898726851851852,
    0.9904513888888888,
    0.9848090277777778,
    0.9975405092592593,
    0.9981192129629629,
    0.9850983796296297,
    0.9661458333333334,
    0.9966724537037037,
    0.9985532407407407,
    0.9986979166666666,
    0.9982638888888888,
    0.9979745370370371,
    0.9929108796296297,
    0.99609375,
    0.9953703703703703
  ],
  "epoch_times_sec": [
    43.4700608253479,
    43.091856956481934,
    42.734734773635864,
    44.018309593200684,
    43.7663688659668,
    44.37174344062805,
    43.56804060935974,
    42.39352059364319,
    43.89913487434387,
    43.47389554977417,
    43.6598744392395,
    43.1157751083374,
    42.78430938720703,
    42.26331353187561,
    42.7360725402832,
    43.40279769897461,
    42.650371074676514,
    43.29347014427185,
    42.96536588668823,
    42.83068013191223,
    43.498493671417236,
    43.58049130439758,
    43.253228425979614,
    42.51042938232422
  ],
  "total_train_sec": 1037.8783085346222,
  "early_stop": {
    "enabled": true,
    "monitor": "val_loss",
    "best_epoch": 13,
    "best_value": 0.0058842282082372955
  }
}