{
  "run_name": "fold_2",
  "train_losses": [
    0.15829138471572488,
    0.04998974759709435,
    0.02528731197095045,
    0.022996219240465306,
    0.03484840261457807,
    0.018965961382087296,
    0.004244114620868694,
    0.003971904710683534,
    0.03183458793871439,
    0.023552723082940683,
    0.0021281313696211632,
    0.0011030346034675421,
    0.00658713511215528,
    0.01671639569509285,
    0.014957798413417078,
    0.005548733707318779,
    0.007210131029902793
  ],
  "val_losses": [
    0.15421839734470402,
    0.12737242201412166,
    0.05987357141243087,
    0.03072844255560388,
    0.1546145057029746,
    0.009869864180843622,
    0.005417847334414277,
    0.031750343716811145,
    0.05455577539935432,
    0.010579836141443122,
    0.007276435527038066,
    0.012570191008981728,
    0.021047476807898084,
    0.06589623131892747,
    0.015253805875006408,
    0.007724612247565582,
    0.019493592947212705
  ],
  "val_accs": [
    0.9505208333333334,
    0.9675925925925926,
    0.9816261574074074,
    0.9884259259259259,
    0.9473379629629629,
    0.9966724537037037,
    0.9982638888888888,
    0.9888599537037037,
    0.9810474537037037,
    0.9969618055555556,
    0.9981192129629629,
    0.9962384259259259,
    0.9924768518518519,
    0.9803240740740741,
    0.9946469907407407,
    0.9973958333333334,
    0.9943576388888888
  ],
  "epoch_times_sec": [
    43.65417122840881,
    43.07574653625488,
    44.266483783721924,
    45.420533418655396,
    44.54232621192932,
    43.66464710235596,
    44.16999435424805,
    43.301995277404785,
    43.035603284835815,
    43.21806240081787,
    42.986692905426025,
    42.263124227523804,
    42.99738144874573,
    43.00690770149231,
    42.91701102256775,
    43.170220613479614,
    43.398051261901855
  ],
  "total_train_sec": 739.5481359958649,
  "early_stop": {
    "enabled": true,
    "monitor": "val_loss",
    "best_epoch": 6,
    "best_value": 0.005417847334414277
  }
}