{
  "run_name": "fold_0",
  "train_losses": [
    0.14748317581446221,
    0.04887833913003474,
    0.028292218749777897,
    0.022518400998335523,
    0.02925905602050652,
    0.009853652232373456,
    0.004856864324379044,
    0.016035813091548334,
    0.02051870806361775,
    0.0021504128808458147,
    0.0028442037842490173,
    0.019307451983978454,
    0.00919323884809947,
    0.010781349427891959,
    0.010600134502624314,
    0.009980636329836907,
    0.014989486493622852,
    0.01015045571357068,
    0.0022623466095242125,
    0.0011651101044536619
  ],
  "val_losses": [
    0.06479313553268598,
    0.053155065776544774,
    0.025162487589146954,
    0.12372139797290319,
    0.027046611795032437,
    0.01323123838069581,
    0.012748552489773085,
    0.16424156989563596,
    0.011992646735796536,
    0.005861982286230278,
    0.01984194026920973,
    0.05478188581658866,
    0.014616970080268485,
    0.0398838561790232,
    0.26705866361206226,
    0.010519751965826303,
    0.01981615313297053,
    0.017095925789114765,
    0.005304528031262056,
    0.00636855489772808
  ],
  "val_accs": [
    0.9749746853753797,
    0.9852451902213222,
    0.99175466512368,
    0.9577607406335888,
    0.989295530160567,
    0.9960943150585853,
    0.9956603500650948,
    0.9613771155793432,
    0.9963836250542456,
    0.998408795023868,
    0.9934905250976421,
    0.9813395052799074,
    0.9953710400694344,
    0.990018805149718,
    0.9477795457833068,
    0.997540865036887,
    0.9932012151019818,
    0.994213800086793,
    0.9986981050195284,
    0.9976855200347172
  ],
  "epoch_times_sec": [
    41.77375507354736,
    38.93351721763611,
    39.187432050704956,
    39.615341901779175,
    39.51193571090698,
    39.21375370025635,
    38.93147587776184,
    40.176124572753906,
    40.008177757263184,
    39.41903114318848,
    39.02932119369507,
    39.332709550857544,
    39.32143521308899,
    39.952030181884766,
    39.300623655319214,
    42.72041296958923,
    44.75545382499695,
    40.79135298728943,
    39.73423647880554,
    41.71016526222229
  ],
  "total_train_sec": 803.9362888336182,
  "early_stop": {
    "enabled": true,
    "monitor": "val_loss",
    "best_epoch": 9,
    "best_value": 0.005861982286230278
  }
}