{
  "run_name": "fold_1",
  "train_losses": [
    0.16377177534633558,
    0.04780651634252906,
    0.03193618293692082,
    0.015830174065572297,
    0.0135162927565236,
    0.02020985776201727,
    0.008156022878918319,
    0.01933839469374679,
    0.00869815320338266,
    0.015485946218665992,
    0.028730631442832184,
    0.003082076974747165,
    0.003629419836965166,
    0.0023697379885342577,
    0.0019269105665018658,
    0.0010381380221205021,
    0.006985419251184003,
    0.04642741475604621,
    0.004038307977629706,
    0.0014765369760257104,
    0.0009940597466374533,
    0.0011634670132717997,
    0.0006758667597268784,
    0.0012535889532130197,
    0.030718972672711214
  ],
  "val_losses": [
    0.06026441655639145,
    0.16978061433743546,
    0.028736702364834922,
    0.03622933363766168,
    0.01973284617189266,
    0.017266141606443044,
    0.010525303243007834,
    0.03222575700514157,
    0.037597856357159024,
    0.0984642482880089,
    0.012222336044673014,
    0.0069546227362783,
    0.009673791091902077,
    0.006217591076249475,
    0.0030744466911595803,
    0.0023955197390503396,
    0.31471604357163113,
    0.014826408367500536,
    0.004976849052952646,
    0.005937115872206454,
    0.005595872068035398,
    0.004226037859502362,
    0.006537470189380622,
    0.0039022101143389052,
    0.07933758316492592
  ],
  "val_accs": [
    0.9798900462962963,
    0.9467592592592593,
    0.9926215277777778,
    0.9892939814814815,
    0.9936342592592593,
    0.9930555555555556,
    0.9971064814814815,
    0.9897280092592593,
    0.9895833333333334,
    0.9712094907407407,
    0.9955150462962963,
    0.9982638888888888,
    0.9978298611111112,
    0.9978298611111112,
    0.9989872685185185,
    0.9991319444444444,
    0.9212962962962963,
    0.9959490740740741,
    0.9984085648148148,
    0.9988425925925926,
    0.9986979166666666,
    0.9992766203703703,
    0.9985532407407407,
    0.9994212962962963,
    0.9700520833333334
  ],
  "epoch_times_sec": [
    42.554290771484375,
    41.57082009315491,
    40.48107600212097,
    40.586068630218506,
    40.59922456741333,
    40.318058252334595,
    41.213194370269775,
    40.62062883377075,
    40.62431335449219,
    39.70394563674927,
    40.3146231174469,
    40.587470054626465,
    40.07427954673767,
    39.94753623008728,
    40.33222270011902,
    40.628559827804565,
    40.070738315582275,
    40.057416915893555,
    41.108153104782104,
    41.21063041687012,
    40.689215421676636,
    41.17120718955994,
    41.05963754653931,
    40.68864059448242,
    40.709943532943726
  ],
  "total_train_sec": 1017.7290885448456,
  "early_stop": {
    "enabled": true,
    "monitor": "val_loss",
    "best_epoch": 14,
    "best_value": 0.0030744466911595803
  }
}