{
  "run_name": "fold_4",
  "train_losses": [
    0.15311094911130904,
    0.042852518838588836,
    0.03713791422207443,
    0.013569695731415844,
    0.01694245259110445,
    0.009682018179605453,
    0.052934738016726136,
    0.010799360365530851,
    0.009032472203755417,
    0.0031570297530076155,
    0.0019550904854710367,
    0.00119095195021533,
    0.017399561160034323,
    0.02553834869737599,
    0.0048593783181634835,
    0.002054758965043759,
    0.0038088599148388175,
    0.02455777922659763,
    0.01814765970121462,
    0.005586887457883239,
    0.001604683399050457
  ],
  "val_losses": [
    0.06479596731218475,
    0.06645438854617101,
    0.04229420661512348,
    0.016791210298564424,
    0.03353399490502111,
    0.030932799994911032,
    0.013359195577019515,
    0.056057969285002736,
    0.005328284806671069,
    0.015075669176507357,
    0.004271851483618202,
    0.007640401801499711,
    0.03292411487954841,
    0.02852829797861718,
    0.0043378186912579825,
    0.005984208484867985,
    0.02923476138164039,
    0.03932117127934126,
    0.013720625871091787,
    0.0060796405755186075,
    0.004957827742028139
  ],
  "val_accs": [
    0.9791666666666666,
    0.9730902777777778,
    0.9858217592592593,
    0.9942129629629629,
    0.9897280092592593,
    0.9900173611111112,
    0.9955150462962963,
    0.9796006944444444,
    0.9981192129629629,
    0.9962384259259259,
    0.9982638888888888,
    0.9979745370370371,
    0.9901620370370371,
    0.9923321759259259,
    0.9986979166666666,
    0.9978298611111112,
    0.9930555555555556,
    0.9856770833333334,
    0.9955150462962963,
    0.9976851851851852,
    0.9985532407407407
  ],
  "epoch_times_sec": [
    44.609647035598755,
    44.63076996803284,
    43.709757566452026,
    43.886030435562134,
    43.567432165145874,
    43.85865926742554,
    44.0813262462616,
    42.834856271743774,
    42.6592481136322,
    43.18316173553467,
    43.39490556716919,
    42.918368339538574,
    43.287282943725586,
    42.745389461517334,
    42.66694664955139,
    42.24968504905701,
    43.63663840293884,
    43.19798684120178,
    43.09540557861328,
    43.11897349357605,
    42.27386260032654
  ],
  "total_train_sec": 910.1055026054382,
  "early_stop": {
    "enabled": true,
    "monitor": "val_loss",
    "best_epoch": 10,
    "best_value": 0.004271851483618202
  }
}