{
  "data_flag": "organamnist",
  "num_classes": 11,
  "class_names": [
    "bladder",
    "femur-left",
    "femur-right",
    "heart",
    "kidney-left",
    "kidney-right",
    "liver",
    "lung-left",
    "lung-right",
    "pancreas",
    "spleen"
  ],
  "is_ensemble": false,
  "metrics": {
    "accuracy": 0.968556643041962,
    "balanced_accuracy": 0.963436479667352,
    "auc": 0.9988860644805931
  },
  "confusion_matrix": [
    [
      988,
      0,
      2,
      0,
      14,
      17,
      0,
      0,
      0,
      15,
      0
    ],
    [
      7,
      731,
      22,
      0,
      19,
      3,
      0,
      0,
      0,
      2,
      0
    ],
    [
      9,
      1,
      756,
      0,
      7,
      20,
      0,
      0,
      0,
      0,
      0
    ],
    [
      1,
      0,
      0,
      738,
      29,
      0,
      0,
      0,
      0,
      9,
      8
    ],
    [
      14,
      0,
      1,
      0,
      1883,
      50,
      0,
      0,
      0,
      27,
      89
    ],
    [
      14,
      0,
      6,
      1,
      59,
      1868,
      4,
      0,
      1,
      10,
      2
    ],
    [
      0,
      0,
      0,
      0,
      0,
      0,
      3255,
      0,
      30,
      0,
      0
    ],
    [
      0,
      0,
      0,
      0,
      0,
      0,
      0,
      1747,
      0,
      0,
      0
    ],
    [
      0,
      0,
      0,
      0,
      0,
      0,
      4,
      0,
      1809,
      0,
      0
    ],
    [
      0,
      0,
      0,
      0,
      2,
      0,
      0,
      0,
      0,
      1617,
      3
    ],
    [
      3,
      0,
      0,
      0,
      40,
      2,
      0,
      12,
      0,
      0,
      1827
    ]
  ],
  "counts": {
    "n_samples": 17778
  },
  "timing": {
    "eval_wall_sec": 5.99904465675354,
    "throughput_img_per_s": 2963.471855470533,
    "latency_ms_per_img": 0.3374420439168377
  }
}