{
  "data_flag": "organamnist",
  "num_classes": 11,
  "class_names": [
    "bladder",
    "femur-left",
    "femur-right",
    "heart",
    "kidney-left",
    "kidney-right",
    "liver",
    "lung-left",
    "lung-right",
    "pancreas",
    "spleen"
  ],
  "is_ensemble": false,
  "metrics": {
    "accuracy": 0.9632692091348858,
    "balanced_accuracy": 0.957968895312461,
    "auc": 0.9988387342390438
  },
  "confusion_matrix": [
    [
      977,
      1,
      2,
      0,
      26,
      17,
      0,
      0,
      0,
      12,
      1
    ],
    [
      0,
      731,
      18,
      0,
      29,
      6,
      0,
      0,
      0,
      0,
      0
    ],
    [
      21,
      1,
      758,
      0,
      2,
      11,
      0,
      0,
      0,
      0,
      0
    ],
    [
      7,
      0,
      0,
      730,
      12,
      2,
      0,
      19,
      0,
      3,
      12
    ],
    [
      24,
      0,
      0,
      0,
      1900,
      31,
      0,
      0,
      0,
      10,
      99
    ],
    [
      28,
      0,
      0,
      0,
      135,
      1802,
      0,
      0,
      0,
      0,
      0
    ],
    [
      0,
      0,
      0,
      0,
      0,
      7,
      3251,
      0,
      27,
      0,
      0
    ],
    [
      0,
      0,
      0,
      0,
      0,
      0,
      0,
      1746,
      0,
      0,
      1
    ],
    [
      1,
      0,
      0,
      0,
      0,
      1,
      3,
      0,
      1808,
      0,
      0
    ],
    [
      9,
      0,
      0,
      0,
      5,
      3,
      0,
      0,
      0,
      1588,
      17
    ],
    [
      23,
      0,
      0,
      0,
      17,
      1,
      1,
      7,
      0,
      1,
      1834
    ]
  ],
  "counts": {
    "n_samples": 17778
  },
  "timing": {
    "eval_wall_sec": 5.809552907943726,
    "throughput_img_per_s": 3060.1322135634828,
    "latency_ms_per_img": 0.32678326628100607
  }
}