{
  "data_flag": "organamnist",
  "num_classes": 11,
  "class_names": [
    "bladder",
    "femur-left",
    "femur-right",
    "heart",
    "kidney-left",
    "kidney-right",
    "liver",
    "lung-left",
    "lung-right",
    "pancreas",
    "spleen"
  ],
  "is_ensemble": false,
  "metrics": {
    "accuracy": 0.9631004612442344,
    "balanced_accuracy": 0.9582166826690096,
    "auc": 0.9985690648799572
  },
  "confusion_matrix": [
    [
      970,
      2,
      1,
      0,
      9,
      8,
      2,
      0,
      0,
      44,
      0
    ],
    [
      2,
      728,
      38,
      0,
      14,
      2,
      0,
      0,
      0,
      0,
      0
    ],
    [
      9,
      7,
      764,
      0,
      9,
      4,
      0,
      0,
      0,
      0,
      0
    ],
    [
      13,
      0,
      0,
      731,
      9,
      0,
      0,
      16,
      0,
      0,
      16
    ],
    [
      53,
      0,
      9,
      0,
      1811,
      39,
      0,
      3,
      0,
      30,
      119
    ],
    [
      19,
      0,
      2,
      4,
      68,
      1848,
      0,
      0,
      0,
      2,
      22
    ],
    [
      0,
      0,
      0,
      0,
      0,
      1,
      3253,
      0,
      31,
      0,
      0
    ],
    [
      0,
      0,
      0,
      0,
      0,
      0,
      0,
      1747,
      0,
      0,
      0
    ],
    [
      3,
      0,
      0,
      0,
      0,
      0,
      16,
      0,
      1794,
      0,
      0
    ],
    [
      1,
      0,
      0,
      0,
      1,
      1,
      1,
      0,
      0,
      1612,
      6
    ],
    [
      1,
      0,
      0,
      0,
      10,
      0,
      0,
      6,
      0,
      3,
      1864
    ]
  ],
  "counts": {
    "n_samples": 17778
  },
  "timing": {
    "eval_wall_sec": 6.944250106811523,
    "throughput_img_per_s": 2560.1036435254246,
    "latency_ms_per_img": 0.39060918589332455
  }
}