{
  "data_flag": "organamnist",
  "num_classes": 11,
  "class_names": [
    "bladder",
    "femur-left",
    "femur-right",
    "heart",
    "kidney-left",
    "kidney-right",
    "liver",
    "lung-left",
    "lung-right",
    "pancreas",
    "spleen"
  ],
  "is_ensemble": false,
  "metrics": {
    "accuracy": 0.9699066261671729,
    "balanced_accuracy": 0.966271758103063,
    "auc": 0.9990163048147608
  },
  "confusion_matrix": [
    [
      998,
      2,
      0,
      0,
      11,
      15,
      0,
      0,
      0,
      6,
      4
    ],
    [
      0,
      755,
      12,
      0,
      16,
      1,
      0,
      0,
      0,
      0,
      0
    ],
    [
      10,
      2,
      751,
      0,
      13,
      17,
      0,
      0,
      0,
      0,
      0
    ],
    [
      0,
      0,
      0,
      741,
      7,
      1,
      0,
      13,
      0,
      3,
      20
    ],
    [
      31,
      4,
      3,
      0,
      1860,
      46,
      0,
      0,
      0,
      15,
      105
    ],
    [
      20,
      0,
      0,
      0,
      61,
      1864,
      0,
      0,
      0,
      8,
      12
    ],
    [
      0,
      0,
      0,
      0,
      0,
      0,
      3261,
      0,
      24,
      0,
      0
    ],
    [
      0,
      0,
      0,
      0,
      0,
      0,
      0,
      1747,
      0,
      0,
      0
    ],
    [
      0,
      0,
      0,
      0,
      0,
      3,
      5,
      0,
      1805,
      0,
      0
    ],
    [
      5,
      0,
      0,
      0,
      4,
      3,
      1,
      0,
      0,
      1593,
      16
    ],
    [
      3,
      0,
      0,
      1,
      8,
      0,
      0,
      4,
      0,
      0,
      1868
    ]
  ],
  "counts": {
    "n_samples": 17778
  },
  "timing": {
    "eval_wall_sec": 10.727768421173096,
    "throughput_img_per_s": 1657.1946095435896,
    "latency_ms_per_img": 0.6034294308231013
  }
}