{
  "data_flag": "organamnist",
  "num_classes": 11,
  "class_names": [
    "bladder",
    "femur-left",
    "femur-right",
    "heart",
    "kidney-left",
    "kidney-right",
    "liver",
    "lung-left",
    "lung-right",
    "pancreas",
    "spleen"
  ],
  "is_ensemble": true,
  "metrics": {
    "accuracy": 0.9742378220272246,
    "balanced_accuracy": 0.9706948150593274,
    "auc": 0.9993333244791104
  },
  "confusion_matrix": [
    [
      998,
      1,
      1,
      0,
      11,
      12,
      0,
      0,
      0,
      12,
      1
    ],
    [
      1,
      738,
      28,
      0,
      16,
      1,
      0,
      0,
      0,
      0,
      0
    ],
    [
      10,
      1,
      769,
      0,
      5,
      8,
      0,
      0,
      0,
      0,
      0
    ],
    [
      0,
      0,
      0,
      749,
      11,
      2,
      0,
      9,
      0,
      0,
      14
    ],
    [
      25,
      0,
      3,
      0,
      1893,
      28,
      0,
      0,
      0,
      21,
      94
    ],
    [
      20,
      0,
      0,
      0,
      63,
      1877,
      0,
      0,
      0,
      0,
      5
    ],
    [
      0,
      0,
      0,
      0,
      0,
      0,
      3256,
      0,
      29,
      0,
      0
    ],
    [
      0,
      0,
      0,
      0,
      0,
      0,
      0,
      1747,
      0,
      0,
      0
    ],
    [
      0,
      0,
      0,
      0,
      0,
      1,
      4,
      0,
      1808,
      0,
      0
    ],
    [
      1,
      0,
      0,
      0,
      0,
      0,
      0,
      0,
      0,
      1616,
      5
    ],
    [
      2,
      0,
      0,
      0,
      5,
      0,
      0,
      8,
      0,
      0,
      1869
    ]
  ],
  "counts": {
    "n_samples": 17778
  },
  "timing": {
    "eval_wall_sec": 17.89987349510193,
    "throughput_img_per_s": 993.191376735971,
    "latency_ms_per_img": 1.0068552984082535
  }
}