{
  "data_flag": "organamnist",
  "num_classes": 11,
  "class_names": [
    "bladder",
    "femur-left",
    "femur-right",
    "heart",
    "kidney-left",
    "kidney-right",
    "liver",
    "lung-left",
    "lung-right",
    "pancreas",
    "spleen"
  ],
  "is_ensemble": false,
  "metrics": {
    "accuracy": 0.9663066711666104,
    "balanced_accuracy": 0.962265303392541,
    "auc": 0.998976600686186
  },
  "confusion_matrix": [
    [
      972,
      1,
      1,
      0,
      17,
      27,
      0,
      0,
      0,
      17,
      1
    ],
    [
      5,
      722,
      44,
      0,
      9,
      4,
      0,
      0,
      0,
      0,
      0
    ],
    [
      1,
      0,
      773,
      0,
      0,
      19,
      0,
      0,
      0,
      0,
      0
    ],
    [
      1,
      0,
      0,
      749,
      2,
      10,
      1,
      0,
      0,
      2,
      20
    ],
    [
      44,
      0,
      36,
      0,
      1806,
      51,
      0,
      0,
      0,
      38,
      89
    ],
    [
      20,
      0,
      0,
      0,
      58,
      1884,
      0,
      0,
      0,
      1,
      2
    ],
    [
      0,
      0,
      0,
      0,
      0,
      0,
      3261,
      0,
      24,
      0,
      0
    ],
    [
      0,
      0,
      0,
      0,
      0,
      0,
      0,
      1744,
      0,
      0,
      3
    ],
    [
      0,
      0,
      0,
      0,
      0,
      0,
      11,
      0,
      1802,
      0,
      0
    ],
    [
      0,
      0,
      0,
      0,
      1,
      0,
      1,
      0,
      0,
      1615,
      5
    ],
    [
      0,
      0,
      0,
      0,
      7,
      0,
      0,
      26,
      0,
      0,
      1851
    ]
  ],
  "counts": {
    "n_samples": 17778
  },
  "timing": {
    "eval_wall_sec": 6.1384196281433105,
    "throughput_img_per_s": 2896.1851872250245,
    "latency_ms_per_img": 0.34528178806071047
  }
}