{
  "run_name": "fold_0",
  "train_losses": [
    0.2785248803285687,
    0.04463085027988174,
    0.016807602831747197,
    0.03996798921773354,
    0.02114206061932285,
    0.022913167383445142,
    0.00657671399390692,
    0.0010019041849943292,
    0.0009738942693406226,
    0.0007829425675912867,
    0.0004097040311254946,
    0.00023340464347763098,
    0.00019877901318673407,
    0.0001778585798391126,
    0.0001613265669946808,
    0.00014774581233476414,
    0.00013659992431996074,
    0.00012681070107508453,
    0.00011839362993669472,
    0.0001109028224431738,
    0.00010447712199081964,
    9.824854828958975e-05
  ],
  "val_losses": [
    0.03572089450307858,
    0.06266188423508537,
    0.05664207574773505,
    0.04614552732223349,
    0.07986704435819246,
    0.0732478689558981,
    0.03405596771902342,
    0.04245824406079487,
    0.04141571576176279,
    0.03147734629666651,
    0.03272892627455388,
    0.030341894018356953,
    0.029737853794731116,
    0.029439382633693188,
    0.02947270331992721,
    0.02952331668765721,
    0.029501323137641755,
    0.029556156636128064,
    0.029689807927977017,
    0.029825131263085038,
    0.02996704254548514,
    0.030064619251795478
  ],
  "val_accs": [
    0.9876599634369287,
    0.9789762340036563,
    0.9835466179159049,
    0.9821755027422303,
    0.9817184643510055,
    0.9803473491773309,
    0.9894881170018281,
    0.9858318098720292,
    0.9858318098720292,
    0.9885740402193784,
    0.9917733089579525,
    0.9913162705667276,
    0.9913162705667276,
    0.9913162705667276,
    0.9913162705667276,
    0.9913162705667276,
    0.9913162705667276,
    0.9917733089579525,
    0.9917733089579525,
    0.9917733089579525,
    0.9917733089579525,
    0.9917733089579525
  ],
  "epoch_times_sec": [
    73.13564085960388,
    70.90077996253967,
    71.7959496974945,
    71.89633011817932,
    71.76215434074402,
    71.57916951179504,
    71.61219716072083,
    71.6061851978302,
    71.48062944412231,
    71.58484649658203,
    71.94042611122131,
    71.77754235267639,
    71.64447784423828,
    71.61021757125854,
    71.71843814849854,
    71.81349325180054,
    71.6666648387909,
    71.68961024284363,
    71.60203289985657,
    71.47661876678467,
    71.85225319862366,
    71.5957100391388
  ],
  "early_stop": {
    "enabled": true,
    "monitor": "val_loss",
    "best_epoch": 11,
    "best_value": 0.030341894018356953
  }
}