{
  "run_name": "fold_4",
  "train_losses": [
    0.31691165074769095,
    0.05181824782873266,
    0.022522143431153486,
    0.016156722610848932,
    0.013997301088018218,
    0.0059527551074248205,
    0.01108260469225655,
    0.011717512444852215,
    0.03364770917728814,
    0.019335527941695293,
    0.0037275482846683933,
    0.0026981310112256436,
    0.0007815905577871565,
    0.00028514279741766196,
    0.00022536857337430622,
    0.0001955502086918018,
    0.00017451342646190542,
    0.00015847525548827294,
    0.00014516039531014145,
    0.00013404223086040543,
    0.00012466524980884783,
    0.00011638979077192698,
    0.00010934560042879951,
    0.00010309342632587739
  ],
  "val_losses": [
    0.10115068476045845,
    0.07546976810064854,
    0.06802966627807608,
    0.08661225374188031,
    0.0755622494608295,
    0.05782242115554206,
    0.06706210709090511,
    0.1168869335083423,
    0.13109753343903097,
    0.07452510262230112,
    0.07271585406110719,
    0.055977640912683264,
    0.056914570928567436,
    0.05410195141306114,
    0.05429087168324078,
    0.054647154084792024,
    0.055007514509890186,
    0.055355710815304285,
    0.0556589627359624,
    0.055929908645745194,
    0.056255742194274,
    0.05657582800353847,
    0.05677881907372148,
    0.057086252711547526
  ],
  "val_accs": [
    0.9597622313671696,
    0.9757658893461363,
    0.9789666209419295,
    0.9725651577503429,
    0.9803383630544125,
    0.9826245999085506,
    0.9794238683127572,
    0.9638774577046182,
    0.9643347050754458,
    0.9817101051668953,
    0.9817101051668953,
    0.9867398262459991,
    0.9890260631001372,
    0.9867398262459991,
    0.9871970736168267,
    0.9867398262459991,
    0.9867398262459991,
    0.9867398262459991,
    0.9867398262459991,
    0.9867398262459991,
    0.9867398262459991,
    0.9867398262459991,
    0.9867398262459991,
    0.9867398262459991
  ],
  "epoch_times_sec": [
    74.24518704414368,
    71.5337884426117,
    71.79526138305664,
    71.76604866981506,
    71.61931777000427,
    71.7944552898407,
    71.62618684768677,
    71.76203465461731,
    71.77789950370789,
    71.79319500923157,
    71.82577586174011,
    71.64113759994507,
    71.79721760749817,
    71.64153814315796,
    71.79757618904114,
    71.67472529411316,
    71.86828231811523,
    71.77908229827881,
    71.57186532020569,
    71.71693110466003,
    71.8137686252594,
    71.65088415145874,
    71.55084037780762,
    71.89132618904114
  ],
  "early_stop": {
    "enabled": true,
    "monitor": "val_loss",
    "best_epoch": 13,
    "best_value": 0.05410195141306114
  }
}