{
  "run_name": "fold_3",
  "train_losses": [
    0.7478357165837264,
    0.05948724334124688,
    0.017682410578194148,
    0.02112717450121523,
    0.02929140059712792,
    0.01888947984582016,
    0.007087890090690584,
    0.0014423768929494206,
    0.010113678140641758,
    0.0016346919060891145,
    0.0023045378040655613,
    0.019641420792574093,
    0.0013147767265737635
  ],
  "val_losses": [
    0.12185991957620175,
    0.05928449643836291,
    0.05483515468090909,
    0.06593135057285915,
    0.12229235817858831,
    0.11454246475782448,
    0.059496670117328995,
    0.06147065848550407,
    0.07170820149429531,
    0.0846703725916052,
    0.11570526523218343,
    0.06599630186665134,
    0.05861760870024494
  ],
  "val_accs": [
    0.9556470050297211,
    0.9821673525377229,
    0.984453589391861,
    0.9730224051211706,
    0.965249199817101,
    0.9684499314128944,
    0.9817101051668953,
    0.9798811156835848,
    0.9789666209419295,
    0.978509373571102,
    0.9721079103795153,
    0.9826245999085506,
    0.9862825788751715
  ],
  "epoch_times_sec": [
    73.90764093399048,
    71.55341720581055,
    71.80549454689026,
    71.87824320793152,
    71.76571583747864,
    71.77726888656616,
    71.90769600868225,
    71.63076615333557,
    72.03458666801453,
    71.95036005973816,
    71.6059820652008,
    71.57543516159058,
    71.82924485206604
  ],
  "early_stop": {
    "enabled": true,
    "monitor": "val_loss",
    "best_epoch": 2,
    "best_value": 0.05483515468090909
  }
}