{
  "run_name": "fold_1",
  "train_losses": [
    0.3327428251692248,
    0.05509445618623896,
    0.02226417174556212,
    0.014416887364955422,
    0.011307566857280725,
    0.014181700574185375,
    0.026721666078320067,
    0.015072672008439356,
    0.01950883596253294,
    0.01621795879737188,
    0.002482238858052561,
    0.00048085369305115233,
    0.0002765705437915831,
    0.0002298393607282655,
    0.0002015461530572606,
    0.00018053035384751084,
    0.00016375662155806208,
    0.00015008977797116154,
    0.00013864930778322853,
    0.00012889098808644553,
    0.00012054762957688536,
    0.00011309753736811701
  ],
  "val_losses": [
    0.09151461967797273,
    0.04187927492197976,
    0.04432309560978527,
    0.0570077724843386,
    0.059374666481079114,
    0.03874782283773802,
    0.08575776360578116,
    0.04358601288922782,
    0.07388526049051237,
    0.049555403787249236,
    0.038798285311543196,
    0.027254966494720343,
    0.027077049393532393,
    0.027312786300449664,
    0.027625727947591838,
    0.027930477901635914,
    0.028371371391110522,
    0.028525933081266705,
    0.02891892624881779,
    0.029206617252631212,
    0.029407129069331076,
    0.029728741242251583
  ],
  "val_accs": [
    0.9702789208962048,
    0.9885688157293095,
    0.9817101051668953,
    0.9839963420210334,
    0.9826245999085506,
    0.9821673525377229,
    0.9789666209419295,
    0.9835390946502057,
    0.984453589391861,
    0.9862825788751715,
    0.9908550525834476,
    0.9922267946959304,
    0.9913122999542753,
    0.9917695473251029,
    0.9917695473251029,
    0.9913122999542753,
    0.9913122999542753,
    0.9913122999542753,
    0.9913122999542753,
    0.9913122999542753,
    0.9913122999542753,
    0.9913122999542753
  ],
  "epoch_times_sec": [
    73.6326162815094,
    71.25536513328552,
    71.74477863311768,
    71.64834499359131,
    71.71819424629211,
    71.46641302108765,
    71.60952615737915,
    71.97974300384521,
    71.77984428405762,
    71.85494899749756,
    71.8508026599884,
    72.0183117389679,
    71.93120288848877,
    71.91786050796509,
    71.83028411865234,
    72.0521068572998,
    71.66348361968994,
    71.63461208343506,
    71.74206686019897,
    71.5944151878357,
    71.65012502670288,
    71.96302151679993
  ],
  "early_stop": {
    "enabled": true,
    "monitor": "val_loss",
    "best_epoch": 11,
    "best_value": 0.027254966494720343
  }
}