{
  "run_name": "fold_2",
  "train_losses": [
    0.44863957815925687,
    0.036647662658366574,
    0.03840774515040576,
    0.009346978603287934,
    0.009279564786044539,
    0.027975428731513166,
    0.020265378715385914,
    0.012485022965002392,
    0.0039017467695360852,
    0.003761076422786969,
    0.002941294677248136,
    0.018114516504108055
  ],
  "val_losses": [
    0.1033730884706478,
    0.04531595899760093,
    0.09909829527487153,
    0.05817302725089192,
    0.08934925384495866,
    0.06569061147591596,
    0.1144855844303429,
    0.06375431568028275,
    0.10049051025760572,
    0.046216681711467804,
    0.05976398609702424,
    0.05696048002082609
  ],
  "val_accs": [
    0.9684499314128944,
    0.9830818472793782,
    0.9711934156378601,
    0.984453589391861,
    0.9730224051211706,
    0.9807956104252401,
    0.9684499314128944,
    0.9826245999085506,
    0.9661636945587563,
    0.9867398262459991,
    0.9826245999085506,
    0.9789666209419295
  ],
  "epoch_times_sec": [
    74.25291299819946,
    71.67855167388916,
    71.86736702919006,
    72.12111258506775,
    71.86398768424988,
    71.75862383842468,
    71.9241874217987,
    71.75832486152649,
    71.81054043769836,
    71.72438549995422,
    71.74568247795105,
    71.7831449508667
  ],
  "early_stop": {
    "enabled": true,
    "monitor": "val_loss",
    "best_epoch": 1,
    "best_value": 0.04531595899760093
  }
}