{
  "data_flag": "bloodmnist",
  "num_classes": 8,
  "class_names": [
    "basophil",
    "eosinophil",
    "erythroblast",
    "immature granulocytes(myelocytes, metamyelocytes and promyelocytes)",
    "lymphocyte",
    "monocyte",
    "neutrophil",
    "platelet"
  ],
  "is_ensemble": false,
  "metrics": {
    "accuracy": 0.9888921368021046,
    "balanced_accuracy": 0.9903270206635361,
    "auc": 0.9994947007926559
  },
  "confusion_matrix": [
    [
      243,
      0,
      0,
      1,
      0,
      0,
      0,
      0
    ],
    [
      0,
      624,
      0,
      0,
      0,
      0,
      0,
      0
    ],
    [
      0,
      0,
      309,
      1,
      0,
      1,
      0,
      0
    ],
    [
      0,
      0,
      0,
      563,
      0,
      5,
      11,
      0
    ],
    [
      0,
      0,
      0,
      1,
      242,
      0,
      0,
      0
    ],
    [
      0,
      0,
      0,
      1,
      3,
      280,
      0,
      0
    ],
    [
      0,
      1,
      0,
      11,
      0,
      2,
      652,
      0
    ],
    [
      0,
      0,
      0,
      0,
      0,
      0,
      0,
      470
    ]
  ],
  "counts": {
    "n_samples": 3421
  },
  "timing": {
    "eval_wall_sec": 8.545735597610474,
    "throughput_img_per_s": 400.31662118783163,
    "latency_ms_per_img": 2.4980226827274112
  }
}