{
  "data_flag": "bloodmnist",
  "num_classes": 8,
  "class_names": [
    "basophil",
    "eosinophil",
    "erythroblast",
    "immature granulocytes(myelocytes, metamyelocytes and promyelocytes)",
    "lymphocyte",
    "monocyte",
    "neutrophil",
    "platelet"
  ],
  "is_ensemble": false,
  "metrics": {
    "accuracy": 0.9836305173925752,
    "balanced_accuracy": 0.9859606463860936,
    "auc": 0.9995379094511401
  },
  "confusion_matrix": [
    [
      243,
      0,
      0,
      1,
      0,
      0,
      0,
      0
    ],
    [
      0,
      624,
      0,
      0,
      0,
      0,
      0,
      0
    ],
    [
      0,
      0,
      308,
      1,
      0,
      2,
      0,
      0
    ],
    [
      0,
      0,
      0,
      564,
      0,
      10,
      5,
      0
    ],
    [
      0,
      0,
      1,
      1,
      238,
      3,
      0,
      0
    ],
    [
      0,
      0,
      0,
      1,
      1,
      282,
      0,
      0
    ],
    [
      0,
      1,
      0,
      28,
      0,
      1,
      636,
      0
    ],
    [
      0,
      0,
      0,
      0,
      0,
      0,
      0,
      470
    ]
  ],
  "counts": {
    "n_samples": 3421
  },
  "timing": {
    "eval_wall_sec": 8.66589879989624,
    "throughput_img_per_s": 394.76574548054504,
    "latency_ms_per_img": 2.5331478514750776
  }
}