{
  "data_flag": "bloodmnist",
  "num_classes": 8,
  "class_names": [
    "basophil",
    "eosinophil",
    "erythroblast",
    "immature granulocytes(myelocytes, metamyelocytes and promyelocytes)",
    "lymphocyte",
    "monocyte",
    "neutrophil",
    "platelet"
  ],
  "is_ensemble": false,
  "metrics": {
    "accuracy": 0.9877228880444314,
    "balanced_accuracy": 0.9884818519525351,
    "auc": 0.9995697282639742
  },
  "confusion_matrix": [
    [
      243,
      0,
      0,
      1,
      0,
      0,
      0,
      0
    ],
    [
      0,
      624,
      0,
      0,
      0,
      0,
      0,
      0
    ],
    [
      0,
      0,
      309,
      1,
      0,
      1,
      0,
      0
    ],
    [
      1,
      0,
      0,
      560,
      1,
      3,
      14,
      0
    ],
    [
      0,
      0,
      1,
      0,
      242,
      0,
      0,
      0
    ],
    [
      0,
      0,
      0,
      3,
      5,
      276,
      0,
      0
    ],
    [
      0,
      2,
      0,
      9,
      0,
      0,
      655,
      0
    ],
    [
      0,
      0,
      0,
      0,
      0,
      0,
      0,
      470
    ]
  ],
  "counts": {
    "n_samples": 3421
  },
  "timing": {
    "eval_wall_sec": 8.558935403823853,
    "throughput_img_per_s": 399.69924279036024,
    "latency_ms_per_img": 2.501881146981541
  }
}