{
  "data_flag": "bloodmnist",
  "num_classes": 8,
  "class_names": [
    "basophil",
    "eosinophil",
    "erythroblast",
    "immature granulocytes(myelocytes, metamyelocytes and promyelocytes)",
    "lymphocyte",
    "monocyte",
    "neutrophil",
    "platelet"
  ],
  "is_ensemble": false,
  "metrics": {
    "accuracy": 0.9877228880444314,
    "balanced_accuracy": 0.9893138069476888,
    "auc": 0.9994105864528344
  },
  "confusion_matrix": [
    [
      243,
      0,
      0,
      1,
      0,
      0,
      0,
      0
    ],
    [
      0,
      624,
      0,
      0,
      0,
      0,
      0,
      0
    ],
    [
      0,
      0,
      310,
      0,
      0,
      1,
      0,
      0
    ],
    [
      0,
      0,
      0,
      564,
      0,
      2,
      13,
      0
    ],
    [
      0,
      0,
      1,
      0,
      242,
      0,
      0,
      0
    ],
    [
      0,
      0,
      0,
      3,
      3,
      278,
      0,
      0
    ],
    [
      0,
      2,
      0,
      15,
      0,
      1,
      648,
      0
    ],
    [
      0,
      0,
      0,
      0,
      0,
      0,
      0,
      470
    ]
  ],
  "counts": {
    "n_samples": 3421
  },
  "timing": {
    "eval_wall_sec": 8.688594102859497,
    "throughput_img_per_s": 393.73458576849816,
    "latency_ms_per_img": 2.5397819651737787
  }
}