{
  "run_name": "fold_3",
  "train_losses": [
    0.5962107665556714,
    0.3864577635189047,
    0.35728708902994794,
    0.34701449171941084,
    0.3255560643093329,
    0.3035193039361098,
    0.2524070548533198,
    0.2186168967034285,
    0.1634292841555182,
    0.10585543027796541,
    0.07683512321988442,
    0.053458142101316525,
    0.029287302404418028,
    0.03177460781613687,
    0.0296439034000674,
    0.017999548362311265,
    0.008635322999834716,
    0.002739858097002321
  ],
  "val_losses": [
    0.41625556349754333,
    0.3686733841896057,
    0.3600102961063385,
    0.3480614423751831,
    0.3294330835342407,
    0.26846832036972046,
    0.2761562466621399,
    0.20155493915081024,
    0.2750689685344696,
    0.28026869893074036,
    0.5036457777023315,
    0.3173312246799469,
    0.6016464829444885,
    0.37579208612442017,
    0.40572303533554077,
    0.26362210512161255,
    0.2849836051464081,
    0.29015815258026123
  ],
  "val_accs": [
    0.27,
    0.73,
    0.82,
    0.59,
    0.81,
    0.73,
    0.65,
    0.86,
    0.89,
    0.68,
    0.83,
    0.74,
    0.84,
    0.73,
    0.89,
    0.84,
    0.86,
    0.87
  ],
  "epoch_times_sec": [
    3.955080270767212,
    3.4311776161193848,
    3.402869701385498,
    3.3942782878875732,
    3.363029718399048,
    3.3687846660614014,
    3.381187677383423,
    3.3876633644104004,
    3.4362266063690186,
    3.3853092193603516,
    3.3894762992858887,
    3.406750202178955,
    3.384812116622925,
    3.4900286197662354,
    3.3993852138519287,
    3.4134297370910645,
    3.4139301776885986,
    3.420063018798828
  ],
  "early_stop": {
    "enabled": true,
    "monitor": "val_loss",
    "best_epoch": 7,
    "best_value": 0.20155493915081024
  }
}