{
  "run_name": "fold_4",
  "train_losses": [
    0.526329345703125,
    0.32565635681152344,
    0.25452857971191406,
    0.1903924512863159,
    0.1412628960609436,
    0.08018451213836669,
    0.027200631499290466,
    0.01089039921760559,
    0.0034647200256586073,
    0.0020193637162446974,
    0.001116856262087822,
    0.0008233252167701721,
    0.0006189563684165477,
    0.0004939570836722851
  ],
  "val_losses": [
    0.3924050033092499,
    0.3738878667354584,
    0.22548359632492065,
    0.2061845064163208,
    0.21764276921749115,
    0.2447649985551834,
    0.2793419659137726,
    0.31119170784950256,
    0.3579903841018677,
    0.38536325097084045,
    0.40654027462005615,
    0.43028682470321655,
    0.45328667759895325,
    0.4750247597694397
  ],
  "val_accs": [
    0.2727272727272727,
    0.3939393939393939,
    0.8888888888888888,
    0.8282828282828283,
    0.8686868686868687,
    0.8888888888888888,
    0.8585858585858586,
    0.8686868686868687,
    0.8787878787878788,
    0.8585858585858586,
    0.8585858585858586,
    0.8484848484848485,
    0.8484848484848485,
    0.8484848484848485
  ],
  "epoch_times_sec": [
    3.984793186187744,
    3.3575615882873535,
    3.43428635597229,
    3.403986930847168,
    3.3803656101226807,
    3.420485496520996,
    3.447169303894043,
    3.4068939685821533,
    3.379953145980835,
    3.446321725845337,
    3.3959221839904785,
    3.4042956829071045,
    3.4858293533325195,
    3.3959004878997803
  ],
  "early_stop": {
    "enabled": true,
    "monitor": "val_loss",
    "best_epoch": 3,
    "best_value": 0.2061845064163208
  }
}