{
  "run_name": "fold_1",
  "train_losses": [
    0.49145386392311347,
    0.3455410242678229,
    0.3037615706747337,
    0.24272196872491286,
    0.16818798514535852,
    0.09373885945867476,
    0.0633414227860912,
    0.020070130066166546,
    0.01053388121731598,
    0.0035270702719389646,
    0.0015573870941511072,
    0.0009834673022267812,
    0.0006809121833409283,
    0.0005252144689249215,
    0.0004232948585261677
  ],
  "val_losses": [
    0.36104288697242737,
    0.3226441740989685,
    0.26817211508750916,
    0.2055322527885437,
    0.19442230463027954,
    0.3176756203174591,
    0.2682704031467438,
    0.32878220081329346,
    0.28364551067352295,
    0.35117611289024353,
    0.43162965774536133,
    0.48161759972572327,
    0.5152034759521484,
    0.5388010740280151,
    0.5586178302764893
  ],
  "val_accs": [
    0.3,
    0.36,
    0.88,
    0.89,
    0.89,
    0.85,
    0.88,
    0.88,
    0.89,
    0.9,
    0.89,
    0.88,
    0.88,
    0.88,
    0.88
  ],
  "epoch_times_sec": [
    3.85880446434021,
    3.412107467651367,
    3.359720230102539,
    3.39454984664917,
    3.419825553894043,
    3.3950130939483643,
    3.3944714069366455,
    3.4482245445251465,
    3.4110450744628906,
    3.4479706287384033,
    3.439589500427246,
    3.4778892993927,
    3.3826279640197754,
    3.481767416000366,
    3.4545328617095947
  ],
  "early_stop": {
    "enabled": true,
    "monitor": "val_loss",
    "best_epoch": 4,
    "best_value": 0.19442230463027954
  }
}