{
  "run_name": "fold_0",
  "train_losses": [
    0.47588155263647397,
    0.3563817628941739,
    0.25984274594108564,
    0.1772790827547996,
    0.11340656137107906,
    0.05290481858982478,
    0.022066899708339145,
    0.009111235912581136,
    0.005269581064544525,
    0.001998784772136755,
    0.024072213429854925,
    0.0012529418432622925,
    0.08287648767008818,
    0.051095428323387204
  ],
  "val_losses": [
    0.4736730754375458,
    0.32359740138053894,
    0.3392464518547058,
    0.2581932246685028,
    0.29410797357559204,
    0.32104286551475525,
    0.3590632677078247,
    0.41171136498451233,
    0.6429510116577148,
    0.8461712598800659,
    0.6459335088729858,
    1.3274677991867065,
    0.4853422939777374,
    0.8473347425460815
  ],
  "val_accs": [
    0.27,
    0.81,
    0.83,
    0.83,
    0.83,
    0.85,
    0.86,
    0.87,
    0.85,
    0.84,
    0.87,
    0.79,
    0.82,
    0.83
  ],
  "epoch_times_sec": [
    4.149100065231323,
    3.292450428009033,
    3.3340718746185303,
    3.3511006832122803,
    3.397986650466919,
    3.416468381881714,
    3.362530469894409,
    3.390808582305908,
    3.3656210899353027,
    3.4242258071899414,
    3.3702192306518555,
    3.3604226112365723,
    3.4712164402008057,
    3.4286139011383057
  ],
  "early_stop": {
    "enabled": true,
    "monitor": "val_loss",
    "best_epoch": 3,
    "best_value": 0.2581932246685028
  }
}