{
  "run_name": "fold_2",
  "train_losses": [
    0.519684774833813,
    0.34466236277032913,
    0.341290026977845,
    0.3325551446517906,
    0.2695261398353672,
    0.2772843019107828,
    0.22939141830406093,
    0.16553547985870437,
    0.11753547878791216,
    0.06956507986350764,
    0.029706943602789016,
    0.01446606521319626,
    0.0071959063821567925,
    0.009548840591483247,
    0.007209100109293945,
    0.01739945029256338,
    0.010463023917716845,
    0.008344745501539762,
    0.01815216777318701
  ],
  "val_losses": [
    0.3712305426597595,
    0.35759520530700684,
    0.3638877868652344,
    0.29643794894218445,
    0.31817537546157837,
    0.27674800157546997,
    0.2082156389951706,
    0.19901050627231598,
    0.18885333836078644,
    0.19915717840194702,
    0.2397010326385498,
    0.26499438285827637,
    0.28634577989578247,
    0.3229641020298004,
    0.468351811170578,
    0.37656036019325256,
    0.3384028673171997,
    0.3982280194759369,
    0.4610317051410675
  ],
  "val_accs": [
    0.61,
    0.29,
    0.29,
    0.81,
    0.82,
    0.65,
    0.88,
    0.87,
    0.87,
    0.9,
    0.88,
    0.89,
    0.87,
    0.86,
    0.87,
    0.88,
    0.87,
    0.89,
    0.85
  ],
  "epoch_times_sec": [
    3.9568541049957275,
    3.439223289489746,
    3.4289002418518066,
    3.444535255432129,
    3.429417848587036,
    3.444135904312134,
    3.4261856079101562,
    3.4517881870269775,
    3.416877031326294,
    3.4614999294281006,
    3.413090229034424,
    3.492867946624756,
    3.4093050956726074,
    3.450078248977661,
    3.4939663410186768,
    3.445242166519165,
    3.450848340988159,
    3.3961567878723145,
    3.4655609130859375
  ],
  "early_stop": {
    "enabled": true,
    "monitor": "val_loss",
    "best_epoch": 8,
    "best_value": 0.18885333836078644
  }
}