{
  "data_flag": "breastmnist",
  "num_classes": 2,
  "class_names": [
    "malignant",
    "normal, benign"
  ],
  "is_ensemble": false,
  "metrics": {
    "accuracy": 0.9166666666666666,
    "balanced_accuracy": 0.8677944862155389,
    "auc": 0.898078529657477
  },
  "confusion_matrix": [
    [
      32,
      10
    ],
    [
      3,
      111
    ]
  ],
  "counts": {
    "n_samples": 156
  },
  "timing": {
    "eval_wall_sec": 0.5218403339385986,
    "throughput_img_per_s": 298.94201320658254,
    "latency_ms_per_img": 3.3451303457602477
  }
}