{
  "data_flag": "breastmnist",
  "num_classes": 2,
  "class_names": [
    "malignant",
    "normal, benign"
  ],
  "is_ensemble": false,
  "metrics": {
    "accuracy": 0.8589743589743589,
    "balanced_accuracy": 0.8433583959899749,
    "auc": 0.8920217209690894
  },
  "confusion_matrix": [
    [
      34,
      8
    ],
    [
      14,
      100
    ]
  ],
  "counts": {
    "n_samples": 156
  },
  "timing": {
    "eval_wall_sec": 0.8249375820159912,
    "throughput_img_per_s": 189.1052164440921,
    "latency_ms_per_img": 5.288061423179431
  }
}