{
  "data_flag": "breastmnist",
  "num_classes": 2,
  "class_names": [
    "malignant",
    "normal, benign"
  ],
  "is_ensemble": false,
  "metrics": {
    "accuracy": 0.8717948717948718,
    "balanced_accuracy": 0.8446115288220551,
    "auc": 0.8765664160401002
  },
  "confusion_matrix": [
    [
      33,
      9
    ],
    [
      11,
      103
    ]
  ],
  "counts": {
    "n_samples": 156
  },
  "timing": {
    "eval_wall_sec": 0.5654757022857666,
    "throughput_img_per_s": 275.87392237971784,
    "latency_ms_per_img": 3.624844245421581
  }
}