{
  "run_name": "fold_2",
  "train_losses": [
    0.09950468106288463,
    0.03021276795025915,
    0.02272492180566769,
    0.016413065024302342,
    0.015075676231761464,
    0.015506646643858403,
    0.009404133919451852,
    0.013980628522083862,
    0.008689507833318203,
    0.008164600753661943,
    0.010802957489911932,
    0.007316005697954097
  ],
  "val_losses": [
    0.05083129564486444,
    0.029386843915097414,
    0.0488081315793097,
    0.03843937564175576,
    0.031642332820687444,
    0.030451776444446296,
    0.05330677738599479,
    0.03905368691775948,
    0.030651619602111168,
    0.034402067689690737,
    0.04021363809658214,
    0.06572645460627972
  ],
  "val_accs": [
    0.984875,
    0.9910625,
    0.9846875,
    0.987625,
    0.99075,
    0.990875,
    0.9849375,
    0.9889375,
    0.9925,
    0.990375,
    0.9909375,
    0.983375
  ],
  "epoch_times_sec": [
    527.947158575058,
    519.1951553821564,
    518.4257216453552,
    518.4332752227783,
    518.1199600696564,
    518.0115034580231,
    518.1212553977966,
    518.3432748317719,
    518.3863773345947,
    518.5676507949829,
    517.3768289089203,
    517.218591928482
  ],
  "early_stop": {
    "enabled": true,
    "monitor": "val_loss",
    "best_epoch": 1,
    "best_value": 0.029386843915097414
  }
}