{
  "run_name": "fold_4",
  "train_losses": [
    0.09790303783630952,
    0.02989088373375125,
    0.02278324339527171,
    0.015850769415788817,
    0.014002631545532494,
    0.013905330229259561,
    0.011515489444340346,
    0.012711455334560015,
    0.010102816859885934,
    0.009015781246242114,
    0.008522364206466591,
    0.010301103852238157,
    0.008743893372200546,
    0.005218080979168008,
    0.007101652266443125
  ],
  "val_losses": [
    0.05639817425981164,
    0.03980203281715512,
    0.036630869909189644,
    0.04145350428065285,
    0.02694139326643199,
    0.03785272330767475,
    0.03915028419625014,
    0.032682360651437196,
    0.03787225279677659,
    0.05065245932620019,
    0.048848673820961266,
    0.041065612216014416,
    0.036877162546152246,
    0.05301983271539211,
    0.036203244645614176
  ],
  "val_accs": [
    0.9843125,
    0.9855625,
    0.988,
    0.9886875,
    0.9920625,
    0.9885625,
    0.987,
    0.9909375,
    0.98875,
    0.9865,
    0.9888125,
    0.9896875,
    0.9901875,
    0.9863125,
    0.988625
  ],
  "epoch_times_sec": [
    528.4645311832428,
    518.6999154090881,
    518.1058828830719,
    518.0986406803131,
    518.2044897079468,
    518.0000431537628,
    518.1441626548767,
    518.0259034633636,
    518.561635017395,
    516.7880005836487,
    516.5315289497375,
    516.9983441829681,
    516.9869649410248,
    516.9474875926971,
    516.9136514663696
  ],
  "early_stop": {
    "enabled": true,
    "monitor": "val_loss",
    "best_epoch": 4,
    "best_value": 0.02694139326643199
  }
}