{
  "run_name": "fold_1",
  "train_losses": [
    0.096848534100689,
    0.03073736291867681,
    0.021388212547986767,
    0.018104253016412258,
    0.013327315447357251,
    0.015605769737099763,
    0.011051642506499775,
    0.00956718046174501,
    0.013087287542031844,
    0.007426424406265141,
    0.009690111452742713,
    0.008568397102979361,
    0.00809829009445093,
    0.00826071685316856,
    0.00535236874705879,
    0.009964412667148282,
    0.005507623179160873,
    0.006830987521898351,
    0.006102825682668481,
    0.008527802939366665,
    0.005248990108739236,
    0.005552660616325739,
    0.0038707824169905507,
    0.004706263767227938,
    0.005081158161352505,
    0.0015666533959811204,
    0.004919278488130658,
    0.006021897148806602,
    0.0026393926795062724,
    0.0011159826372277167,
    0.00390587514327126,
    0.005163452899098047,
    0.00012064852611183597
  ],
  "val_losses": [
    0.059431605603545906,
    0.05160816909000278,
    0.04161363391485065,
    0.032981684807688,
    0.03559047463908792,
    0.039281105107627806,
    0.036490092707099395,
    0.03420026564598083,
    0.05924360529426485,
    0.039014107385650275,
    0.04029295136453584,
    0.028203177783871068,
    0.03244070832477883,
    0.03133088478527497,
    0.05398996456945315,
    0.026523689378518612,
    0.03837911046633963,
    0.033127550336532294,
    0.04056956416089088,
    0.038139663177076726,
    0.031344208958442324,
    0.03676218202081509,
    0.02409325282066129,
    0.030353263925295325,
    0.04276018246798776,
    0.037053629612724764,
    0.04552498778072186,
    0.03084462092729518,
    0.04669541620765813,
    0.03568854859723069,
    0.04035811074712547,
    0.025049818190775112,
    0.02594976416119607
  ],
  "val_accs": [
    0.9794375,
    0.9868125,
    0.988125,
    0.9908125,
    0.99,
    0.988625,
    0.989875,
    0.9911875,
    0.9839375,
    0.989875,
    0.99,
    0.9925,
    0.99225,
    0.9913125,
    0.986375,
    0.992875,
    0.9891875,
    0.99175,
    0.9903125,
    0.9888125,
    0.9926875,
    0.989375,
    0.9948125,
    0.991875,
    0.98975,
    0.992,
    0.9885625,
    0.99375,
    0.988875,
    0.991875,
    0.9915,
    0.994,
    0.994875
  ],
  "epoch_times_sec": [
    526.0797309875488,
    518.2715609073639,
    518.1780672073364,
    518.0278148651123,
    518.1775913238525,
    518.1749496459961,
    518.26522564888,
    518.5473535060883,
    518.3329629898071,
    518.2463805675507,
    518.4097847938538,
    518.4747550487518,
    518.3021457195282,
    518.4089169502258,
    518.3989057540894,
    518.4793827533722,
    518.2196764945984,
    518.2003149986267,
    518.2190992832184,
    518.5829434394836,
    518.0497708320618,
    518.1920435428619,
    518.1062657833099,
    518.1823647022247,
    518.4866886138916,
    518.4817671775818,
    518.5219779014587,
    518.6698939800262,
    518.4526455402374,
    518.5900065898895,
    518.4863951206207,
    518.5194087028503,
    518.4320995807648
  ],
  "early_stop": {
    "enabled": true,
    "monitor": "val_loss",
    "best_epoch": 22,
    "best_value": 0.02409325282066129
  }
}