{
  "run_name": "fold_0",
  "train_losses": [
    0.09946698930300772,
    0.03143295887834392,
    0.02259231837897096,
    0.015366505713493097,
    0.013047101352887693,
    0.013513732373190578,
    0.01577549205510877,
    0.008974814029032132,
    0.013150983830943005,
    0.009660085510928184,
    0.008126364182549878,
    0.007849819664392271,
    0.0067067395875928925,
    0.01252452679607086,
    0.00464373304216133,
    0.0079548411519645,
    0.007104044125240762,
    0.0032678104310980417,
    0.007639441033483308,
    0.004570297605961969,
    0.004578878738997446,
    0.006490902124347485
  ],
  "val_losses": [
    0.07709576408565044,
    0.033698678325861695,
    0.049279896445572374,
    0.03658227418316528,
    0.043816028294153514,
    0.05460757643729448,
    0.04645887800492346,
    0.03523483337089419,
    0.03139049485232681,
    0.038261008681729436,
    0.045630007821600885,
    0.023731314334319905,
    0.058751985596958545,
    0.04617632898828015,
    0.03430319275264628,
    0.028193104988429696,
    0.03839165727351792,
    0.023529039499291686,
    0.03165363623213489,
    0.030463242214405908,
    0.024218739639036358,
    0.08034303920390085
  ],
  "val_accs": [
    0.974375,
    0.98825,
    0.98325,
    0.9889375,
    0.9856875,
    0.9834375,
    0.985875,
    0.99075,
    0.99175,
    0.9891875,
    0.987125,
    0.99375,
    0.98275,
    0.98725,
    0.991125,
    0.9925,
    0.9901875,
    0.9936875,
    0.9915,
    0.9916875,
    0.99325,
    0.9776875
  ],
  "epoch_times_sec": [
    526.4115517139435,
    518.5925419330597,
    518.2146208286285,
    518.3737478256226,
    518.1091854572296,
    518.1978869438171,
    518.4665789604187,
    518.3452234268188,
    518.3172183036804,
    518.4257230758667,
    518.0842082500458,
    518.3359975814819,
    518.3599960803986,
    518.4420554637909,
    518.0524082183838,
    518.0632073879242,
    518.0241351127625,
    518.1400046348572,
    518.1883928775787,
    518.2032375335693,
    517.8616144657135,
    518.4357442855835
  ],
  "early_stop": {
    "enabled": true,
    "monitor": "val_loss",
    "best_epoch": 11,
    "best_value": 0.023731314334319905
  }
}