{
  "run_name": "fold_3",
  "train_losses": [
    0.09721393758803606,
    0.03072122546029277,
    0.02304644157842267,
    0.02104702929186169,
    0.012218486147059593,
    0.011415726625622484,
    0.018705597105727067,
    0.009355098521802574,
    0.0068393826718966015,
    0.009551840494939824,
    0.010546648987801745,
    0.009827513478900074,
    0.006173667379713151
  ],
  "val_losses": [
    0.04876387375034392,
    0.03461423122230917,
    0.027346726481802763,
    0.0326786716170609,
    0.030562801719177513,
    0.051747368906857445,
    0.04281780107505619,
    0.03086201547726523,
    0.028706629537511616,
    0.033453864983748645,
    0.03240968547621742,
    0.03458042722987011,
    0.029345863161142915
  ],
  "val_accs": [
    0.9855625,
    0.98975,
    0.99125,
    0.989875,
    0.990875,
    0.9853125,
    0.9856875,
    0.9910625,
    0.99225,
    0.98875,
    0.991375,
    0.99075,
    0.992
  ],
  "epoch_times_sec": [
    528.1542761325836,
    518.961300611496,
    518.0682075023651,
    518.3579778671265,
    518.1312918663025,
    518.041020154953,
    518.2344851493835,
    518.1224825382233,
    518.3034760951996,
    518.2604849338531,
    518.3471007347107,
    518.1163837909698,
    518.0516653060913
  ],
  "early_stop": {
    "enabled": true,
    "monitor": "val_loss",
    "best_epoch": 2,
    "best_value": 0.027346726481802763
  }
}