{
  "data_flag": "pathmnist",
  "num_classes": 9,
  "class_names": [
    "adipose",
    "background",
    "debris",
    "lymphocytes",
    "mucus",
    "smooth muscle",
    "normal colon mucosa",
    "cancer-associated stroma",
    "colorectal adenocarcinoma epithelium"
  ],
  "is_ensemble": false,
  "metrics": {
    "accuracy": 0.972284122562674,
    "balanced_accuracy": 0.9606994133934817,
    "auc": 0.997631841816425
  },
  "confusion_matrix": [
    [
      1315,
      0,
      0,
      0,
      11,
      5,
      7,
      0,
      0
    ],
    [
      0,
      847,
      0,
      0,
      0,
      0,
      0,
      0,
      0
    ],
    [
      0,
      0,
      339,
      0,
      0,
      0,
      0,
      0,
      0
    ],
    [
      0,
      0,
      0,
      634,
      0,
      0,
      0,
      0,
      0
    ],
    [
      0,
      0,
      0,
      0,
      1031,
      0,
      0,
      2,
      2
    ],
    [
      0,
      0,
      0,
      0,
      0,
      538,
      0,
      53,
      1
    ],
    [
      0,
      0,
      0,
      1,
      2,
      0,
      726,
      0,
      12
    ],
    [
      0,
      0,
      2,
      0,
      6,
      52,
      0,
      333,
      28
    ],
    [
      0,
      0,
      5,
      0,
      0,
      0,
      10,
      0,
      1218
    ]
  ],
  "counts": {
    "n_samples": 7180
  },
  "timing": {
    "eval_wall_sec": 17.438344955444336,
    "throughput_img_per_s": 411.73632121311886,
    "latency_ms_per_img": 2.4287388517331943
  }
}