{
  "data_flag": "pathmnist",
  "num_classes": 9,
  "class_names": [
    "adipose",
    "background",
    "debris",
    "lymphocytes",
    "mucus",
    "smooth muscle",
    "normal colon mucosa",
    "cancer-associated stroma",
    "colorectal adenocarcinoma epithelium"
  ],
  "is_ensemble": false,
  "metrics": {
    "accuracy": 0.9728412256267409,
    "balanced_accuracy": 0.9619182227888446,
    "auc": 0.996365081827639
  },
  "confusion_matrix": [
    [
      1328,
      0,
      0,
      0,
      1,
      9,
      0,
      0,
      0
    ],
    [
      0,
      847,
      0,
      0,
      0,
      0,
      0,
      0,
      0
    ],
    [
      0,
      0,
      336,
      0,
      0,
      3,
      0,
      0,
      0
    ],
    [
      0,
      0,
      0,
      633,
      0,
      0,
      0,
      1,
      0
    ],
    [
      3,
      0,
      0,
      0,
      1031,
      0,
      0,
      0,
      1
    ],
    [
      0,
      0,
      0,
      0,
      0,
      565,
      0,
      27,
      0
    ],
    [
      0,
      0,
      0,
      3,
      0,
      0,
      717,
      0,
      21
    ],
    [
      0,
      0,
      1,
      0,
      5,
      75,
      2,
      331,
      7
    ],
    [
      0,
      0,
      4,
      0,
      0,
      0,
      32,
      0,
      1197
    ]
  ],
  "counts": {
    "n_samples": 7180
  },
  "timing": {
    "eval_wall_sec": 17.469026565551758,
    "throughput_img_per_s": 411.0131708288017,
    "latency_ms_per_img": 2.433012056483532
  }
}