{
  "data_flag": "pathmnist",
  "num_classes": 9,
  "class_names": [
    "adipose",
    "background",
    "debris",
    "lymphocytes",
    "mucus",
    "smooth muscle",
    "normal colon mucosa",
    "cancer-associated stroma",
    "colorectal adenocarcinoma epithelium"
  ],
  "is_ensemble": false,
  "metrics": {
    "accuracy": 0.9632311977715877,
    "balanced_accuracy": 0.951752171736861,
    "auc": 0.9974435709399658
  },
  "confusion_matrix": [
    [
      1321,
      0,
      0,
      0,
      10,
      4,
      3,
      0,
      0
    ],
    [
      0,
      847,
      0,
      0,
      0,
      0,
      0,
      0,
      0
    ],
    [
      0,
      0,
      337,
      0,
      0,
      2,
      0,
      0,
      0
    ],
    [
      0,
      0,
      0,
      634,
      0,
      0,
      0,
      0,
      0
    ],
    [
      34,
      1,
      0,
      0,
      996,
      0,
      2,
      1,
      1
    ],
    [
      0,
      0,
      0,
      0,
      1,
      575,
      0,
      15,
      1
    ],
    [
      0,
      0,
      0,
      2,
      2,
      0,
      717,
      0,
      20
    ],
    [
      0,
      0,
      4,
      1,
      1,
      88,
      4,
      304,
      19
    ],
    [
      0,
      0,
      2,
      12,
      1,
      0,
      32,
      1,
      1185
    ]
  ],
  "counts": {
    "n_samples": 7180
  },
  "timing": {
    "eval_wall_sec": 17.493767261505127,
    "throughput_img_per_s": 410.43189226596854,
    "latency_ms_per_img": 2.436457835864224
  }
}