{
  "data_flag": "pathmnist",
  "num_classes": 9,
  "class_names": [
    "adipose",
    "background",
    "debris",
    "lymphocytes",
    "mucus",
    "smooth muscle",
    "normal colon mucosa",
    "cancer-associated stroma",
    "colorectal adenocarcinoma epithelium"
  ],
  "is_ensemble": false,
  "metrics": {
    "accuracy": 0.9686629526462396,
    "balanced_accuracy": 0.9592837635062489,
    "auc": 0.9957900760680969
  },
  "confusion_matrix": [
    [
      1313,
      0,
      1,
      0,
      2,
      20,
      0,
      0,
      2
    ],
    [
      0,
      847,
      0,
      0,
      0,
      0,
      0,
      0,
      0
    ],
    [
      0,
      0,
      336,
      0,
      0,
      3,
      0,
      0,
      0
    ],
    [
      0,
      0,
      0,
      632,
      0,
      0,
      2,
      0,
      0
    ],
    [
      5,
      0,
      0,
      0,
      1028,
      0,
      1,
      0,
      1
    ],
    [
      0,
      0,
      1,
      0,
      0,
      561,
      0,
      30,
      0
    ],
    [
      0,
      0,
      0,
      2,
      1,
      0,
      731,
      0,
      7
    ],
    [
      0,
      0,
      8,
      0,
      1,
      56,
      22,
      329,
      5
    ],
    [
      0,
      0,
      7,
      10,
      0,
      0,
      38,
      0,
      1178
    ]
  ],
  "counts": {
    "n_samples": 7180
  },
  "timing": {
    "eval_wall_sec": 17.613503217697144,
    "throughput_img_per_s": 407.64179114498387,
    "latency_ms_per_img": 2.4531341528826105
  }
}