{
  "run_name": "fold_3",
  "train_losses": [
    0.2923459466443485,
    0.20236406440875887,
    0.17946513054992266,
    0.1586920236910447,
    0.1509343277621677,
    0.14051838747661238,
    0.1317580570148342,
    0.12436076416849208,
    0.11664899310541241,
    0.1118725695838384,
    0.10693935209509957,
    0.10361984885141061,
    0.09551515419710971,
    0.09188213586022255,
    0.0887061354984803,
    0.08801896201167772,
    0.08030980552741207
  ],
  "val_losses": [
    0.2410475298324052,
    0.16947942117557807,
    0.12651485534768334,
    0.12098105747581404,
    0.12067627168589216,
    0.1261225702268455,
    0.10860869061092243,
    0.14512906675500906,
    0.11549943636226304,
    0.12526446875349126,
    0.11802119611050277,
    0.12610687842756949,
    0.12876361205845194,
    0.11509968735524179,
    0.12223721432554371,
    0.11478261531138902,
    0.11969684051377151
  ],
  "val_accs": [
    0.9234808702175544,
    0.9586819781868544,
    0.9603554734837556,
    0.9645103583588205,
    0.9609902475618904,
    0.9588550983899821,
    0.9633562236713025,
    0.9497374343585896,
    0.9650297189682036,
    0.9703387385307866,
    0.9719545270933118,
    0.9680881758901264,
    0.9717814068901841,
    0.9723584742339431,
    0.9747244503433551,
    0.973628022390213,
    0.9721276472964395
  ],
  "epoch_times_sec": [
    67.82817220687866,
    54.7991886138916,
    55.189247131347656,
    55.32451391220093,
    55.260841369628906,
    55.035457134246826,
    55.199461936950684,
    55.24173831939697,
    55.277947664260864,
    55.336788177490234,
    55.240551233291626,
    55.3655309677124,
    55.41847586631775,
    54.93038582801819,
    55.07683515548706,
    55.01343488693237,
    55.30365324020386
  ],
  "total_train_sec": 951.3957138061523,
  "early_stop": {
    "enabled": true,
    "monitor": "val_loss",
    "best_epoch": 6,
    "best_value": 0.10860869061092243
  }
}