{
  "run_name": "fold_4",
  "train_losses": [
    0.2928474923860895,
    0.2010082084885256,
    0.17666601899205647,
    0.16192888528411578,
    0.15438808717329378,
    0.14300163220373188,
    0.1305923233335483,
    0.12303051797332253,
    0.11520601394491584,
    0.11395867869719284,
    0.10415966355012878,
    0.1021884851495076,
    0.09162474249604945,
    0.0940283021843147,
    0.08890176318971485,
    0.08358907680476495,
    0.08190123182024235,
    0.07403592257837932,
    0.07617944297372138,
    0.06837349035734115,
    0.07448083959354601,
    0.06284123486641265
  ],
  "val_losses": [
    0.1963426054948393,
    0.16788800753762617,
    0.17247899134150324,
    0.14309525440501816,
    0.1291838156826356,
    0.13931751419680521,
    0.16834531347815165,
    0.1435335269129342,
    0.1190010231152615,
    0.1274852361803984,
    0.16129920487839947,
    0.10458752804654925,
    0.11719521008746918,
    0.12500517493497362,
    0.16140801321906859,
    0.12474626686204882,
    0.13064184402088252,
    0.14217786956578493,
    0.10828441110960044,
    0.15561232278431655,
    0.12045098809518523,
    0.12228906623717836
  ],
  "val_accs": [
    0.9281551157020024,
    0.9633562236713025,
    0.9502567949679728,
    0.9553349875930521,
    0.959489872468117,
    0.9595475792024929,
    0.961798141843153,
    0.9731663685152058,
    0.9568353626868256,
    0.9547579202492931,
    0.9710889260776733,
    0.9709158058745455,
    0.9738011425933406,
    0.9656644930463385,
    0.9759939984996249,
    0.967741935483871,
    0.9702233250620348,
    0.9518148767961221,
    0.973628022390213,
    0.9766864793121357,
    0.9766864793121357,
    0.9744936234058514
  ],
  "epoch_times_sec": [
    67.84700536727905,
    55.23228693008423,
    55.5545814037323,
    55.47185206413269,
    55.30563497543335,
    55.034950971603394,
    55.08315587043762,
    55.19299507141113,
    55.127087354660034,
    55.42334246635437,
    55.08212232589722,
    54.9842414855957,
    55.12723350524902,
    55.332894802093506,
    55.11091232299805,
    54.928037881851196,
    55.757051944732666,
    55.23466944694519,
    55.102522134780884,
    54.90237474441528,
    54.89339208602905,
    54.72257208824158
  ],
  "total_train_sec": 1227.2023167610168,
  "early_stop": {
    "enabled": true,
    "monitor": "val_loss",
    "best_epoch": 11,
    "best_value": 0.10458752804654925
  }
}