{
  "run_name": "fold_1",
  "train_losses": [
    0.2897339270703233,
    0.19767160394509597,
    0.17898404494947073,
    0.15989197770997798,
    0.14585849130095815,
    0.13602113280300732,
    0.12857968937915487,
    0.12452360253967,
    0.11830216002359628,
    0.11272890392739099,
    0.10640928369745364,
    0.1035176664659695,
    0.0979744145360925,
    0.09163167605662026,
    0.08960200526343587,
    0.08410583467992254,
    0.08170597825385285,
    0.07824349228564698,
    0.07592190873711034,
    0.07269781671099489
  ],
  "val_losses": [
    0.20439488690017776,
    0.2554834752398379,
    0.1548864933771684,
    0.20098207543111024,
    0.15416446563732975,
    0.1545375157147646,
    0.15763924629701412,
    0.16076163868145907,
    0.13662229296203485,
    0.12867857626748874,
    0.1418439265450134,
    0.1407175621647826,
    0.132462770157658,
    0.13268438465071514,
    0.14210153222494923,
    0.15901740065173192,
    0.16690900813623824,
    0.17762196962447727,
    0.13196803988231456,
    0.18228900136754794
  ],
  "val_accs": [
    0.945066358915176,
    0.8748990190421235,
    0.9663589151759954,
    0.9444893248701673,
    0.9485862665897288,
    0.9666474321984997,
    0.9678592036930179,
    0.930929024812464,
    0.9491633006347374,
    0.9660126947489902,
    0.9671090594345066,
    0.970398153491056,
    0.9511252163877669,
    0.9708020773225621,
    0.9737449509521062,
    0.9698211194460473,
    0.9691863819965378,
    0.9485285631852279,
    0.9663589151759954,
    0.9642238892094633
  ],
  "epoch_times_sec": [
    67.1031801700592,
    54.69786715507507,
    55.115105867385864,
    55.04324913024902,
    54.82623028755188,
    55.28514289855957,
    55.16531276702881,
    54.901323556900024,
    54.73987817764282,
    54.7674024105072,
    54.80781698226929,
    54.83572506904602,
    54.72438931465149,
    54.63015007972717,
    54.681360721588135,
    54.62498140335083,
    54.76348423957825,
    54.48315739631653,
    54.55621862411499,
    54.74524688720703
  ],
  "total_train_sec": 1109.0300850868225,
  "early_stop": {
    "enabled": true,
    "monitor": "val_loss",
    "best_epoch": 9,
    "best_value": 0.12867857626748874
  }
}