{
  "run_name": "fold_0",
  "train_losses": [
    0.29061128595730296,
    0.19706512652957286,
    0.17277534603521696,
    0.16047451888897943,
    0.14835769745096042,
    0.13673105895822238,
    0.13442422854481695,
    0.12290706787113782,
    0.11604484040186828,
    0.1093495404502711,
    0.10239855639719148,
    0.10049098610272028,
    0.09418472854933545,
    0.09194105349536193,
    0.0853313212498141,
    0.08255718474219555,
    0.08038223212216455,
    0.07607858125533558,
    0.07442842559224466,
    0.07125438420126101,
    0.06983375190989616,
    0.06439379924760233,
    0.06734338479784495,
    0.060865533919901675,
    0.056944058169120175
  ],
  "val_losses": [
    0.1696548927027513,
    0.17714154219035716,
    0.17591893577071674,
    0.1340074467691867,
    0.13468221109360456,
    0.13455936957753317,
    0.12753031054949937,
    0.15401660952278795,
    0.12048128228086759,
    0.13308641561033094,
    0.16116050641764612,
    0.1600020899273017,
    0.1780451428665615,
    0.12996819744790522,
    0.11512069873895277,
    0.1365851878585732,
    0.14130006096435382,
    0.12666062756633276,
    0.12393818801159368,
    0.13075039248831352,
    0.13136218514238648,
    0.11847409616936655,
    0.14771795285838274,
    0.13862612519604975,
    0.13417399007662692
  ],
  "val_accs": [
    0.9451240623196768,
    0.9426428159261396,
    0.9634737449509521,
    0.9554529717253318,
    0.9590882862088863,
    0.9691863819965378,
    0.9520484708597807,
    0.9453548759376803,
    0.9675706866705136,
    0.9658395845354876,
    0.9507789959607617,
    0.9707443739180611,
    0.9736295441431044,
    0.9676283900750144,
    0.9683208309290248,
    0.9693594922100404,
    0.9638199653779573,
    0.9705712637045586,
    0.9737449509521062,
    0.972071552221581,
    0.9732256203115984,
    0.9675706866705136,
    0.9742065781881131,
    0.9719561454125794,
    0.9746105020196192
  ],
  "epoch_times_sec": [
    67.62166953086853,
    55.11538004875183,
    55.25316524505615,
    54.914772033691406,
    54.66423535346985,
    54.969234466552734,
    54.85862350463867,
    54.688026428222656,
    54.945499420166016,
    54.63906502723694,
    54.53508543968201,
    55.02772235870361,
    54.854833126068115,
    54.8377001285553,
    54.71625375747681,
    54.72582674026489,
    54.72987747192383,
    54.60599732398987,
    54.616976737976074,
    54.61202955245972,
    54.64102911949158,
    54.53778338432312,
    54.56161594390869,
    54.35140776634216,
    54.67856025695801
  ],
  "total_train_sec": 1382.356731891632,
  "early_stop": {
    "enabled": true,
    "monitor": "val_loss",
    "best_epoch": 14,
    "best_value": 0.11512069873895277
  }
}