{
  "run_name": "fold_2",
  "train_losses": [
    0.294601586356401,
    0.2014825992534099,
    0.1772733848342283,
    0.15750260276516792,
    0.14834106750717446,
    0.14056050471355536,
    0.13208735736634397,
    0.12666698041339294,
    0.12007707484796395,
    0.10953807185942827,
    0.11063772116662063,
    0.10112767270637088,
    0.0960572026790483,
    0.09557781980997863,
    0.09136907871151533,
    0.08660794325283076,
    0.07961633233542859,
    0.08310549334896636,
    0.07925511747529788,
    0.0721703228022552,
    0.06985644393560929,
    0.06767417315837829,
    0.06708331987289316,
    0.06372274034751266,
    0.0649597124556379,
    0.056926859065876544
  ],
  "val_losses": [
    0.22029875180519679,
    0.2582477751900168,
    0.1332158222383655,
    0.12863488895270755,
    0.12981936862856588,
    0.11072902223917053,
    0.1261707240688231,
    0.12034789854934548,
    0.12502472615554272,
    0.14253335383118076,
    0.1269300845451653,
    0.14591822899220622,
    0.10869612643385634,
    0.11266158583491821,
    0.128276114256176,
    0.10612055630532696,
    0.14007358468028114,
    0.12983536238179488,
    0.10993094000664047,
    0.10763460771961357,
    0.1222706380444031,
    0.12430287541492897,
    0.12516049801385687,
    0.1310729042674853,
    0.13194430400343501,
    0.11955662126488545
  ],
  "val_accs": [
    0.9197299324831207,
    0.8823936753419124,
    0.9657799065150903,
    0.9661838536557216,
    0.9694154307807721,
    0.9657221997807144,
    0.9613941947025217,
    0.9634139304056784,
    0.97183911362456,
    0.9411968376709562,
    0.9509492757804836,
    0.9537191990305268,
    0.9650297189682036,
    0.9732240752495817,
    0.9750129840152346,
    0.97183911362456,
    0.9748975705464827,
    0.9769173062496394,
    0.9714928732183046,
    0.9744359166714756,
    0.9727047146401985,
    0.9751283974839864,
    0.9743782099370997,
    0.9745513301402273,
    0.9603554734837556,
    0.9612210744993941
  ],
  "epoch_times_sec": [
    66.96091198921204,
    54.939714670181274,
    55.078540563583374,
    55.11225199699402,
    54.82878613471985,
    55.25468850135803,
    55.06665873527527,
    55.05245018005371,
    54.85529565811157,
    55.25695085525513,
    55.04594588279724,
    54.930504322052,
    54.985772371292114,
    54.987170934677124,
    54.99518942832947,
    55.11123752593994,
    55.01529121398926,
    55.29059720039368,
    55.140437841415405,
    54.97937059402466,
    54.93031978607178,
    54.879682779312134,
    55.13117814064026,
    54.83616638183594,
    55.2644898891449,
    54.864458322525024
  ],
  "total_train_sec": 1443.594470500946,
  "early_stop": {
    "enabled": true,
    "monitor": "val_loss",
    "best_epoch": 15,
    "best_value": 0.10612055630532696
  }
}