{
  "data_flag": "octmnist",
  "num_classes": 4,
  "class_names": [
    "choroidal neovascularization",
    "diabetic macular edema",
    "drusen",
    "normal"
  ],
  "is_ensemble": false,
  "metrics": {
    "accuracy": 0.899,
    "balanced_accuracy": 0.8989999999999999,
    "auc": 0.9906253333333334
  },
  "confusion_matrix": [
    [
      250,
      0,
      0,
      0
    ],
    [
      26,
      224,
      0,
      0
    ],
    [
      59,
      0,
      184,
      7
    ],
    [
      3,
      4,
      2,
      241
    ]
  ],
  "counts": {
    "n_samples": 1000
  },
  "timing": {
    "eval_wall_sec": 0.5218822956085205,
    "throughput_img_per_s": 1916.140877770128,
    "latency_ms_per_img": 0.5218822956085205
  }
}