{
  "data_flag": "octmnist",
  "num_classes": 4,
  "class_names": [
    "choroidal neovascularization",
    "diabetic macular edema",
    "drusen",
    "normal"
  ],
  "is_ensemble": false,
  "metrics": {
    "accuracy": 0.908,
    "balanced_accuracy": 0.9079999999999999,
    "auc": 0.9897193333333334
  },
  "confusion_matrix": [
    [
      248,
      0,
      2,
      0
    ],
    [
      22,
      228,
      0,
      0
    ],
    [
      53,
      0,
      192,
      5
    ],
    [
      0,
      10,
      0,
      240
    ]
  ],
  "counts": {
    "n_samples": 1000
  },
  "timing": {
    "eval_wall_sec": 0.5171225070953369,
    "throughput_img_per_s": 1933.7777533934325,
    "latency_ms_per_img": 0.5171225070953369
  }
}