{
  "run_name": "fold_3",
  "train_losses": [
    0.265418474176308,
    0.09826625733659035,
    0.07806842865922102,
    0.06790786308304565,
    0.04535423244190652,
    0.05025813861454769,
    0.035610487625548026,
    0.026181635431229797,
    0.030548106168010614,
    0.027762966633138316,
    0.03218858559394437,
    0.03239433539792805,
    0.026457088712671,
    0.021224733613141835,
    0.021488119228231926,
    0.02902752857700717,
    0.020320906205082926,
    0.01963399430785169,
    0.016764014117737733,
    0.017161506143108966
  ],
  "val_losses": [
    0.23957454413175583,
    0.10397512551683646,
    0.06417359850512674,
    0.05407405535403926,
    0.03168022900354117,
    0.03405159651391351,
    0.022693094352059864,
    0.039317742200532496,
    0.01794231982477448,
    0.014854582972475328,
    0.02016858214567317,
    0.014865451870159281,
    0.024747109070666247,
    0.01631566956194337,
    0.02277804680376833,
    0.019743678553753013,
    0.03122829726243463,
    0.018559517593530472,
    0.039027404842692286,
    0.0193816953948184
  ],
  "val_accs": [
    0.9252436053593179,
    0.9657429963459196,
    0.9803593179049939,
    0.9792935444579781,
    0.989646772228989,
    0.9884287454323996,
    0.993148599269184,
    0.9876674786845311,
    0.995584652862363,
    0.9951278928136419,
    0.9933008526187577,
    0.9951278928136419,
    0.994062119366626,
    0.9958891595615104,
    0.9928440925700366,
    0.9937576126674786,
    0.9910170523751523,
    0.9948233861144945,
    0.9929963459196103,
    0.9946711327649208
  ],
  "epoch_times_sec": [
    29.509244918823242,
    21.411277294158936,
    21.522640705108643,
    21.48692488670349,
    21.364478588104248,
    21.38731360435486,
    21.560364723205566,
    21.526036977767944,
    21.50935125350952,
    21.55709433555603,
    21.509061098098755,
    21.46615433692932,
    22.31218194961548,
    21.28055191040039,
    22.46808409690857,
    21.42357110977173,
    21.857439279556274,
    21.22144842147827,
    21.419290781021118,
    21.343227863311768
  ],
  "total_train_sec": 439.6953065395355,
  "early_stop": {
    "enabled": true,
    "monitor": "val_loss",
    "best_epoch": 9,
    "best_value": 0.014854582972475328
  }
}