{
  "run_name": "fold_0",
  "train_losses": [
    0.26060100684805615,
    0.10884001395869546,
    0.0815603065418034,
    0.05963281172259552,
    0.04610126105636903,
    0.04038400276359625,
    0.04541562551337226,
    0.034551981780337304,
    0.03298346402759596,
    0.025730724555366423,
    0.02326026909541702,
    0.027360925350406365,
    0.03477778636634622,
    0.02294054812178152,
    0.022793334998224477,
    0.014837044010381783,
    0.019576541811906413,
    0.01351504052894065,
    0.03129642036056328,
    0.01736823595810409,
    0.01905243881018378,
    0.02125048139132559,
    0.011470253502122389,
    0.01558787300238647,
    0.012781079765657679,
    0.027051715792735992,
    0.021181120291187586,
    0.013424312404751573,
    0.01362708134167805,
    0.012635432310734603,
    0.010531464395402198,
    0.0074352019544898125
  ],
  "val_losses": [
    0.6684345746269593,
    0.16610188932659534,
    0.05293393683118316,
    0.06058711322615496,
    0.023053181953190897,
    0.02940792543477773,
    0.02678864933281707,
    0.03451597552227143,
    0.01702302323302809,
    0.014271443226719454,
    0.018601778692894956,
    0.015853304871807968,
    0.049754775915062055,
    0.019829276935175024,
    0.018032777956110434,
    0.01683771929232045,
    0.04010964987817435,
    0.017409232156541502,
    0.017450275481258777,
    0.01125414479877061,
    0.027243169085033096,
    0.0061883680786755015,
    0.012542697484535053,
    0.029394469563927626,
    0.019249545438539756,
    0.016899740476359372,
    0.007699692908466624,
    0.017653528177806247,
    0.0173741085085077,
    0.010063628037677028,
    0.009990250783280667,
    0.01878071240882771
  ],
  "val_accs": [
    0.7929669660526716,
    0.9397168518800426,
    0.9817323793575887,
    0.9824935302176891,
    0.9929974120870757,
    0.9914751103668747,
    0.9933018724311159,
    0.9899528086466738,
    0.9954330948393971,
    0.9958897853554575,
    0.9946719439792967,
    0.9954330948393971,
    0.9849292129700107,
    0.9948241741513167,
    0.9939107931191963,
    0.9961942456994977,
    0.9876693560663724,
    0.9961942456994977,
    0.9948241741513167,
    0.9963464758715177,
    0.9925407215710154,
    0.9986299284518192,
    0.9961942456994977,
    0.9934541026031359,
    0.9937585629471761,
    0.9963464758715177,
    0.9972598569036383,
    0.9955853250114173,
    0.9958897853554575,
    0.9975643172476785,
    0.9977165474196986,
    0.9966509362155579
  ],
  "epoch_times_sec": [
    30.74260187149048,
    21.384214162826538,
    21.587085247039795,
    21.38817286491394,
    21.41197919845581,
    21.496962070465088,
    21.596935510635376,
    21.590590000152588,
    21.54699158668518,
    21.483064651489258,
    21.581380367279053,
    21.386205911636353,
    21.473026037216187,
    21.362926244735718,
    21.444223642349243,
    21.22737741470337,
    21.36872410774231,
    21.263571977615356,
    21.28927183151245,
    21.36383819580078,
    21.275055646896362,
    21.280496835708618,
    21.31910514831543,
    21.21834421157837,
    21.387781858444214,
    21.34161353111267,
    21.382600784301758,
    21.320685148239136,
    21.284682035446167,
    21.34287190437317,
    21.383585691452026,
    21.3760244846344
  ],
  "total_train_sec": 694.6877913475037,
  "early_stop": {
    "enabled": true,
    "monitor": "val_loss",
    "best_epoch": 21,
    "best_value": 0.0061883680786755015
  }
}