{
  "run_name": "fold_1",
  "train_losses": [
    0.2680254761583921,
    0.10408928053589855,
    0.07253842543719745,
    0.05117788940168372,
    0.05401639234183765,
    0.04151974899648893,
    0.03412194375811917,
    0.02912551703999137,
    0.035927997397190735,
    0.02999769398479768,
    0.036777628070345465,
    0.0157662873598605,
    0.02206448339970737,
    0.025995728062045555,
    0.027813717914268194,
    0.01634736104908104,
    0.018547680553917704,
    0.02944160883411447,
    0.016407665581209586,
    0.020934241059202156,
    0.028293796354640705,
    0.013245658774997913,
    0.016262366518693432,
    0.015460825681710536,
    0.010242483464301075,
    0.014918618509900847,
    0.014356237559411789,
    0.01204816357743012,
    0.020390782004687934,
    0.015130800676032355,
    0.016252003233984864,
    0.012471878593572822,
    0.011815234284213369,
    0.013763493827044419,
    0.008644333608887193,
    0.008321956973069485,
    0.02085585073467128,
    0.00983993800295937,
    0.013134724902476769,
    0.010870319832859578,
    0.010764973669929753,
    0.00763573941245651
  ],
  "val_losses": [
    0.14127125250748718,
    0.17161103149499887,
    0.03306863762330837,
    0.03968370915390551,
    0.024315294879040897,
    0.02450456124587128,
    0.030830788917508192,
    0.02916343269036868,
    0.03725589383751727,
    0.08183823941418758,
    0.03109538385220171,
    0.01668253634782629,
    0.02819041317539254,
    0.037239801411767706,
    0.0128067281704996,
    0.019132034949087447,
    0.027406506129829304,
    0.018295629262865987,
    0.014133060702358936,
    0.017632017070704584,
    0.013375922605309124,
    0.010625571762130467,
    0.020552852519288605,
    0.02364598420784275,
    0.03341725169873545,
    0.011232406316419375,
    0.014317194194448418,
    0.014023049988456758,
    0.01551964810446057,
    0.035635938697501285,
    0.01257241521280041,
    0.00912670284548894,
    0.04137207311259772,
    0.025927012223869148,
    0.009699603852899722,
    0.03137280457865298,
    0.015102561912626173,
    0.03449667189936288,
    0.01066722427879714,
    0.02719373022199971,
    0.008921966961889457,
    0.017621378890768168
  ],
  "val_accs": [
    0.9500609013398295,
    0.9467113276492083,
    0.9884287454323996,
    0.9882764920828259,
    0.9907125456760049,
    0.9913215590742996,
    0.9891900121802679,
    0.9904080389768575,
    0.9855359317904994,
    0.9675700365408039,
    0.9907125456760049,
    0.9946711327649208,
    0.9929963459196103,
    0.9864494518879415,
    0.9954323995127893,
    0.993605359317905,
    0.9929963459196103,
    0.9933008526187577,
    0.9963459196102314,
    0.9943666260657734,
    0.9951278928136419,
    0.9964981729598051,
    0.9934531059683313,
    0.9926918392204629,
    0.9894945188794153,
    0.9968026796589525,
    0.9971071863580999,
    0.9951278928136419,
    0.9946711327649208,
    0.9925395858708892,
    0.9964981729598051,
    0.9966504263093788,
    0.988733252131547,
    0.993605359317905,
    0.9971071863580999,
    0.9904080389768575,
    0.9961936662606578,
    0.991169305724726,
    0.9972594397076736,
    0.9942143727161997,
    0.9972594397076736,
    0.9952801461632156
  ],
  "epoch_times_sec": [
    31.125211238861084,
    21.280421018600464,
    21.490103006362915,
    21.784683227539062,
    21.71778130531311,
    21.658790588378906,
    21.75632619857788,
    21.699809789657593,
    21.768165826797485,
    21.698458671569824,
    21.698949098587036,
    21.700912714004517,
    21.490135192871094,
    21.674036979675293,
    21.87541937828064,
    21.636935710906982,
    21.798701763153076,
    21.609962224960327,
    21.64789891242981,
    21.63395404815674,
    21.567907094955444,
    21.55800747871399,
    21.496302127838135,
    21.663182973861694,
    21.689405918121338,
    21.60443639755249,
    21.5640811920166,
    21.720906734466553,
    21.64556622505188,
    21.675000429153442,
    21.615032196044922,
    21.648213386535645,
    21.660553693771362,
    21.652631998062134,
    21.562718152999878,
    21.500089168548584,
    21.443821907043457,
    21.382328748703003,
    21.25915837287903,
    21.413989305496216,
    21.50621223449707,
    21.344869375228882
  ],
  "total_train_sec": 917.9034535884857,
  "early_stop": {
    "enabled": true,
    "monitor": "val_loss",
    "best_epoch": 31,
    "best_value": 0.00912670284548894
  }
}