{
  "run_name": "fold_2",
  "train_losses": [
    0.27193854307619536,
    0.11567586891625713,
    0.07085021424856855,
    0.05739926380309753,
    0.054720209226602826,
    0.05677963891861642,
    0.04918646523956119,
    0.029546656707165445,
    0.028768464485353723,
    0.039071296251992266,
    0.025855223477034398,
    0.02065051298179641,
    0.020566644243436023,
    0.03358790717121759,
    0.02029091278587968,
    0.015346378936835497,
    0.021555782704920756,
    0.017166504807764573,
    0.019416943418214143,
    0.01871049010930242,
    0.016557938970622563,
    0.017638805235108565,
    0.014343967907295403,
    0.01823790270704549,
    0.019538809967734112,
    0.013457710983901762,
    0.01460079499399687,
    0.01107270143815762,
    0.016736358102721945,
    0.013073320172034294,
    0.014910805244041358,
    0.014179253520972164
  ],
  "val_losses": [
    0.46378814371732563,
    0.03594846508573168,
    0.029666125622148123,
    0.11817758165013331,
    0.026758511346997693,
    0.02909650350920856,
    0.03095344194354346,
    0.020631154909586676,
    0.015817378625237886,
    0.029407063724647742,
    0.02242920744510439,
    0.010974013334606961,
    0.013800669110423769,
    0.02817406488443689,
    0.016138742400261644,
    0.014701812372200388,
    0.009459894985831432,
    0.024991713246820906,
    0.02051154310909344,
    0.01191636768677339,
    0.028795603821261187,
    0.008349544341119607,
    0.01399837400051113,
    0.021481847590901174,
    0.01485671562281473,
    0.02027541901127104,
    0.008815026845835607,
    0.03968756639537437,
    0.008904738919664642,
    0.0151082705870067,
    0.011434109240116622,
    0.017300562074244505
  ],
  "val_accs": [
    0.8565773447015834,
    0.9904080389768575,
    0.9920828258221681,
    0.9628501827040195,
    0.993148599269184,
    0.9897990255785627,
    0.9890377588306942,
    0.993148599269184,
    0.9942143727161997,
    0.9923873325213155,
    0.9920828258221681,
    0.9966504263093788,
    0.9961936662606578,
    0.9923873325213155,
    0.994062119366626,
    0.9963459196102314,
    0.9969549330085262,
    0.9945188794153471,
    0.993605359317905,
    0.9966504263093788,
    0.9923873325213155,
    0.9978684531059683,
    0.9963459196102314,
    0.9939098660170523,
    0.9958891595615104,
    0.9951278928136419,
    0.9969549330085262,
    0.9884287454323996,
    0.997563946406821,
    0.9968026796589525,
    0.9972594397076736,
    0.9958891595615104
  ],
  "epoch_times_sec": [
    29.823583841323853,
    21.371057748794556,
    21.292417526245117,
    22.173439741134644,
    21.34638285636902,
    21.421755075454712,
    21.335571765899658,
    21.35003924369812,
    21.40766930580139,
    21.483548641204834,
    21.23167657852173,
    21.567817211151123,
    21.28424048423767,
    21.431272268295288,
    21.55650019645691,
    21.377928495407104,
    21.25095510482788,
    21.337918758392334,
    21.309537887573242,
    21.478134393692017,
    21.451162576675415,
    21.35141086578369,
    21.480382442474365,
    21.419422388076782,
    21.351871967315674,
    21.328006267547607,
    21.449459075927734,
    21.3786141872406,
    21.293091535568237,
    21.455164909362793,
    21.366997003555298,
    21.279004335403442
  ],
  "total_train_sec": 694.2589273452759,
  "early_stop": {
    "enabled": true,
    "monitor": "val_loss",
    "best_epoch": 21,
    "best_value": 0.008349544341119607
  }
}