{
  "run_name": "fold_4",
  "train_losses": [
    0.26447582188539387,
    0.10775626047355373,
    0.07111022312012387,
    0.05884996123339345,
    0.0490946725760473,
    0.046762858963821353,
    0.04300416904706054,
    0.02842212169993351,
    0.03098275905543166,
    0.029823634697113004,
    0.0336806158966771,
    0.01819042138323733,
    0.02952842353474031,
    0.02346676945013403,
    0.01759786050249936,
    0.02657091691153033,
    0.015479308002764676,
    0.01742617886885433
  ],
  "val_losses": [
    0.3718685327241054,
    0.08134752420636897,
    0.05473417661582621,
    0.07579813371949758,
    0.08462542920516661,
    0.026468510437832896,
    0.04060035010311717,
    0.009322852156261573,
    0.019811008756453072,
    0.03249430412856432,
    0.022255028671889495,
    0.029860722717925316,
    0.014815419852171684,
    0.028816042987797958,
    0.15950649957029292,
    0.02022482603318237,
    0.012729176817559234,
    0.056344374660581634
  ],
  "val_accs": [
    0.8649512789281364,
    0.9706151035322778,
    0.9823386114494519,
    0.9706151035322778,
    0.9776187576126675,
    0.9885809987819733,
    0.9858404384896468,
    0.9974116930572473,
    0.9937576126674786,
    0.9878197320341048,
    0.9920828258221681,
    0.9901035322777101,
    0.9948233861144945,
    0.9929963459196103,
    0.9701583434835567,
    0.9946711327649208,
    0.9960414129110841,
    0.9859926918392204
  ],
  "epoch_times_sec": [
    29.85872721672058,
    21.31062150001526,
    21.47948670387268,
    21.453775882720947,
    21.88630175590515,
    21.461949348449707,
    21.51895546913147,
    21.46342372894287,
    21.30937147140503,
    21.377175092697144,
    21.488030433654785,
    21.647677183151245,
    21.491380214691162,
    21.329654693603516,
    21.417108297348022,
    21.55506181716919,
    21.380728244781494,
    21.443469285964966
  ],
  "total_train_sec": 395.35599756240845,
  "early_stop": {
    "enabled": true,
    "monitor": "val_loss",
    "best_epoch": 7,
    "best_value": 0.009322852156261573
  }
}