{
  "data_flag": "organamnist",
  "num_classes": 11,
  "class_names": [
    "bladder",
    "femur-left",
    "femur-right",
    "heart",
    "kidney-left",
    "kidney-right",
    "liver",
    "lung-left",
    "lung-right",
    "pancreas",
    "spleen"
  ],
  "is_ensemble": false,
  "metrics": {
    "accuracy": 0.9606817414782315,
    "balanced_accuracy": 0.9590164837283713,
    "auc": 0.9978639701472051
  },
  "confusion_matrix": [
    [
      983,
      0,
      0,
      0,
      25,
      11,
      0,
      0,
      0,
      16,
      1
    ],
    [
      2,
      754,
      2,
      0,
      20,
      6,
      0,
      0,
      0,
      0,
      0
    ],
    [
      0,
      3,
      728,
      0,
      24,
      38,
      0,
      0,
      0,
      0,
      0
    ],
    [
      0,
      0,
      0,
      779,
      0,
      0,
      0,
      6,
      0,
      0,
      0
    ],
    [
      33,
      23,
      1,
      0,
      1802,
      10,
      0,
      2,
      0,
      45,
      148
    ],
    [
      64,
      0,
      1,
      1,
      84,
      1797,
      0,
      0,
      0,
      10,
      8
    ],
    [
      0,
      0,
      0,
      0,
      0,
      3,
      3266,
      0,
      14,
      2,
      0
    ],
    [
      0,
      0,
      0,
      0,
      0,
      0,
      0,
      1747,
      0,
      0,
      0
    ],
    [
      3,
      0,
      0,
      0,
      0,
      1,
      2,
      0,
      1807,
      0,
      0
    ],
    [
      1,
      0,
      0,
      1,
      9,
      2,
      0,
      0,
      0,
      1593,
      16
    ],
    [
      21,
      0,
      0,
      5,
      21,
      2,
      0,
      12,
      0,
      0,
      1823
    ]
  ],
  "counts": {
    "n_samples": 17778
  },
  "timing": {
    "eval_wall_sec": 11.125397443771362,
    "throughput_img_per_s": 1597.9653841448287,
    "latency_ms_per_img": 0.625795783764842
  }
}