{
  "data_flag": "organamnist",
  "num_classes": 11,
  "class_names": [
    "bladder",
    "femur-left",
    "femur-right",
    "heart",
    "kidney-left",
    "kidney-right",
    "liver",
    "lung-left",
    "lung-right",
    "pancreas",
    "spleen"
  ],
  "is_ensemble": false,
  "metrics": {
    "accuracy": 0.9644504443694454,
    "balanced_accuracy": 0.9609391637903729,
    "auc": 0.9983959420558179
  },
  "confusion_matrix": [
    [
      977,
      0,
      2,
      0,
      31,
      15,
      2,
      0,
      0,
      9,
      0
    ],
    [
      0,
      740,
      9,
      0,
      28,
      6,
      0,
      0,
      0,
      1,
      0
    ],
    [
      1,
      0,
      753,
      0,
      20,
      19,
      0,
      0,
      0,
      0,
      0
    ],
    [
      0,
      0,
      0,
      751,
      3,
      0,
      0,
      22,
      0,
      6,
      3
    ],
    [
      39,
      35,
      0,
      0,
      1818,
      44,
      0,
      0,
      0,
      35,
      93
    ],
    [
      44,
      0,
      0,
      0,
      71,
      1821,
      0,
      0,
      0,
      23,
      6
    ],
    [
      0,
      0,
      0,
      0,
      0,
      4,
      3261,
      0,
      20,
      0,
      0
    ],
    [
      0,
      0,
      0,
      0,
      0,
      0,
      0,
      1747,
      0,
      0,
      0
    ],
    [
      0,
      0,
      0,
      0,
      0,
      0,
      1,
      0,
      1812,
      0,
      0
    ],
    [
      2,
      0,
      0,
      0,
      5,
      2,
      2,
      0,
      0,
      1607,
      4
    ],
    [
      0,
      0,
      0,
      0,
      19,
      0,
      0,
      3,
      0,
      3,
      1859
    ]
  ],
  "counts": {
    "n_samples": 17778
  },
  "timing": {
    "eval_wall_sec": 5.57227349281311,
    "throughput_img_per_s": 3190.4392386571362,
    "latency_ms_per_img": 0.31343646601491226
  }
}