{
  "data_flag": "organamnist",
  "num_classes": 11,
  "class_names": [
    "bladder",
    "femur-left",
    "femur-right",
    "heart",
    "kidney-left",
    "kidney-right",
    "liver",
    "lung-left",
    "lung-right",
    "pancreas",
    "spleen"
  ],
  "is_ensemble": false,
  "metrics": {
    "accuracy": 0.9512881088986388,
    "balanced_accuracy": 0.9494737434335065,
    "auc": 0.9981091556995912
  },
  "confusion_matrix": [
    [
      909,
      7,
      3,
      0,
      15,
      31,
      0,
      0,
      4,
      49,
      18
    ],
    [
      0,
      756,
      15,
      0,
      4,
      9,
      0,
      0,
      0,
      0,
      0
    ],
    [
      0,
      8,
      762,
      0,
      0,
      23,
      0,
      0,
      0,
      0,
      0
    ],
    [
      0,
      0,
      0,
      751,
      6,
      1,
      1,
      22,
      0,
      0,
      4
    ],
    [
      57,
      14,
      26,
      0,
      1594,
      100,
      0,
      0,
      0,
      30,
      243
    ],
    [
      7,
      2,
      1,
      0,
      43,
      1866,
      3,
      0,
      0,
      6,
      37
    ],
    [
      0,
      0,
      0,
      0,
      0,
      1,
      3253,
      0,
      30,
      1,
      0
    ],
    [
      0,
      0,
      0,
      0,
      0,
      0,
      0,
      1745,
      0,
      0,
      2
    ],
    [
      1,
      0,
      0,
      0,
      0,
      0,
      0,
      0,
      1812,
      0,
      0
    ],
    [
      0,
      0,
      0,
      1,
      0,
      0,
      4,
      0,
      0,
      1584,
      33
    ],
    [
      1,
      0,
      0,
      2,
      0,
      0,
      0,
      1,
      0,
      0,
      1880
    ]
  ],
  "counts": {
    "n_samples": 17778
  },
  "timing": {
    "eval_wall_sec": 5.9123945236206055,
    "throughput_img_per_s": 3006.903536118085,
    "latency_ms_per_img": 0.3325680348532234
  }
}