{
  "data_flag": "organamnist",
  "num_classes": 11,
  "class_names": [
    "bladder",
    "femur-left",
    "femur-right",
    "heart",
    "kidney-left",
    "kidney-right",
    "liver",
    "lung-left",
    "lung-right",
    "pancreas",
    "spleen"
  ],
  "is_ensemble": true,
  "metrics": {
    "accuracy": 0.9745753178085274,
    "balanced_accuracy": 0.9728561131136725,
    "auc": 0.9988199684920995
  },
  "confusion_matrix": [
    [
      1004,
      0,
      3,
      0,
      15,
      9,
      0,
      0,
      0,
      5,
      0
    ],
    [
      0,
      747,
      10,
      0,
      20,
      7,
      0,
      0,
      0,
      0,
      0
    ],
    [
      0,
      0,
      763,
      0,
      12,
      18,
      0,
      0,
      0,
      0,
      0
    ],
    [
      0,
      0,
      0,
      771,
      1,
      2,
      0,
      9,
      0,
      0,
      2
    ],
    [
      35,
      4,
      20,
      0,
      1836,
      20,
      0,
      0,
      0,
      25,
      124
    ],
    [
      20,
      0,
      0,
      0,
      43,
      1884,
      0,
      0,
      0,
      7,
      11
    ],
    [
      0,
      0,
      0,
      0,
      0,
      1,
      3270,
      0,
      14,
      0,
      0
    ],
    [
      0,
      0,
      0,
      0,
      0,
      0,
      0,
      1747,
      0,
      0,
      0
    ],
    [
      0,
      0,
      0,
      0,
      0,
      0,
      1,
      0,
      1812,
      0,
      0
    ],
    [
      0,
      0,
      0,
      0,
      0,
      0,
      0,
      0,
      0,
      1615,
      7
    ],
    [
      0,
      0,
      0,
      2,
      1,
      0,
      0,
      2,
      0,
      2,
      1877
    ]
  ],
  "counts": {
    "n_samples": 17778
  },
  "timing": {
    "eval_wall_sec": 18.113831520080566,
    "throughput_img_per_s": 981.4599401728855,
    "latency_ms_per_img": 1.018890286875946
  }
}