{
  "data_flag": "organamnist",
  "num_classes": 11,
  "class_names": [
    "bladder",
    "femur-left",
    "femur-right",
    "heart",
    "kidney-left",
    "kidney-right",
    "liver",
    "lung-left",
    "lung-right",
    "pancreas",
    "spleen"
  ],
  "is_ensemble": false,
  "metrics": {
    "accuracy": 0.9628192147598155,
    "balanced_accuracy": 0.9566330997336877,
    "auc": 0.9986220886746353
  },
  "confusion_matrix": [
    [
      955,
      0,
      7,
      0,
      34,
      30,
      0,
      0,
      2,
      5,
      3
    ],
    [
      0,
      697,
      62,
      0,
      13,
      12,
      0,
      0,
      0,
      0,
      0
    ],
    [
      0,
      1,
      781,
      0,
      3,
      8,
      0,
      0,
      0,
      0,
      0
    ],
    [
      0,
      0,
      0,
      738,
      14,
      17,
      0,
      1,
      0,
      2,
      13
    ],
    [
      53,
      2,
      53,
      0,
      1802,
      34,
      0,
      0,
      0,
      16,
      104
    ],
    [
      5,
      0,
      0,
      0,
      84,
      1865,
      0,
      0,
      2,
      1,
      8
    ],
    [
      0,
      0,
      0,
      0,
      0,
      2,
      3263,
      0,
      20,
      0,
      0
    ],
    [
      0,
      0,
      0,
      0,
      0,
      0,
      0,
      1741,
      0,
      0,
      6
    ],
    [
      0,
      0,
      0,
      0,
      0,
      0,
      5,
      0,
      1808,
      0,
      0
    ],
    [
      0,
      0,
      0,
      1,
      8,
      0,
      0,
      0,
      0,
      1605,
      8
    ],
    [
      1,
      0,
      0,
      0,
      18,
      2,
      0,
      0,
      0,
      1,
      1862
    ]
  ],
  "counts": {
    "n_samples": 17778
  },
  "timing": {
    "eval_wall_sec": 5.932527780532837,
    "throughput_img_per_s": 2996.6989886397546,
    "latency_ms_per_img": 0.3337005163985171
  }
}