{
  "data_flag": "organamnist",
  "num_classes": 11,
  "class_names": [
    "bladder",
    "femur-left",
    "femur-right",
    "heart",
    "kidney-left",
    "kidney-right",
    "liver",
    "lung-left",
    "lung-right",
    "pancreas",
    "spleen"
  ],
  "is_ensemble": false,
  "metrics": {
    "accuracy": 0.962425469681629,
    "balanced_accuracy": 0.9587029112794861,
    "auc": 0.998509143805967
  },
  "confusion_matrix": [
    [
      1009,
      0,
      1,
      0,
      11,
      9,
      0,
      0,
      0,
      4,
      2
    ],
    [
      1,
      707,
      42,
      0,
      31,
      3,
      0,
      0,
      0,
      0,
      0
    ],
    [
      1,
      2,
      762,
      0,
      13,
      15,
      0,
      0,
      0,
      0,
      0
    ],
    [
      25,
      0,
      0,
      754,
      0,
      1,
      2,
      0,
      0,
      0,
      3
    ],
    [
      56,
      0,
      18,
      0,
      1799,
      20,
      0,
      0,
      0,
      22,
      149
    ],
    [
      37,
      0,
      5,
      0,
      66,
      1838,
      0,
      0,
      0,
      13,
      6
    ],
    [
      0,
      0,
      0,
      0,
      0,
      0,
      3271,
      0,
      14,
      0,
      0
    ],
    [
      0,
      0,
      0,
      0,
      0,
      0,
      0,
      1747,
      0,
      0,
      0
    ],
    [
      0,
      0,
      0,
      0,
      0,
      0,
      4,
      0,
      1809,
      0,
      0
    ],
    [
      6,
      0,
      0,
      0,
      0,
      0,
      22,
      0,
      0,
      1586,
      8
    ],
    [
      32,
      0,
      0,
      4,
      16,
      0,
      0,
      2,
      0,
      2,
      1828
    ]
  ],
  "counts": {
    "n_samples": 17778
  },
  "timing": {
    "eval_wall_sec": 5.664204359054565,
    "throughput_img_per_s": 3138.6579425900863,
    "latency_ms_per_img": 0.31860751260291176
  }
}