{
  "run_name": "fold_3",
  "train_losses": [
    0.13000032677665152,
    0.03233660599188815,
    0.0109243095899474,
    0.00822916881006577,
    0.015564681776030998,
    0.02037120421013625,
    0.008484748324883891,
    0.0011245683307035937,
    0.00023246977258630598,
    0.00012912916779065527,
    0.00010386648893904206,
    8.729880509990019e-05,
    7.496069958589834e-05,
    6.547233583452051e-05,
    5.780415355955598e-05,
    5.1455681161166e-05,
    4.614326425561152e-05,
    4.158848638207495e-05,
    3.764869990713118e-05
  ],
  "val_losses": [
    0.068314037593161,
    0.05450414841706512,
    0.020642842129967545,
    0.029080616187726248,
    0.025633542175687186,
    0.013704731241129475,
    0.02780209807874028,
    0.009568559745717714,
    0.008168592322570268,
    0.008346317828087398,
    0.008529514391162054,
    0.00869236835972844,
    0.0088908386583841,
    0.009050812681185223,
    0.009200153593354141,
    0.009341381420200577,
    0.009469585724336057,
    0.00961447087725717,
    0.00971653447579869
  ],
  "val_accs": [
    0.9789890377588307,
    0.9829476248477467,
    0.9951278928136419,
    0.9904080389768575,
    0.9914738124238733,
    0.9957369062119367,
    0.9922350791717418,
    0.9981729598051157,
    0.9984774665042631,
    0.9984774665042631,
    0.9984774665042631,
    0.9984774665042631,
    0.9984774665042631,
    0.9984774665042631,
    0.9984774665042631,
    0.9984774665042631,
    0.9984774665042631,
    0.9984774665042631,
    0.9984774665042631
  ],
  "epoch_times_sec": [
    221.10680055618286,
    213.10091543197632,
    213.10020470619202,
    212.91238045692444,
    213.27821254730225,
    213.08277654647827,
    213.05727100372314,
    212.71464467048645,
    212.92181539535522,
    213.08768892288208,
    212.9974753856659,
    212.95783925056458,
    212.95751190185547,
    213.01971530914307,
    212.78094172477722,
    213.0259120464325,
    213.12635040283203,
    213.04889631271362,
    213.10102367401123
  ],
  "early_stop": {
    "enabled": true,
    "monitor": "val_loss",
    "best_epoch": 8,
    "best_value": 0.008168592322570268
  }
}