{
  "run_name": "fold_4",
  "train_losses": [
    0.13381325123684237,
    0.02557310562953594,
    0.015178815187718405,
    0.011956850112650621,
    0.010449265981570815,
    0.028838646873342283,
    0.004361031648170457,
    0.007438586423186237,
    0.009944236525846818,
    0.005111916486271846,
    0.00880738837708335,
    0.008044821978964079,
    0.0004692336096191295,
    0.0018629665621819188,
    0.006246287213124501,
    0.0020499931560037446,
    0.0054399801635977105,
    0.007276586151073874,
    0.005019704708227972,
    0.0008866501223526055,
    9.615773236412278e-05,
    5.68675614424957e-05,
    4.843111012677015e-05,
    4.25274903917108e-05,
    3.780440476422807e-05,
    3.3891220774399614e-05,
    3.057564599713514e-05,
    2.773883972124569e-05,
    2.525603462203317e-05,
    2.3099536614145358e-05,
    2.1153473836312633e-05
  ],
  "val_losses": [
    0.03043837749584148,
    0.018985124491849952,
    0.03028815416829041,
    0.016585473011896678,
    0.012877259886427697,
    0.01097041526095387,
    0.00642751201864754,
    0.025471285411784023,
    0.023200648243371147,
    0.009257611052376182,
    0.05385219284937911,
    0.004841457241566185,
    0.008085412523230601,
    0.006471402529946766,
    0.026945574629539823,
    0.011339668153961565,
    0.02042065430788114,
    0.015506177513330412,
    0.003932735922562166,
    0.004886488557385037,
    0.0022310253667449337,
    0.0019450169518291775,
    0.0018315655605111514,
    0.0017534456650521813,
    0.0016979210724388833,
    0.001657628929695533,
    0.0016202236788796542,
    0.0015972110696886384,
    0.0015671528596217436,
    0.0015447505970996368,
    0.0015292531770971151
  ],
  "val_accs": [
    0.9923873325213155,
    0.9949756394640682,
    0.9885809987819733,
    0.9957369062119367,
    0.9951278928136419,
    0.9974116930572473,
    0.9977161997563947,
    0.9905602923264312,
    0.9937576126674786,
    0.9972594397076736,
    0.9843179049939099,
    0.9986297198538368,
    0.9977161997563947,
    0.9974116930572473,
    0.9925395858708892,
    0.9961936662606578,
    0.9943666260657734,
    0.9942143727161997,
    0.9983252131546894,
    0.9983252131546894,
    0.9990864799025578,
    0.9992387332521315,
    0.9993909866017052,
    0.9993909866017052,
    0.9993909866017052,
    0.9993909866017052,
    0.9993909866017052,
    0.9993909866017052,
    0.9993909866017052,
    0.9993909866017052,
    0.9993909866017052
  ],
  "epoch_times_sec": [
    220.62822484970093,
    212.94595766067505,
    212.9814465045929,
    213.16643691062927,
    213.2006278038025,
    213.12367153167725,
    212.98492169380188,
    213.05357575416565,
    213.1900987625122,
    213.04132604599,
    212.9219810962677,
    213.133371591568,
    213.3290376663208,
    213.0579376220703,
    213.0615737438202,
    213.2381248474121,
    213.23432731628418,
    213.21495723724365,
    213.31511044502258,
    212.99306845664978,
    213.28686237335205,
    213.21069478988647,
    213.09397387504578,
    213.07928490638733,
    213.2529158592224,
    213.1693630218506,
    213.3271725177765,
    213.31395292282104,
    213.27171730995178,
    213.49491500854492,
    213.03169178962708
  ],
  "early_stop": {
    "enabled": true,
    "monitor": "val_loss",
    "best_epoch": 20,
    "best_value": 0.0022310253667449337
  }
}