{
  "run_name": "fold_1",
  "train_losses": [
    0.13968358614327397,
    0.023655421964103047,
    0.015273962681611464,
    0.02060091126714005,
    0.015596417166910594,
    0.0017732157281652437,
    0.002197021834646721,
    0.010477367071371403,
    0.025441341614841628,
    0.005917257324802051,
    0.0014100286033982459,
    0.00019639085790962895,
    0.00010681188908254842,
    8.722541069181783e-05,
    7.448735805107476e-05,
    6.500686080818291e-05,
    5.7401104068394705e-05,
    5.120151653799065e-05,
    4.5966335582192304e-05,
    4.144759770870295e-05,
    3.754082100585495e-05,
    3.413931821543378e-05
  ],
  "val_losses": [
    0.04522491441914828,
    0.026159125907064713,
    0.018729022613881968,
    0.012201851742323964,
    0.005685458526817285,
    0.004705115567921717,
    0.013311851953702778,
    0.03830975416533583,
    0.024506463137998084,
    0.0173834603698201,
    0.008906987022650206,
    0.0032611260256967104,
    0.003243564852352008,
    0.0032921746232726663,
    0.003359302566067539,
    0.003416643261009216,
    0.0034839833832727195,
    0.0035483619978503014,
    0.0036332347703442952,
    0.0036951322657483034,
    0.003775337173311249,
    0.003841597359392386
  ],
  "val_accs": [
    0.9846224116930572,
    0.9914738124238733,
    0.9928440925700366,
    0.9958891595615104,
    0.9984774665042631,
    0.9986297198538368,
    0.9960414129110841,
    0.9937576126674786,
    0.993148599269184,
    0.9934531059683313,
    0.9968026796589525,
    0.9987819732034104,
    0.9990864799025578,
    0.9990864799025578,
    0.9990864799025578,
    0.9990864799025578,
    0.9990864799025578,
    0.9990864799025578,
    0.9990864799025578,
    0.9990864799025578,
    0.9990864799025578,
    0.9992387332521315
  ],
  "epoch_times_sec": [
    219.45976662635803,
    213.75184226036072,
    213.08279657363892,
    213.24718379974365,
    212.92109155654907,
    213.16675758361816,
    213.3431658744812,
    213.36145567893982,
    213.03168034553528,
    213.1721568107605,
    212.75379705429077,
    213.37975883483887,
    212.8674774169922,
    213.164621591568,
    213.00299525260925,
    213.2270166873932,
    213.09407258033752,
    212.93003845214844,
    213.17109942436218,
    213.4072344303131,
    213.27298402786255,
    213.51886224746704
  ],
  "early_stop": {
    "enabled": true,
    "monitor": "val_loss",
    "best_epoch": 11,
    "best_value": 0.0032611260256967104
  }
}