{
  "run_name": "fold_0",
  "train_losses": [
    0.1407651614883277,
    0.022069313490239224,
    0.016947092055076513,
    0.014146246708562,
    0.015066898541624832,
    0.0030561359892752426,
    0.00047621006083966265,
    0.00016931975595726792,
    0.00012782255828411212,
    0.00010566596462460514,
    9.030687890580462e-05,
    7.849000264954584e-05,
    6.912375833846552e-05,
    6.138022517772385e-05,
    5.493322833289192e-05,
    4.942430544235652e-05,
    4.4616119253072526e-05
  ],
  "val_losses": [
    0.026591351387625615,
    0.05014617966116127,
    0.011292558410660755,
    0.021140473111465854,
    0.01083931738525189,
    0.005547576880764144,
    0.004000445298868897,
    0.0040723701966318415,
    0.004017322677241531,
    0.0040027774763042884,
    0.004011742884503088,
    0.004048376808352434,
    0.004068487352958758,
    0.004125718084639961,
    0.0041695632683985935,
    0.004258297630955698,
    0.004284269518720859
  ],
  "val_accs": [
    0.9926929517430355,
    0.9901050388186938,
    0.9971076267316182,
    0.9945197138072766,
    0.9972598569036383,
    0.998325468107779,
    0.9987821586238392,
    0.9986299284518192,
    0.9987821586238392,
    0.9987821586238392,
    0.9987821586238392,
    0.9987821586238392,
    0.9987821586238392,
    0.9987821586238392,
    0.9987821586238392,
    0.9989343887958594,
    0.9989343887958594
  ],
  "epoch_times_sec": [
    221.5716814994812,
    213.33356595039368,
    213.16741490364075,
    213.17724108695984,
    213.0929205417633,
    213.02323508262634,
    213.02338075637817,
    213.17901825904846,
    213.10423111915588,
    213.39883065223694,
    213.17698335647583,
    213.08601927757263,
    213.13241934776306,
    213.32325863838196,
    213.15247797966003,
    213.22479248046875,
    213.33930349349976
  ],
  "early_stop": {
    "enabled": true,
    "monitor": "val_loss",
    "best_epoch": 6,
    "best_value": 0.004000445298868897
  }
}