{
  "run_name": "fold_2",
  "train_losses": [
    0.1408995496769806,
    0.019109726255582427,
    0.013783094328378499,
    0.02183095277029537,
    0.00691643553573186,
    0.009134110074374181,
    0.014996091415816728,
    0.01017182613120543,
    0.002002297046712753,
    0.00031203411661886185,
    0.00013696167660431953,
    9.76211661963161e-05,
    8.154737769877372e-05,
    7.036822914912164e-05,
    6.151803013173958e-05,
    5.4523809347354896e-05,
    4.854555957917437e-05,
    4.3683064740573845e-05,
    3.938746394679085e-05,
    3.571287793786619e-05,
    3.244849693241247e-05
  ],
  "val_losses": [
    0.05610621637062382,
    0.02291908251075131,
    0.03592554724068538,
    0.04870792929294103,
    0.017513462488727257,
    0.014896793034603766,
    0.11094374880285414,
    0.019138542413439298,
    0.007434824998048815,
    0.006182258169792919,
    0.0047392505569003205,
    0.004924562291217935,
    0.005038695564754018,
    0.005186298165362454,
    0.00532942168148298,
    0.005406497281756578,
    0.005532243548581796,
    0.005621531376698011,
    0.005701350986818376,
    0.005813736013854935,
    0.005919473470847076
  ],
  "val_accs": [
    0.9838611449451888,
    0.9933008526187577,
    0.9899512789281364,
    0.9849269183922046,
    0.9964981729598051,
    0.9957369062119367,
    0.9718331303288672,
    0.9952801461632156,
    0.998020706455542,
    0.9983252131546894,
    0.9984774665042631,
    0.9984774665042631,
    0.9984774665042631,
    0.9984774665042631,
    0.9984774665042631,
    0.9984774665042631,
    0.9984774665042631,
    0.9984774665042631,
    0.9984774665042631,
    0.9984774665042631,
    0.9984774665042631
  ],
  "epoch_times_sec": [
    220.37182760238647,
    213.02263712882996,
    212.89973139762878,
    213.02283549308777,
    212.81551837921143,
    213.1374716758728,
    213.0350432395935,
    213.15463304519653,
    213.14056086540222,
    213.0203082561493,
    213.11391258239746,
    213.06945657730103,
    213.23892378807068,
    212.99457120895386,
    212.95453906059265,
    213.11608338356018,
    213.08004474639893,
    212.86408185958862,
    213.2026867866516,
    212.9246597290039,
    212.92881774902344
  ],
  "early_stop": {
    "enabled": true,
    "monitor": "val_loss",
    "best_epoch": 10,
    "best_value": 0.0047392505569003205
  }
}