{
  "data_flag": "organamnist",
  "num_classes": 11,
  "class_names": [
    "bladder",
    "femur-left",
    "femur-right",
    "heart",
    "kidney-left",
    "kidney-right",
    "liver",
    "lung-left",
    "lung-right",
    "pancreas",
    "spleen"
  ],
  "is_ensemble": false,
  "metrics": {
    "accuracy": 0.978681516481044,
    "balanced_accuracy": 0.9750028329268797,
    "auc": 0.9996790671933037
  },
  "confusion_matrix": [
    [
      983,
      1,
      2,
      0,
      4,
      7,
      0,
      0,
      0,
      39,
      0
    ],
    [
      0,
      761,
      10,
      0,
      10,
      3,
      0,
      0,
      0,
      0,
      0
    ],
    [
      0,
      3,
      775,
      0,
      2,
      13,
      0,
      0,
      0,
      0,
      0
    ],
    [
      0,
      0,
      0,
      742,
      0,
      0,
      0,
      36,
      0,
      2,
      5
    ],
    [
      21,
      2,
      0,
      0,
      1913,
      25,
      0,
      0,
      0,
      24,
      79
    ],
    [
      2,
      0,
      2,
      0,
      47,
      1907,
      0,
      0,
      0,
      0,
      7
    ],
    [
      0,
      0,
      0,
      0,
      0,
      0,
      3269,
      0,
      16,
      0,
      0
    ],
    [
      0,
      0,
      0,
      0,
      0,
      0,
      0,
      1747,
      0,
      0,
      0
    ],
    [
      0,
      0,
      0,
      0,
      0,
      0,
      0,
      0,
      1813,
      0,
      0
    ],
    [
      1,
      0,
      0,
      0,
      1,
      0,
      0,
      0,
      0,
      1617,
      3
    ],
    [
      0,
      0,
      0,
      0,
      7,
      1,
      0,
      3,
      0,
      1,
      1872
    ]
  ],
  "counts": {
    "n_samples": 17778
  },
  "timing": {
    "eval_wall_sec": 43.11640691757202,
    "throughput_img_per_s": 412.3256382190466,
    "latency_ms_per_img": 2.4252675732687603
  }
}