{
  "data_flag": "organamnist",
  "num_classes": 11,
  "class_names": [
    "bladder",
    "femur-left",
    "femur-right",
    "heart",
    "kidney-left",
    "kidney-right",
    "liver",
    "lung-left",
    "lung-right",
    "pancreas",
    "spleen"
  ],
  "is_ensemble": false,
  "metrics": {
    "accuracy": 0.9779502756215547,
    "balanced_accuracy": 0.9758925783962845,
    "auc": 0.9995730391653992
  },
  "confusion_matrix": [
    [
      966,
      0,
      2,
      0,
      3,
      10,
      0,
      0,
      0,
      55,
      0
    ],
    [
      0,
      749,
      21,
      0,
      5,
      9,
      0,
      0,
      0,
      0,
      0
    ],
    [
      1,
      2,
      786,
      0,
      0,
      4,
      0,
      0,
      0,
      0,
      0
    ],
    [
      0,
      0,
      0,
      777,
      0,
      0,
      0,
      3,
      0,
      0,
      5
    ],
    [
      22,
      8,
      4,
      0,
      1893,
      23,
      0,
      0,
      0,
      35,
      79
    ],
    [
      8,
      1,
      0,
      0,
      61,
      1895,
      0,
      0,
      0,
      0,
      0
    ],
    [
      0,
      0,
      0,
      0,
      0,
      0,
      3279,
      0,
      6,
      0,
      0
    ],
    [
      0,
      0,
      0,
      0,
      0,
      0,
      0,
      1747,
      0,
      0,
      0
    ],
    [
      0,
      0,
      0,
      0,
      0,
      0,
      2,
      0,
      1811,
      0,
      0
    ],
    [
      0,
      0,
      0,
      0,
      0,
      0,
      0,
      0,
      0,
      1618,
      4
    ],
    [
      0,
      0,
      0,
      3,
      9,
      0,
      0,
      4,
      0,
      3,
      1865
    ]
  ],
  "counts": {
    "n_samples": 17778
  },
  "timing": {
    "eval_wall_sec": 43.086334466934204,
    "throughput_img_per_s": 412.6134241854199,
    "latency_ms_per_img": 2.423576019064811
  }
}