{
  "data_flag": "organamnist",
  "num_classes": 11,
  "class_names": [
    "bladder",
    "femur-left",
    "femur-right",
    "heart",
    "kidney-left",
    "kidney-right",
    "liver",
    "lung-left",
    "lung-right",
    "pancreas",
    "spleen"
  ],
  "is_ensemble": false,
  "metrics": {
    "accuracy": 0.9737315783552706,
    "balanced_accuracy": 0.9689066126864347,
    "auc": 0.9994773690986206
  },
  "confusion_matrix": [
    [
      1003,
      1,
      0,
      0,
      3,
      4,
      0,
      0,
      0,
      25,
      0
    ],
    [
      1,
      743,
      22,
      0,
      8,
      10,
      0,
      0,
      0,
      0,
      0
    ],
    [
      10,
      3,
      760,
      0,
      1,
      19,
      0,
      0,
      0,
      0,
      0
    ],
    [
      0,
      0,
      0,
      737,
      0,
      0,
      0,
      40,
      0,
      3,
      5
    ],
    [
      39,
      2,
      0,
      0,
      1843,
      42,
      0,
      0,
      0,
      35,
      103
    ],
    [
      5,
      0,
      0,
      1,
      39,
      1920,
      0,
      0,
      0,
      0,
      0
    ],
    [
      0,
      0,
      0,
      0,
      0,
      0,
      3283,
      0,
      2,
      0,
      0
    ],
    [
      0,
      0,
      0,
      0,
      0,
      0,
      0,
      1746,
      0,
      0,
      1
    ],
    [
      0,
      0,
      0,
      0,
      0,
      0,
      30,
      0,
      1783,
      0,
      0
    ],
    [
      2,
      0,
      0,
      0,
      1,
      0,
      0,
      0,
      0,
      1616,
      3
    ],
    [
      0,
      0,
      0,
      0,
      3,
      1,
      0,
      2,
      0,
      1,
      1877
    ]
  ],
  "counts": {
    "n_samples": 17778
  },
  "timing": {
    "eval_wall_sec": 43.142903327941895,
    "throughput_img_per_s": 412.07240655234057,
    "latency_ms_per_img": 2.42675797772201
  }
}