{
  "data_flag": "organamnist",
  "num_classes": 11,
  "class_names": [
    "bladder",
    "femur-left",
    "femur-right",
    "heart",
    "kidney-left",
    "kidney-right",
    "liver",
    "lung-left",
    "lung-right",
    "pancreas",
    "spleen"
  ],
  "is_ensemble": true,
  "metrics": {
    "accuracy": 0.9821689728878389,
    "balanced_accuracy": 0.9804229852184725,
    "auc": 0.9997104642220193
  },
  "confusion_matrix": [
    [
      987,
      0,
      1,
      0,
      2,
      6,
      0,
      0,
      0,
      40,
      0
    ],
    [
      0,
      759,
      13,
      0,
      6,
      6,
      0,
      0,
      0,
      0,
      0
    ],
    [
      1,
      3,
      780,
      0,
      0,
      9,
      0,
      0,
      0,
      0,
      0
    ],
    [
      0,
      0,
      0,
      775,
      0,
      0,
      0,
      5,
      0,
      2,
      3
    ],
    [
      24,
      3,
      0,
      0,
      1910,
      15,
      0,
      0,
      0,
      19,
      93
    ],
    [
      6,
      0,
      0,
      0,
      37,
      1922,
      0,
      0,
      0,
      0,
      0
    ],
    [
      0,
      0,
      0,
      0,
      0,
      0,
      3276,
      0,
      9,
      0,
      0
    ],
    [
      0,
      0,
      0,
      0,
      0,
      0,
      0,
      1747,
      0,
      0,
      0
    ],
    [
      0,
      0,
      0,
      0,
      0,
      0,
      1,
      0,
      1812,
      0,
      0
    ],
    [
      0,
      0,
      0,
      0,
      0,
      0,
      0,
      0,
      0,
      1618,
      4
    ],
    [
      0,
      0,
      0,
      0,
      5,
      0,
      0,
      3,
      0,
      1,
      1875
    ]
  ],
  "counts": {
    "n_samples": 17778
  },
  "timing": {
    "eval_wall_sec": 210.85451698303223,
    "throughput_img_per_s": 84.31405812108176,
    "latency_ms_per_img": 11.8604183250665
  }
}