{
  "data_flag": "organamnist",
  "num_classes": 11,
  "class_names": [
    "bladder",
    "femur-left",
    "femur-right",
    "heart",
    "kidney-left",
    "kidney-right",
    "liver",
    "lung-left",
    "lung-right",
    "pancreas",
    "spleen"
  ],
  "is_ensemble": false,
  "metrics": {
    "accuracy": 0.974125323433457,
    "balanced_accuracy": 0.9735497103875599,
    "auc": 0.9992681238216116
  },
  "confusion_matrix": [
    [
      963,
      0,
      1,
      0,
      7,
      9,
      0,
      0,
      0,
      55,
      1
    ],
    [
      2,
      766,
      5,
      0,
      10,
      1,
      0,
      0,
      0,
      0,
      0
    ],
    [
      4,
      6,
      774,
      0,
      0,
      9,
      0,
      0,
      0,
      0,
      0
    ],
    [
      0,
      0,
      0,
      778,
      0,
      0,
      0,
      3,
      0,
      4,
      0
    ],
    [
      51,
      26,
      0,
      0,
      1831,
      26,
      0,
      0,
      0,
      13,
      117
    ],
    [
      6,
      2,
      1,
      3,
      47,
      1901,
      0,
      0,
      3,
      2,
      0
    ],
    [
      0,
      0,
      0,
      0,
      0,
      0,
      3261,
      0,
      24,
      0,
      0
    ],
    [
      0,
      0,
      0,
      0,
      0,
      0,
      0,
      1747,
      0,
      0,
      0
    ],
    [
      0,
      0,
      0,
      0,
      0,
      1,
      1,
      0,
      1811,
      0,
      0
    ],
    [
      0,
      0,
      0,
      0,
      1,
      0,
      0,
      0,
      0,
      1620,
      1
    ],
    [
      0,
      0,
      0,
      0,
      7,
      0,
      0,
      11,
      0,
      0,
      1866
    ]
  ],
  "counts": {
    "n_samples": 17778
  },
  "timing": {
    "eval_wall_sec": 43.154173135757446,
    "throughput_img_per_s": 411.964792931444,
    "latency_ms_per_img": 2.4273918964876504
  }
}