{
  "data_flag": "organamnist",
  "num_classes": 11,
  "class_names": [
    "bladder",
    "femur-left",
    "femur-right",
    "heart",
    "kidney-left",
    "kidney-right",
    "liver",
    "lung-left",
    "lung-right",
    "pancreas",
    "spleen"
  ],
  "is_ensemble": false,
  "metrics": {
    "accuracy": 0.9759253009337383,
    "balanced_accuracy": 0.9735959252791797,
    "auc": 0.9990159520328871
  },
  "confusion_matrix": [
    [
      986,
      1,
      2,
      0,
      7,
      4,
      0,
      0,
      0,
      36,
      0
    ],
    [
      9,
      741,
      16,
      0,
      7,
      11,
      0,
      0,
      0,
      0,
      0
    ],
    [
      0,
      0,
      770,
      0,
      0,
      23,
      0,
      0,
      0,
      0,
      0
    ],
    [
      0,
      0,
      0,
      778,
      0,
      0,
      0,
      0,
      0,
      5,
      2
    ],
    [
      20,
      8,
      0,
      0,
      1839,
      26,
      0,
      0,
      0,
      36,
      135
    ],
    [
      8,
      0,
      0,
      0,
      52,
      1905,
      0,
      0,
      0,
      0,
      0
    ],
    [
      0,
      0,
      0,
      0,
      0,
      0,
      3280,
      0,
      5,
      0,
      0
    ],
    [
      0,
      0,
      0,
      0,
      0,
      0,
      0,
      1747,
      0,
      0,
      0
    ],
    [
      0,
      0,
      0,
      0,
      0,
      0,
      2,
      0,
      1811,
      0,
      0
    ],
    [
      0,
      0,
      0,
      0,
      0,
      0,
      0,
      0,
      0,
      1618,
      4
    ],
    [
      0,
      0,
      0,
      0,
      4,
      0,
      0,
      4,
      0,
      1,
      1875
    ]
  ],
  "counts": {
    "n_samples": 17778
  },
  "timing": {
    "eval_wall_sec": 46.30562663078308,
    "throughput_img_per_s": 383.9274251000316,
    "latency_ms_per_img": 2.6046589397448017
  }
}