{
  "run_name": "fold_0",
  "train_losses": [
    0.4313655640362712,
    0.10730528422670926,
    0.08612276355480025,
    0.05531747178585496,
    0.05688728816606271,
    0.05775854995820857,
    0.04705161546456198,
    0.03880272883364857,
    0.03598140565074629,
    0.04326964269218022,
    0.036677478633354285,
    0.03058313761139821,
    0.02449357706182996,
    0.030041902623712934,
    0.028865296374895717,
    0.02253361948423861,
    0.021046179375271847,
    0.02073917380705728
  ],
  "val_losses": [
    0.07163984659493951,
    0.04366250350812562,
    0.046467051681274144,
    0.06696720614133767,
    0.07275696956915219,
    0.06934209760292084,
    0.0736913085801074,
    0.03295341095422315,
    0.06923663499041492,
    0.05291120864798262,
    0.09971676998426099,
    0.04350309344085182,
    0.06368509237356552,
    0.04768876384618527,
    0.057338788289869616,
    0.05423590177210419,
    0.05737164239969506,
    0.058341177727795554
  ],
  "val_accs": [
    0.9757769652650823,
    0.9867458866544789,
    0.9821755027422303,
    0.9730347349177331,
    0.9757769652650823,
    0.9753199268738574,
    0.9803473491773309,
    0.9881170018281535,
    0.9757769652650823,
    0.9858318098720292,
    0.9684643510054844,
    0.9830895795246801,
    0.9812614259597806,
    0.9872029250457038,
    0.9835466179159049,
    0.9835466179159049,
    0.9830895795246801,
    0.9853747714808044
  ],
  "epoch_times_sec": [
    74.88059973716736,
    73.8733286857605,
    74.61367630958557,
    74.6040050983429,
    74.75195240974426,
    75.00675964355469,
    74.7368712425232,
    74.86501264572144,
    74.72848081588745,
    74.91127562522888,
    74.75932121276855,
    74.80547523498535,
    74.83376598358154,
    74.75858521461487,
    74.67908716201782,
    74.68035459518433,
    74.68743872642517,
    74.67261791229248
  ],
  "early_stop": {
    "enabled": true,
    "monitor": "val_loss",
    "best_epoch": 7,
    "best_value": 0.03295341095422315
  }
}