{
  "run_name": "fold_4",
  "train_losses": [
    0.4956675647313097,
    0.11180162263578763,
    0.08947023052067767,
    0.07367639231510142,
    0.04545456606369725,
    0.044173420586031714,
    0.04317518707302206,
    0.05181867793732091,
    0.04409948423639381,
    0.0341058491243473,
    0.035092231320958775,
    0.04314427968706045,
    0.023083084834645252,
    0.0301004428565945,
    0.025753297442258433,
    0.036168866088586826,
    0.03270230921476497,
    0.024992751085985754,
    0.01946478508645323,
    0.017414388877757685,
    0.01896918028616908,
    0.021331792855919504
  ],
  "val_losses": [
    0.16248651016435436,
    0.06433689068776317,
    0.0630421661173522,
    0.0841656531178306,
    0.0837810462520419,
    0.052735678669928426,
    0.06874772389924003,
    0.05810232551587012,
    0.04124864956326135,
    0.04544787515356377,
    0.05002194010236551,
    0.039444150666526984,
    0.04478603938943015,
    0.04708296174635309,
    0.060349914264656766,
    0.05974429169392735,
    0.06494722382449104,
    0.06372121638248138,
    0.04744400066303563,
    0.0778389814125385,
    0.04128038076957271,
    0.03989324374394287
  ],
  "val_accs": [
    0.9501600365797896,
    0.9807956104252401,
    0.9839963420210334,
    0.9702789208962048,
    0.9725651577503429,
    0.9835390946502057,
    0.9817101051668953,
    0.9771376314586191,
    0.9871970736168267,
    0.9881115683584819,
    0.9789666209419295,
    0.9871970736168267,
    0.9871970736168267,
    0.9862825788751715,
    0.9807956104252401,
    0.9839963420210334,
    0.9716506630086877,
    0.9753086419753086,
    0.9830818472793782,
    0.9725651577503429,
    0.9876543209876543,
    0.9881115683584819
  ],
  "epoch_times_sec": [
    77.03320384025574,
    74.57006025314331,
    74.86090993881226,
    74.84887504577637,
    75.09221911430359,
    75.07611584663391,
    74.72104597091675,
    74.90879440307617,
    74.79185199737549,
    74.73694968223572,
    74.87366509437561,
    74.84921026229858,
    74.63417530059814,
    74.99758625030518,
    74.55917000770569,
    74.60333156585693,
    74.57125282287598,
    74.74036049842834,
    74.79564809799194,
    74.60190010070801,
    74.85463213920593,
    74.70512986183167
  ],
  "early_stop": {
    "enabled": true,
    "monitor": "val_loss",
    "best_epoch": 11,
    "best_value": 0.039444150666526984
  }
}