{
  "run_name": "fold_2",
  "train_losses": [
    0.5613828560518175,
    0.12451799704233078,
    0.08450259673471437,
    0.05842165446087951,
    0.06636260114188657,
    0.0485435044483425,
    0.04836206492566697,
    0.03464011303805422,
    0.037666232592855974,
    0.04155578105323505,
    0.03578794425263352,
    0.0430158656969767,
    0.0227332612826819,
    0.029011696975617316,
    0.027335674868459524,
    0.029055131137105367,
    0.018539920536119307,
    0.028459546601503887,
    0.027955008262987885,
    0.021616664438237326,
    0.03569089770589587,
    0.018367143726605036,
    0.02596201000043032,
    0.01594294630121348,
    0.017626636862032672,
    0.018318056043440552,
    0.019698447852403673
  ],
  "val_losses": [
    0.09423915783618758,
    0.09343043600507575,
    0.06641455627441284,
    0.08278225165816083,
    0.05057535482171087,
    0.0678880197578589,
    0.03326242338470173,
    0.06819937826806248,
    0.035612825918204916,
    0.036424938182972086,
    0.05616300971523842,
    0.05052114255779781,
    0.05138076825542644,
    0.042489489219277594,
    0.04468055350163455,
    0.03659931932762627,
    0.03214649710442309,
    0.04861694614614382,
    0.04310343702864611,
    0.08046775218477292,
    0.0376116586319449,
    0.0369533644230863,
    0.06553851873843318,
    0.037446847698076574,
    0.042498562489437695,
    0.06639418074725884,
    0.059569569072526654
  ],
  "val_accs": [
    0.9634202103337905,
    0.9661636945587563,
    0.9780521262002744,
    0.9721079103795153,
    0.9821673525377229,
    0.9721079103795153,
    0.9867398262459991,
    0.9771376314586191,
    0.9885688157293095,
    0.9858253315043438,
    0.978509373571102,
    0.9830818472793782,
    0.9803383630544125,
    0.984453589391861,
    0.9821673525377229,
    0.984453589391861,
    0.9871970736168267,
    0.9835390946502057,
    0.9858253315043438,
    0.974851394604481,
    0.984453589391861,
    0.9885688157293095,
    0.9794238683127572,
    0.9885688157293095,
    0.9862825788751715,
    0.9817101051668953,
    0.9830818472793782
  ],
  "epoch_times_sec": [
    76.84837985038757,
    74.63512754440308,
    74.78950810432434,
    74.63903880119324,
    74.874027967453,
    74.6965606212616,
    74.84710454940796,
    74.88887047767639,
    74.75577878952026,
    74.70307183265686,
    74.9222719669342,
    74.59820652008057,
    74.85058331489563,
    74.89751291275024,
    74.73380947113037,
    74.998042345047,
    74.66178512573242,
    74.70691251754761,
    74.68295884132385,
    74.74082279205322,
    74.74818706512451,
    74.79301047325134,
    74.70112013816833,
    74.61439299583435,
    74.75483775138855,
    74.60486435890198,
    74.55379295349121
  ],
  "early_stop": {
    "enabled": true,
    "monitor": "val_loss",
    "best_epoch": 16,
    "best_value": 0.03214649710442309
  }
}