{
  "run_name": "fold_3",
  "train_losses": [
    0.563552563116065,
    0.1089604453286221,
    0.07714664577715655,
    0.06750956924046934,
    0.06526280907388823,
    0.05054761574110013,
    0.05115347109408852,
    0.036385385680026985,
    0.039140875182270066,
    0.028390405017698215,
    0.0459829138229746,
    0.04055452145825987,
    0.030838763152467058,
    0.025783085268842845,
    0.032091916653207674,
    0.021797631536705695,
    0.020960228700530995,
    0.02669621808336236,
    0.02489939938682681,
    0.015445075625146453,
    0.017517317356838747,
    0.03772720921576425,
    0.02759403526844304,
    0.017783299223029663
  ],
  "val_losses": [
    0.09849955407952848,
    0.07232788840209138,
    0.06911977403169088,
    0.13031476148402904,
    0.09148553987564907,
    0.08257661122789545,
    0.10560043126167529,
    0.07490942917106683,
    0.04873441119120887,
    0.045041941960564096,
    0.07303587269850474,
    0.0547940029044498,
    0.058130652814823325,
    0.04161414411099935,
    0.04579874563444394,
    0.06535940505811469,
    0.04527422312621447,
    0.05252198722016234,
    0.06703375816276227,
    0.04976618900688797,
    0.07349012258409802,
    0.06398469091312782,
    0.07678023570165665,
    0.0421741132736205
  ],
  "val_accs": [
    0.9638774577046182,
    0.9711934156378601,
    0.9775948788294467,
    0.949702789208962,
    0.9698216735253772,
    0.9693644261545497,
    0.9734796524919982,
    0.9734796524919982,
    0.9817101051668953,
    0.9849108367626886,
    0.9780521262002744,
    0.9798811156835848,
    0.9830818472793782,
    0.9849108367626886,
    0.9835390946502057,
    0.9789666209419295,
    0.9849108367626886,
    0.9826245999085506,
    0.9798811156835848,
    0.9839963420210334,
    0.9794238683127572,
    0.9794238683127572,
    0.9789666209419295,
    0.9867398262459991
  ],
  "epoch_times_sec": [
    76.98742628097534,
    74.62705421447754,
    74.55371761322021,
    74.6155514717102,
    74.86379742622375,
    74.95110630989075,
    74.77396535873413,
    74.46865749359131,
    74.5599570274353,
    74.83999705314636,
    74.70807218551636,
    74.60689353942871,
    74.59631252288818,
    74.72778463363647,
    74.65545701980591,
    74.70267271995544,
    74.86216568946838,
    74.76575636863708,
    74.73439431190491,
    74.92621159553528,
    74.71260690689087,
    74.67910122871399,
    74.76893782615662,
    74.64244151115417
  ],
  "early_stop": {
    "enabled": true,
    "monitor": "val_loss",
    "best_epoch": 13,
    "best_value": 0.04161414411099935
  }
}