{
  "run_name": "fold_1",
  "train_losses": [
    0.4496506234144044,
    0.11713892474203386,
    0.07617243681925204,
    0.06160664588386692,
    0.05844565204435491,
    0.05634128810310517,
    0.05060341410234133,
    0.04281487737005541,
    0.05598646333550355,
    0.03359628745945185,
    0.03462324212354746,
    0.030051163607753336,
    0.02504939000965432,
    0.030070473349616246,
    0.02757632999791324,
    0.037730953826987684,
    0.031095486982902373,
    0.02330927551133331,
    0.017548455108723132
  ],
  "val_losses": [
    0.08560429921584092,
    0.04032105990997667,
    0.06599260831893063,
    0.04734766604928159,
    0.05215739809269632,
    0.07857948074233985,
    0.03717524954171065,
    0.0497350158901467,
    0.014994245320626683,
    0.05202655444474432,
    0.05269445195984884,
    0.049941546053280286,
    0.03910665539066487,
    0.03379624337979959,
    0.02882955147830278,
    0.04231278142143615,
    0.02784341806652315,
    0.026132380428021774,
    0.017670803085041063
  ],
  "val_accs": [
    0.9666209419295839,
    0.984453589391861,
    0.9766803840877915,
    0.9798811156835848,
    0.9826245999085506,
    0.9734796524919982,
    0.9908550525834476,
    0.9867398262459991,
    0.9945130315500685,
    0.9853680841335163,
    0.9812528577960676,
    0.9830818472793782,
    0.9858253315043438,
    0.99039780521262,
    0.9917695473251029,
    0.9817101051668953,
    0.9908550525834476,
    0.9885688157293095,
    0.994055784179241
  ],
  "epoch_times_sec": [
    76.65541481971741,
    74.26160001754761,
    74.60242176055908,
    74.60425567626953,
    74.73698282241821,
    75.05236220359802,
    74.72430181503296,
    74.66823196411133,
    74.8034279346466,
    74.62896800041199,
    74.88965392112732,
    74.64238119125366,
    74.79083275794983,
    74.83795261383057,
    74.81115484237671,
    74.74505543708801,
    74.69668769836426,
    74.70657801628113,
    74.5452311038971
  ],
  "early_stop": {
    "enabled": true,
    "monitor": "val_loss",
    "best_epoch": 8,
    "best_value": 0.014994245320626683
  }
}