{
  "data_flag": "bloodmnist",
  "num_classes": 8,
  "class_names": [
    "basophil",
    "eosinophil",
    "erythroblast",
    "immature granulocytes(myelocytes, metamyelocytes and promyelocytes)",
    "lymphocyte",
    "monocyte",
    "neutrophil",
    "platelet"
  ],
  "is_ensemble": false,
  "metrics": {
    "accuracy": 0.9868459514761766,
    "balanced_accuracy": 0.9887000207903849,
    "auc": 0.9994237299589684
  },
  "confusion_matrix": [
    [
      241,
      0,
      0,
      1,
      1,
      0,
      1,
      0
    ],
    [
      0,
      624,
      0,
      0,
      0,
      0,
      0,
      0
    ],
    [
      0,
      0,
      310,
      0,
      0,
      1,
      0,
      0
    ],
    [
      2,
      0,
      0,
      561,
      0,
      6,
      10,
      0
    ],
    [
      0,
      1,
      0,
      1,
      241,
      0,
      0,
      0
    ],
    [
      0,
      0,
      0,
      0,
      2,
      282,
      0,
      0
    ],
    [
      0,
      1,
      1,
      15,
      0,
      2,
      647,
      0
    ],
    [
      0,
      0,
      0,
      0,
      0,
      0,
      0,
      470
    ]
  ],
  "counts": {
    "n_samples": 3421
  },
  "timing": {
    "eval_wall_sec": 8.597676038742065,
    "throughput_img_per_s": 397.89822093605306,
    "latency_ms_per_img": 2.513205506793939
  }
}