{
  "data_flag": "bloodmnist",
  "num_classes": 8,
  "class_names": [
    "basophil",
    "eosinophil",
    "erythroblast",
    "immature granulocytes(myelocytes, metamyelocytes and promyelocytes)",
    "lymphocyte",
    "monocyte",
    "neutrophil",
    "platelet"
  ],
  "is_ensemble": false,
  "metrics": {
    "accuracy": 0.9885998246126864,
    "balanced_accuracy": 0.9904476415978716,
    "auc": 0.9995385856231
  },
  "confusion_matrix": [
    [
      243,
      0,
      0,
      1,
      0,
      0,
      0,
      0
    ],
    [
      0,
      624,
      0,
      0,
      0,
      0,
      0,
      0
    ],
    [
      0,
      0,
      308,
      0,
      1,
      1,
      1,
      0
    ],
    [
      1,
      0,
      1,
      563,
      0,
      3,
      11,
      0
    ],
    [
      0,
      0,
      0,
      1,
      242,
      0,
      0,
      0
    ],
    [
      0,
      0,
      0,
      0,
      1,
      283,
      0,
      0
    ],
    [
      0,
      1,
      0,
      12,
      0,
      1,
      652,
      0
    ],
    [
      1,
      0,
      0,
      0,
      2,
      0,
      0,
      467
    ]
  ],
  "counts": {
    "n_samples": 3421
  },
  "timing": {
    "eval_wall_sec": 9.454377889633179,
    "throughput_img_per_s": 361.84295148083316,
    "latency_ms_per_img": 2.763629900506629
  }
}