{
  "data_flag": "bloodmnist",
  "num_classes": 8,
  "class_names": [
    "basophil",
    "eosinophil",
    "erythroblast",
    "immature granulocytes(myelocytes, metamyelocytes and promyelocytes)",
    "lymphocyte",
    "monocyte",
    "neutrophil",
    "platelet"
  ],
  "is_ensemble": false,
  "metrics": {
    "accuracy": 0.9836305173925752,
    "balanced_accuracy": 0.98552224122576,
    "auc": 0.9992483786045976
  },
  "confusion_matrix": [
    [
      243,
      0,
      0,
      1,
      0,
      0,
      0,
      0
    ],
    [
      1,
      623,
      0,
      0,
      0,
      0,
      0,
      0
    ],
    [
      0,
      0,
      308,
      1,
      0,
      1,
      1,
      0
    ],
    [
      0,
      0,
      0,
      568,
      2,
      4,
      5,
      0
    ],
    [
      0,
      0,
      0,
      1,
      242,
      0,
      0,
      0
    ],
    [
      0,
      0,
      0,
      2,
      7,
      275,
      0,
      0
    ],
    [
      0,
      1,
      0,
      25,
      1,
      2,
      637,
      0
    ],
    [
      1,
      0,
      0,
      0,
      0,
      0,
      0,
      469
    ]
  ],
  "counts": {
    "n_samples": 3421
  },
  "timing": {
    "eval_wall_sec": 8.639123678207397,
    "throughput_img_per_s": 395.9892377313264,
    "latency_ms_per_img": 2.5253211570322707
  }
}