{
  "run_name": "fold_2",
  "train_losses": [
    0.18419131019202292,
    0.04129624883562221,
    0.03705193319527762,
    0.022190243685785004,
    0.022651527901761257,
    0.026395233124761122,
    0.013543663068392659,
    0.018627459433668347,
    0.00883339709448346,
    0.016481177345884137,
    0.013375885002503628,
    0.016606142675723936,
    0.009441507748469125,
    0.01860004640085975,
    0.008470788715251353,
    0.011637108213157376,
    0.009329997541886481,
    0.00725159368582723,
    0.01106039682955556,
    0.011332417104397639,
    0.008977914465331053,
    0.010713180396997247,
    0.009091834053147625,
    0.013715408911053467,
    0.005834510990236681,
    0.00959317983170916
  ],
  "val_losses": [
    0.04168673765127537,
    0.02202009330571705,
    0.017894323091969873,
    0.010747411988089123,
    0.014923254545521666,
    0.054215437250527194,
    0.011427207244942974,
    0.011300750937194867,
    0.017258543423680422,
    0.016669888356212758,
    0.00898231665569998,
    0.023386495957783044,
    0.029762194152177287,
    0.014184543228893677,
    0.011176968815659336,
    0.006282658940952512,
    0.011890542284777246,
    0.010964069933271496,
    0.009784838236434766,
    0.009205549810469251,
    0.009605419759398404,
    0.011108958673474563,
    0.00797757887503106,
    0.006348247898756169,
    0.008774460246931817,
    0.015084693884424839
  ],
  "val_accs": [
    0.9870584652862363,
    0.9939098660170523,
    0.9949756394640682,
    0.9968026796589525,
    0.995584652862363,
    0.9878197320341048,
    0.9969549330085262,
    0.9974116930572473,
    0.9957369062119367,
    0.9958891595615104,
    0.998020706455542,
    0.9920828258221681,
    0.9948233861144945,
    0.9974116930572473,
    0.9966504263093788,
    0.9984774665042631,
    0.9961936662606578,
    0.9968026796589525,
    0.9974116930572473,
    0.9971071863580999,
    0.9964981729598051,
    0.9978684531059683,
    0.998020706455542,
    0.9977161997563947,
    0.9974116930572473,
    0.9951278928136419
  ],
  "epoch_times_sec": [
    220.60095477104187,
    214.94297313690186,
    215.29796171188354,
    214.9174587726593,
    215.12398624420166,
    215.16005682945251,
    214.91729998588562,
    215.3570351600647,
    215.06546592712402,
    214.90318703651428,
    215.10673999786377,
    214.74725461006165,
    215.09048533439636,
    215.3911418914795,
    215.24227476119995,
    215.05068922042847,
    216.3107190132141,
    215.1630301475525,
    215.4279236793518,
    215.56200456619263,
    215.30556440353394,
    215.2739417552948,
    215.4328806400299,
    215.2473967075348,
    215.35520267486572,
    215.72108268737793
  ],
  "early_stop": {
    "enabled": true,
    "monitor": "val_loss",
    "best_epoch": 15,
    "best_value": 0.006282658940952512
  }
}