{
  "run_name": "fold_4",
  "train_losses": [
    0.17433881122602324,
    0.04850520739134113,
    0.029661946592208242,
    0.02729464714609165,
    0.01963774608990855,
    0.017112306234137648,
    0.021649387630885725,
    0.021860297993480587,
    0.014440747492557856,
    0.018058777290485332,
    0.020408165259532415,
    0.011928331674634673,
    0.010087977947849231,
    0.01159787200258292,
    0.00874176270134243,
    0.005806041911218303,
    0.009156975026373911,
    0.017617375964414192,
    0.00731166355176885,
    0.014114073406187045,
    0.006040639033884857,
    0.014956218622565605,
    0.0055397980404890195,
    0.01131425201351209,
    0.008116271257301542,
    0.004576750687704115,
    0.0045036733564442705,
    0.0076161351682370055,
    0.005693246761399807
  ],
  "val_losses": [
    0.05727216404444117,
    0.0279949221870069,
    0.01566219810511572,
    0.022380201941771243,
    0.011833141808285765,
    0.008623926109879932,
    0.01206233009557613,
    0.016603116110042667,
    0.01312742126372787,
    0.010821904957461218,
    0.01877332538989941,
    0.00783552539748413,
    0.00891937378592036,
    0.006546862047941545,
    0.004674345104965488,
    0.004743847251269866,
    0.004838065961360235,
    0.03758264721221496,
    0.002160429203297263,
    0.005474918960323801,
    0.004783237412672654,
    0.0034759029886062397,
    0.005920390750907688,
    0.020892713455090257,
    0.005549170627515654,
    0.004149178910025494,
    0.002378713634478319,
    0.00899095815390813,
    0.002790704695234925
  ],
  "val_accs": [
    0.9799025578562729,
    0.9888855054811205,
    0.9960414129110841,
    0.9925395858708892,
    0.9957369062119367,
    0.9977161997563947,
    0.9971071863580999,
    0.9948233861144945,
    0.9961936662606578,
    0.9974116930572473,
    0.9942143727161997,
    0.9978684531059683,
    0.9972594397076736,
    0.9981729598051157,
    0.9989342265529841,
    0.9987819732034104,
    0.9986297198538368,
    0.9856881851400731,
    0.9993909866017052,
    0.9981729598051157,
    0.9981729598051157,
    0.9987819732034104,
    0.9986297198538368,
    0.9925395858708892,
    0.9984774665042631,
    0.9990864799025578,
    0.9992387332521315,
    0.9969549330085262,
    0.9986297198538368
  ],
  "epoch_times_sec": [
    220.81587672233582,
    215.0724217891693,
    215.37896347045898,
    215.12356758117676,
    215.36666464805603,
    215.22939944267273,
    215.22075605392456,
    215.17684483528137,
    215.1240839958191,
    215.15887641906738,
    215.13559460639954,
    215.18860864639282,
    214.93243288993835,
    215.12172055244446,
    214.8572473526001,
    215.03766894340515,
    214.67480564117432,
    215.05782055854797,
    215.08270454406738,
    214.7643711566925,
    215.07008910179138,
    214.90321159362793,
    214.9251832962036,
    215.74820041656494,
    216.32536816596985,
    215.13821864128113,
    215.05581331253052,
    215.32554149627686,
    214.67176127433777
  ],
  "early_stop": {
    "enabled": true,
    "monitor": "val_loss",
    "best_epoch": 18,
    "best_value": 0.002160429203297263
  }
}