{
  "run_name": "fold_1",
  "train_losses": [
    0.18061468676818737,
    0.04726759840354691,
    0.03007729763056433,
    0.027798173380892653,
    0.029642410446746027,
    0.01704925817109187,
    0.012726977142125239,
    0.019767555386379303,
    0.011728934493062339,
    0.016858231354826267,
    0.014160231780108376,
    0.016628692567283825,
    0.006009811612186886,
    0.012704910874861329,
    0.012488790608992703,
    0.011795006703823737,
    0.008856145138010233,
    0.007238199516361774,
    0.01142087465893218,
    0.012214643202819342
  ],
  "val_losses": [
    0.07219907419073161,
    0.019501650243675412,
    0.015244581403968522,
    0.01533840235745836,
    0.005838020430380381,
    0.009460019667978296,
    0.005209754088667509,
    0.028290551113266494,
    0.0070460122915968326,
    0.0043925374323980325,
    0.008113605552742906,
    0.00808135316180489,
    0.00397116817325103,
    0.004611444569064642,
    0.017447707287256236,
    0.008324474068328763,
    0.004270501630119489,
    0.005800051917378699,
    0.011760235574361885,
    0.006995281355790017
  ],
  "val_accs": [
    0.9715286236297198,
    0.9948233861144945,
    0.994062119366626,
    0.9960414129110841,
    0.9981729598051157,
    0.9974116930572473,
    0.9981729598051157,
    0.9893422655298416,
    0.9981729598051157,
    0.9986297198538368,
    0.9972594397076736,
    0.9977161997563947,
    0.9983252131546894,
    0.9986297198538368,
    0.9948233861144945,
    0.9972594397076736,
    0.9984774665042631,
    0.9981729598051157,
    0.997563946406821,
    0.9977161997563947
  ],
  "epoch_times_sec": [
    220.05837512016296,
    214.71667766571045,
    215.04033732414246,
    214.96747159957886,
    215.02065801620483,
    214.68464756011963,
    215.02345490455627,
    215.72331428527832,
    215.55328464508057,
    215.5819308757782,
    215.56806588172913,
    215.6811511516571,
    215.5363552570343,
    215.29260110855103,
    215.16482257843018,
    216.2998411655426,
    215.21117115020752,
    215.09869933128357,
    215.05735683441162,
    215.2523717880249
  ],
  "early_stop": {
    "enabled": true,
    "monitor": "val_loss",
    "best_epoch": 9,
    "best_value": 0.0043925374323980325
  }
}