{
  "run_name": "fold_3",
  "train_losses": [
    0.17261867709586903,
    0.04427101897897526,
    0.032115891341573596,
    0.026309857910839063,
    0.031648265488191385,
    0.01682462012551588,
    0.018304812261546264,
    0.01834589360636375,
    0.011357663267294598,
    0.012254820000063374,
    0.02158831175677179,
    0.015561365975432912,
    0.010573329668083293,
    0.011262348157457597,
    0.011284514666409014,
    0.011126285709186334,
    0.010386091262128784
  ],
  "val_losses": [
    0.0589823230973986,
    0.026761797693502454,
    0.02300136191608786,
    0.021976436599570097,
    0.016292608834533123,
    0.019196195866522377,
    0.011008094352916458,
    0.012945147078434952,
    0.012483419117732734,
    0.019852006942382306,
    0.014938201461021077,
    0.014060494401061116,
    0.010886258240712605,
    0.011961111098015453,
    0.01147585289101397,
    0.012368303116582687,
    0.025318144299952033
  ],
  "val_accs": [
    0.980816077953715,
    0.9929963459196103,
    0.9920828258221681,
    0.993148599269184,
    0.9954323995127893,
    0.994062119366626,
    0.998020706455542,
    0.9971071863580999,
    0.9977161997563947,
    0.9952801461632156,
    0.9964981729598051,
    0.9972594397076736,
    0.9978684531059683,
    0.9963459196102314,
    0.998020706455542,
    0.9972594397076736,
    0.9925395858708892
  ],
  "epoch_times_sec": [
    220.7723367214203,
    215.21180963516235,
    215.35259795188904,
    215.22186946868896,
    215.2357850074768,
    215.2789785861969,
    214.9407138824463,
    215.23811841011047,
    215.60304236412048,
    216.30549144744873,
    214.46292424201965,
    214.75305700302124,
    214.90855717658997,
    214.9019718170166,
    214.8336148262024,
    214.8433563709259,
    214.93567323684692
  ],
  "early_stop": {
    "enabled": true,
    "monitor": "val_loss",
    "best_epoch": 6,
    "best_value": 0.011008094352916458
  }
}