{
  "run_name": "fold_0",
  "train_losses": [
    0.1930325066491544,
    0.0443343412058471,
    0.0317116366114,
    0.0320932318679943,
    0.02172150746346355,
    0.024668722736493804,
    0.015133646672878564,
    0.016428598317053355,
    0.018022137892576576,
    0.016085410690991193,
    0.010363884181142688,
    0.0065076133371279755,
    0.01150148188645399,
    0.015017317857277942,
    0.014875582891377994,
    0.016058029872311412,
    0.007651517597544966,
    0.01033274118623205,
    0.009026331936582655,
    0.010743647181205213,
    0.0069566955639618865
  ],
  "val_losses": [
    0.05806137759662106,
    0.01977102694607486,
    0.02258770645398027,
    0.021100511832495485,
    0.012902709432876323,
    0.009517929222265195,
    0.012259447653315,
    0.00802009639989712,
    0.02408657196406879,
    0.018037333191042258,
    0.005837397784429075,
    0.007348689496380226,
    0.019441529397173543,
    0.012723631386405964,
    0.006652045827099512,
    0.006773306899180179,
    0.005748029184169145,
    0.00563870350340547,
    0.01013376916171757,
    0.018092715085951165,
    0.006977456482943403
  ],
  "val_accs": [
    0.9840158319378901,
    0.9929974120870757,
    0.9946719439792967,
    0.9934541026031359,
    0.9960420155274775,
    0.9964987060435379,
    0.9954330948393971,
    0.998477698279799,
    0.9943674836352565,
    0.9939107931191963,
    0.9986299284518192,
    0.9975643172476785,
    0.9945197138072766,
    0.996803166387578,
    0.9986299284518192,
    0.9981732379357589,
    0.9986299284518192,
    0.9980210077637388,
    0.9980210077637388,
    0.9957375551834373,
    0.9981732379357589
  ],
  "epoch_times_sec": [
    221.86249566078186,
    215.16218829154968,
    215.04816937446594,
    215.17840099334717,
    215.20483946800232,
    215.2301561832428,
    215.05578541755676,
    215.73308849334717,
    223.52289819717407,
    341.66077876091003,
    411.10188364982605,
    417.21266746520996,
    259.9754490852356,
    214.68938899040222,
    216.04264998435974,
    215.77581310272217,
    214.74579858779907,
    214.34761357307434,
    214.77664160728455,
    215.22508192062378,
    215.17514967918396
  ],
  "early_stop": {
    "enabled": true,
    "monitor": "val_loss",
    "best_epoch": 10,
    "best_value": 0.005837397784429075
  }
}