{
  "data_flag": "organamnist",
  "num_classes": 11,
  "class_names": [
    "bladder",
    "femur-left",
    "femur-right",
    "heart",
    "kidney-left",
    "kidney-right",
    "liver",
    "lung-left",
    "lung-right",
    "pancreas",
    "spleen"
  ],
  "is_ensemble": true,
  "metrics": {
    "accuracy": 0.9772752840589493,
    "balanced_accuracy": 0.9740405735319652,
    "auc": 0.9995017927567141
  },
  "confusion_matrix": [
    [
      996,
      0,
      2,
      0,
      11,
      14,
      0,
      0,
      0,
      13,
      0
    ],
    [
      0,
      753,
      22,
      0,
      9,
      0,
      0,
      0,
      0,
      0,
      0
    ],
    [
      0,
      1,
      777,
      0,
      9,
      6,
      0,
      0,
      0,
      0,
      0
    ],
    [
      1,
      0,
      0,
      742,
      0,
      1,
      0,
      32,
      0,
      0,
      9
    ],
    [
      15,
      10,
      2,
      0,
      1853,
      12,
      0,
      0,
      0,
      12,
      160
    ],
    [
      0,
      0,
      0,
      0,
      40,
      1924,
      0,
      0,
      0,
      0,
      1
    ],
    [
      0,
      0,
      0,
      0,
      0,
      0,
      3272,
      0,
      13,
      0,
      0
    ],
    [
      0,
      0,
      0,
      0,
      0,
      0,
      0,
      1747,
      0,
      0,
      0
    ],
    [
      0,
      0,
      0,
      0,
      0,
      0,
      1,
      0,
      1812,
      0,
      0
    ],
    [
      0,
      0,
      0,
      0,
      1,
      0,
      0,
      0,
      0,
      1615,
      6
    ],
    [
      0,
      0,
      0,
      0,
      0,
      0,
      0,
      0,
      0,
      1,
      1883
    ]
  ],
  "counts": {
    "n_samples": 17778
  },
  "timing": {
    "eval_wall_sec": 213.4347882270813,
    "throughput_img_per_s": 83.29476252524175,
    "latency_ms_per_img": 12.005556768313719
  }
}