{
  "data_flag": "organamnist",
  "num_classes": 11,
  "class_names": [
    "bladder",
    "femur-left",
    "femur-right",
    "heart",
    "kidney-left",
    "kidney-right",
    "liver",
    "lung-left",
    "lung-right",
    "pancreas",
    "spleen"
  ],
  "is_ensemble": false,
  "metrics": {
    "accuracy": 0.9753628079649005,
    "balanced_accuracy": 0.9726601693757531,
    "auc": 0.9995782801319296
  },
  "confusion_matrix": [
    [
      970,
      0,
      5,
      0,
      16,
      14,
      0,
      0,
      0,
      30,
      1
    ],
    [
      0,
      744,
      29,
      0,
      5,
      6,
      0,
      0,
      0,
      0,
      0
    ],
    [
      0,
      2,
      787,
      0,
      0,
      4,
      0,
      0,
      0,
      0,
      0
    ],
    [
      1,
      0,
      0,
      762,
      0,
      0,
      0,
      21,
      0,
      1,
      0
    ],
    [
      20,
      5,
      8,
      0,
      1840,
      27,
      0,
      0,
      0,
      9,
      155
    ],
    [
      0,
      0,
      4,
      0,
      33,
      1923,
      0,
      0,
      0,
      0,
      5
    ],
    [
      0,
      0,
      0,
      0,
      0,
      0,
      3278,
      0,
      7,
      0,
      0
    ],
    [
      0,
      0,
      0,
      0,
      0,
      0,
      0,
      1747,
      0,
      0,
      0
    ],
    [
      0,
      0,
      0,
      0,
      0,
      0,
      16,
      0,
      1797,
      0,
      0
    ],
    [
      0,
      0,
      0,
      0,
      5,
      0,
      0,
      0,
      0,
      1612,
      5
    ],
    [
      0,
      0,
      0,
      0,
      2,
      0,
      0,
      1,
      0,
      1,
      1880
    ]
  ],
  "counts": {
    "n_samples": 17778
  },
  "timing": {
    "eval_wall_sec": 43.62519836425781,
    "throughput_img_per_s": 407.51677165015576,
    "latency_ms_per_img": 2.4538867344053217
  }
}