{
  "data_flag": "organamnist",
  "num_classes": 11,
  "class_names": [
    "bladder",
    "femur-left",
    "femur-right",
    "heart",
    "kidney-left",
    "kidney-right",
    "liver",
    "lung-left",
    "lung-right",
    "pancreas",
    "spleen"
  ],
  "is_ensemble": false,
  "metrics": {
    "accuracy": 0.9679941500731241,
    "balanced_accuracy": 0.9614469667959539,
    "auc": 0.9991352079193981
  },
  "confusion_matrix": [
    [
      984,
      0,
      0,
      0,
      12,
      16,
      1,
      0,
      0,
      21,
      2
    ],
    [
      4,
      716,
      44,
      0,
      14,
      6,
      0,
      0,
      0,
      0,
      0
    ],
    [
      0,
      0,
      758,
      0,
      8,
      27,
      0,
      0,
      0,
      0,
      0
    ],
    [
      4,
      0,
      0,
      740,
      4,
      0,
      0,
      24,
      0,
      0,
      13
    ],
    [
      15,
      8,
      0,
      0,
      1848,
      18,
      0,
      0,
      0,
      7,
      168
    ],
    [
      3,
      0,
      2,
      0,
      93,
      1856,
      0,
      0,
      0,
      0,
      11
    ],
    [
      0,
      0,
      0,
      0,
      0,
      0,
      3283,
      0,
      2,
      0,
      0
    ],
    [
      0,
      0,
      0,
      0,
      0,
      0,
      0,
      1747,
      0,
      0,
      0
    ],
    [
      0,
      0,
      0,
      0,
      0,
      0,
      13,
      0,
      1800,
      0,
      0
    ],
    [
      0,
      0,
      0,
      0,
      6,
      0,
      1,
      0,
      0,
      1594,
      21
    ],
    [
      0,
      0,
      0,
      0,
      0,
      0,
      0,
      0,
      0,
      1,
      1883
    ]
  ],
  "counts": {
    "n_samples": 17778
  },
  "timing": {
    "eval_wall_sec": 46.22384524345398,
    "throughput_img_per_s": 384.6066874438068,
    "latency_ms_per_img": 2.600058794209359
  }
}