{
  "data_flag": "organamnist",
  "num_classes": 11,
  "class_names": [
    "bladder",
    "femur-left",
    "femur-right",
    "heart",
    "kidney-left",
    "kidney-right",
    "liver",
    "lung-left",
    "lung-right",
    "pancreas",
    "spleen"
  ],
  "is_ensemble": false,
  "metrics": {
    "accuracy": 0.9641129485881427,
    "balanced_accuracy": 0.9589427776416756,
    "auc": 0.9987107841155214
  },
  "confusion_matrix": [
    [
      997,
      1,
      2,
      0,
      15,
      9,
      0,
      0,
      0,
      9,
      3
    ],
    [
      0,
      739,
      33,
      0,
      10,
      2,
      0,
      0,
      0,
      0,
      0
    ],
    [
      0,
      3,
      762,
      0,
      19,
      9,
      0,
      0,
      0,
      0,
      0
    ],
    [
      11,
      0,
      0,
      706,
      1,
      1,
      0,
      44,
      0,
      1,
      21
    ],
    [
      53,
      11,
      2,
      0,
      1743,
      42,
      0,
      0,
      0,
      9,
      204
    ],
    [
      15,
      2,
      2,
      0,
      62,
      1882,
      0,
      0,
      0,
      0,
      2
    ],
    [
      3,
      0,
      0,
      0,
      0,
      0,
      3268,
      0,
      14,
      0,
      0
    ],
    [
      0,
      0,
      0,
      0,
      0,
      0,
      0,
      1747,
      0,
      0,
      0
    ],
    [
      0,
      0,
      0,
      0,
      0,
      0,
      4,
      0,
      1809,
      0,
      0
    ],
    [
      12,
      0,
      0,
      0,
      0,
      1,
      0,
      0,
      0,
      1603,
      6
    ],
    [
      0,
      0,
      0,
      0,
      0,
      0,
      0,
      0,
      0,
      0,
      1884
    ]
  ],
  "counts": {
    "n_samples": 17778
  },
  "timing": {
    "eval_wall_sec": 43.59307813644409,
    "throughput_img_per_s": 407.81703793331076,
    "latency_ms_per_img": 2.452079994175053
  }
}