{
  "data_flag": "organamnist",
  "num_classes": 11,
  "class_names": [
    "bladder",
    "femur-left",
    "femur-right",
    "heart",
    "kidney-left",
    "kidney-right",
    "liver",
    "lung-left",
    "lung-right",
    "pancreas",
    "spleen"
  ],
  "is_ensemble": false,
  "metrics": {
    "accuracy": 0.9730003374957813,
    "balanced_accuracy": 0.971348649153801,
    "auc": 0.9990117619553923
  },
  "confusion_matrix": [
    [
      966,
      3,
      1,
      0,
      30,
      15,
      0,
      0,
      0,
      21,
      0
    ],
    [
      0,
      770,
      2,
      0,
      10,
      2,
      0,
      0,
      0,
      0,
      0
    ],
    [
      0,
      8,
      774,
      0,
      11,
      0,
      0,
      0,
      0,
      0,
      0
    ],
    [
      5,
      0,
      0,
      755,
      2,
      2,
      0,
      19,
      0,
      1,
      1
    ],
    [
      11,
      7,
      0,
      0,
      1819,
      21,
      0,
      0,
      0,
      19,
      187
    ],
    [
      0,
      1,
      0,
      0,
      69,
      1894,
      0,
      0,
      0,
      0,
      1
    ],
    [
      0,
      0,
      0,
      0,
      0,
      0,
      3266,
      0,
      19,
      0,
      0
    ],
    [
      0,
      0,
      0,
      0,
      0,
      0,
      0,
      1747,
      0,
      0,
      0
    ],
    [
      0,
      0,
      0,
      0,
      0,
      2,
      1,
      0,
      1810,
      0,
      0
    ],
    [
      0,
      0,
      0,
      0,
      0,
      0,
      0,
      0,
      0,
      1616,
      6
    ],
    [
      0,
      0,
      0,
      0,
      0,
      0,
      0,
      0,
      0,
      3,
      1881
    ]
  ],
  "counts": {
    "n_samples": 17778
  },
  "timing": {
    "eval_wall_sec": 43.59259533882141,
    "throughput_img_per_s": 407.82155459708986,
    "latency_ms_per_img": 2.45205283714824
  }
}