{
  "data_flag": "organamnist",
  "num_classes": 11,
  "class_names": [
    "bladder",
    "femur-left",
    "femur-right",
    "heart",
    "kidney-left",
    "kidney-right",
    "liver",
    "lung-left",
    "lung-right",
    "pancreas",
    "spleen"
  ],
  "is_ensemble": false,
  "metrics": {
    "accuracy": 0.9687816402294971,
    "balanced_accuracy": 0.9615177574833673,
    "auc": 0.9990910356774428
  },
  "confusion_matrix": [
    [
      974,
      0,
      1,
      0,
      20,
      21,
      0,
      0,
      0,
      19,
      1
    ],
    [
      0,
      752,
      12,
      0,
      15,
      5,
      0,
      0,
      0,
      0,
      0
    ],
    [
      0,
      1,
      778,
      0,
      12,
      2,
      0,
      0,
      0,
      0,
      0
    ],
    [
      0,
      0,
      0,
      671,
      0,
      0,
      0,
      99,
      0,
      0,
      15
    ],
    [
      13,
      26,
      2,
      0,
      1823,
      55,
      0,
      0,
      0,
      13,
      132
    ],
    [
      0,
      0,
      2,
      0,
      36,
      1926,
      0,
      0,
      0,
      0,
      1
    ],
    [
      0,
      0,
      0,
      0,
      0,
      0,
      3256,
      0,
      29,
      0,
      0
    ],
    [
      0,
      0,
      0,
      0,
      0,
      0,
      0,
      1747,
      0,
      0,
      0
    ],
    [
      0,
      0,
      0,
      0,
      0,
      0,
      0,
      0,
      1813,
      0,
      0
    ],
    [
      2,
      0,
      0,
      0,
      2,
      0,
      0,
      0,
      0,
      1612,
      6
    ],
    [
      0,
      0,
      0,
      0,
      9,
      0,
      0,
      1,
      0,
      3,
      1871
    ]
  ],
  "counts": {
    "n_samples": 17778
  },
  "timing": {
    "eval_wall_sec": 43.68228363990784,
    "throughput_img_per_s": 406.98421690935,
    "latency_ms_per_img": 2.4570977410230532
  }
}