{
  "run_name": "fold_0",
  "train_losses": [
    1.5493640198856502,
    1.0124352519963318,
    0.8192952349371364,
    0.6958037240331478,
    0.6157081607507915,
    0.49951774973264884,
    0.4438005267515258,
    0.4065051341597025,
    0.34197399649821536,
    0.3379480337994418,
    0.28700160045822337,
    0.3039802164660592,
    0.2845118314447537,
    0.2168846692472459,
    0.20873069894583912,
    0.22864816295392515,
    0.21521061180708093,
    0.22174889283609478
  ],
  "val_losses": [
    0.9704801839305546,
    0.808923183339608,
    0.7690145103409065,
    0.768463060423969,
    0.6736654518867502,
    0.6797210671910457,
    0.699904227125455,
    0.5834060608975891,
    0.6546094251233477,
    0.6964709942606409,
    0.7701797645124111,
    0.6993542274909329,
    0.6351774950651965,
    0.7559469716493473,
    0.8443965898003689,
    0.734751327312124,
    0.7180307218975945,
    0.7606089458763234
  ],
  "val_accs": [
    0.7013463892288861,
    0.708078335373317,
    0.6383108935128519,
    0.7827417380660955,
    0.7209302325581395,
    0.7545899632802937,
    0.7454100367197063,
    0.7913096695226438,
    0.7876376988984088,
    0.7674418604651163,
    0.8304773561811506,
    0.7906976744186046,
    0.7864137086903304,
    0.828641370869033,
    0.799265605875153,
    0.8274173806609547,
    0.8011015911872705,
    0.8482252141982864
  ],
  "epoch_times_sec": [
    54.22002816200256,
    53.279237270355225,
    53.96823215484619,
    53.72032928466797,
    54.01132607460022,
    54.05470561981201,
    53.95556855201721,
    53.90975260734558,
    53.793864011764526,
    54.09622669219971,
    54.0426139831543,
    53.84183049201965,
    54.168710708618164,
    54.27637791633606,
    53.927265644073486,
    53.95031452178955,
    54.296334981918335,
    53.872448444366455
  ],
  "early_stop": {
    "enabled": true,
    "monitor": "val_loss",
    "best_epoch": 7,
    "best_value": 0.5834060608975891
  }
}