{
  "run_name": "fold_1",
  "train_losses": [
    1.5023319893111027,
    1.0109744735430488,
    0.8423665033699852,
    0.7226279028228755,
    0.638787063325362,
    0.515257260380816,
    0.5697904353519138,
    0.44823001497795073,
    0.35506051783355147,
    0.34404973488899204,
    0.36935852403464114,
    0.33922272802913755,
    0.31977795598409486,
    0.223287920920458
  ],
  "val_losses": [
    0.996209209160942,
    0.8948085177769635,
    0.9159772254102302,
    0.74701676212493,
    0.7874102255572444,
    0.8070119147788362,
    0.9489853870116781,
    0.9762984240850786,
    0.778296885684598,
    0.8153188957513948,
    0.810121456465689,
    0.7958597885051244,
    0.7552455124939722,
    0.8537816450556436
  ],
  "val_accs": [
    0.5890998162890386,
    0.6907532149418248,
    0.7017758726270668,
    0.7575015309246785,
    0.7054500918554807,
    0.7336191059399878,
    0.7287201469687692,
    0.8248622167789345,
    0.7501530924678506,
    0.7881200244947949,
    0.7887323943661971,
    0.7605633802816901,
    0.7526025719534599,
    0.7911818738518065
  ],
  "epoch_times_sec": [
    56.00265145301819,
    53.819599866867065,
    53.85444474220276,
    54.08407258987427,
    53.9903290271759,
    53.778316020965576,
    53.74858856201172,
    53.77192282676697,
    53.83045554161072,
    54.41936230659485,
    54.086140394210815,
    53.72402596473694,
    54.01895546913147,
    53.89907717704773
  ],
  "early_stop": {
    "enabled": true,
    "monitor": "val_loss",
    "best_epoch": 3,
    "best_value": 0.74701676212493
  }
}