{
  "run_name": "fold_3",
  "train_losses": [
    1.3954986345707758,
    0.9358287713765988,
    0.7739386179719788,
    0.6729648577825738,
    0.6011068168066735,
    0.44015938878406086,
    0.3723250557995675,
    0.481611394013633,
    0.3726538680476725,
    0.3236717184415076,
    0.3058582987917449,
    0.3123486108807643,
    0.23680800288007833,
    0.175750103256667,
    0.2019680234277557,
    0.1955589005105185
  ],
  "val_losses": [
    1.011731540434067,
    0.8535465875872059,
    0.6980672851341747,
    0.7985354833491946,
    0.5798636118984631,
    0.5785884348731499,
    0.6740511487177085,
    0.7137222833890383,
    0.617230441587802,
    0.6752105378987814,
    0.7221322092846428,
    0.7440384931894292,
    0.6579020651877474,
    0.7397358828501984,
    0.7303895385661011,
    0.7230605812650915
  ],
  "val_accs": [
    0.45009185548071035,
    0.6840171463563993,
    0.6956521739130435,
    0.7924066135946112,
    0.709736680955297,
    0.7672994488671158,
    0.771586037966932,
    0.7721984078383344,
    0.8028169014084507,
    0.8218003674219229,
    0.7250459277403551,
    0.8028169014084507,
    0.8169014084507042,
    0.7764849969381507,
    0.8309859154929577,
    0.842620943049602
  ],
  "epoch_times_sec": [
    56.057140827178955,
    53.68639397621155,
    53.75446605682373,
    53.62824630737305,
    53.95386505126953,
    53.993999004364014,
    54.03122520446777,
    53.65692138671875,
    53.97955870628357,
    54.05757141113281,
    53.822712659835815,
    53.803040742874146,
    53.9206428527832,
    53.93685007095337,
    53.697433948516846,
    53.96267795562744
  ],
  "early_stop": {
    "enabled": true,
    "monitor": "val_loss",
    "best_epoch": 5,
    "best_value": 0.5785884348731499
  }
}