{
  "run_name": "fold_4",
  "train_losses": [
    1.4048588389407324,
    1.0179445438101813,
    0.7797623165311044,
    0.6893923508524256,
    0.676444473044715,
    0.5914672607487274,
    0.49665790361082973,
    0.4166686088553837,
    0.3458467734894635,
    0.3862261478010079,
    0.35701975434877126,
    0.3138388244404684,
    0.25519797259298194,
    0.2668427857545403,
    0.205831326698246,
    0.18469252849855047,
    0.16962172363575542
  ],
  "val_losses": [
    0.9940066825956635,
    0.8090818426175418,
    0.7399970722286087,
    0.8377649117231515,
    0.7322345234759366,
    0.7173501198377918,
    0.5678147408251228,
    0.7965715599074659,
    0.6573331875809847,
    0.7493511374859597,
    0.6822970913585095,
    0.6570826049093373,
    0.7171979101063354,
    0.6935998749966572,
    0.6543095865208753,
    0.6844789594941101,
    0.758727132325076
  ],
  "val_accs": [
    0.741579914268218,
    0.6399265156154317,
    0.7183098591549296,
    0.6227801592161666,
    0.7605633802816901,
    0.6974892835272505,
    0.6974892835272505,
    0.7036129822412738,
    0.8187385180649112,
    0.7930189834660135,
    0.7764849969381507,
    0.8089406001224739,
    0.8383343539497856,
    0.8236374770361298,
    0.799755052051439,
    0.8591549295774648,
    0.8328230251071648
  ],
  "epoch_times_sec": [
    56.35235381126404,
    53.775405406951904,
    53.85077905654907,
    53.88131499290466,
    54.22234749794006,
    53.922887086868286,
    53.80966663360596,
    53.58659768104553,
    53.91614842414856,
    53.96242117881775,
    53.773385763168335,
    53.62147402763367,
    53.7461838722229,
    53.83177065849304,
    53.91948199272156,
    53.80640435218811,
    53.75497603416443
  ],
  "early_stop": {
    "enabled": true,
    "monitor": "val_loss",
    "best_epoch": 6,
    "best_value": 0.5678147408251228
  }
}