{
  "run_name": "fold_2",
  "train_losses": [
    1.5672559996540252,
    1.096260110506799,
    0.9234588917338536,
    0.7778277278183686,
    0.6088327588557686,
    0.6298443957599877,
    0.5380336347480983,
    0.48387246925287436,
    0.39045441389704266,
    0.33405211551000014,
    0.3814759960259228,
    0.37324959494957016,
    0.2730513073010155,
    0.2891243085477284,
    0.2657229575194098,
    0.22121457938266242,
    0.2642348548016796,
    0.1959977130986238,
    0.21201117655848828
  ],
  "val_losses": [
    1.1168875338034037,
    0.9624638843959779,
    0.8815957936712079,
    1.0681284248500387,
    0.7831297660998165,
    0.6858631517722135,
    0.8131977619018134,
    0.7052805498926755,
    0.6359021925006406,
    0.6870345254471458,
    0.7409502338647697,
    0.6838280037364854,
    0.82171256207865,
    0.8542165763525603,
    0.8372397347600344,
    0.8339175592517094,
    0.8151641175999499,
    0.7721324525066336,
    0.8048489029540361
  ],
  "val_accs": [
    0.6338028169014085,
    0.7256582976117575,
    0.6301285976729945,
    0.6540110226576853,
    0.6858542559706062,
    0.73423147581139,
    0.7072872014696877,
    0.7954684629516228,
    0.7336191059399878,
    0.7948560930802204,
    0.7532149418248623,
    0.7948560930802204,
    0.7838334353949785,
    0.8077158603796694,
    0.8150642988364972,
    0.8224127372933252,
    0.8095529699938763,
    0.7593386405388854,
    0.7862829148805879
  ],
  "epoch_times_sec": [
    56.189422369003296,
    53.63494634628296,
    53.82206654548645,
    53.83129549026489,
    54.100075244903564,
    53.88331055641174,
    54.058279514312744,
    53.942965507507324,
    53.782915115356445,
    53.86479997634888,
    53.85267782211304,
    53.72240424156189,
    53.962838888168335,
    54.00811433792114,
    53.76629638671875,
    54.116588830947876,
    53.741262674331665,
    53.97031259536743,
    53.83152532577515
  ],
  "early_stop": {
    "enabled": true,
    "monitor": "val_loss",
    "best_epoch": 8,
    "best_value": 0.6359021925006406
  }
}