{
  "data_flag": "dermamnist-e",
  "num_classes": 7,
  "class_names": [
    "actinic keratoses and intraepithelial carcinoma",
    "basal cell carcinoma",
    "benign keratosis-like lesions",
    "dermatofibroma",
    "melanoma",
    "melanocytic nevi",
    "vascular lesions"
  ],
  "is_ensemble": false,
  "metrics": {
    "accuracy": 0.7114493712772998,
    "balanced_accuracy": 0.6170574024181115,
    "auc": 0.9372380038759041
  },
  "confusion_matrix": [
    [
      26,
      2,
      6,
      4,
      5,
      0,
      0
    ],
    [
      19,
      46,
      13,
      3,
      6,
      5,
      1
    ],
    [
      21,
      5,
      104,
      9,
      55,
      22,
      1
    ],
    [
      4,
      2,
      1,
      35,
      0,
      2,
      0
    ],
    [
      7,
      3,
      14,
      5,
      111,
      29,
      2
    ],
    [
      7,
      9,
      42,
      20,
      91,
      736,
      3
    ],
    [
      0,
      12,
      0,
      3,
      0,
      3,
      17
    ]
  ],
  "counts": {
    "n_samples": 1511
  },
  "timing": {
    "eval_wall_sec": 3.9497039318084717,
    "throughput_img_per_s": 382.5603199853389,
    "latency_ms_per_img": 2.6139668642015033
  }
}