{
  "data_flag": "dermamnist-e",
  "num_classes": 7,
  "class_names": [
    "actinic keratoses and intraepithelial carcinoma",
    "basal cell carcinoma",
    "benign keratosis-like lesions",
    "dermatofibroma",
    "melanoma",
    "melanocytic nevi",
    "vascular lesions"
  ],
  "is_ensemble": false,
  "metrics": {
    "accuracy": 0.6829913964262078,
    "balanced_accuracy": 0.6592450168959099,
    "auc": 0.9387681869965903
  },
  "confusion_matrix": [
    [
      27,
      2,
      11,
      0,
      3,
      0,
      0
    ],
    [
      22,
      39,
      14,
      3,
      11,
      3,
      1
    ],
    [
      19,
      5,
      144,
      4,
      38,
      7,
      0
    ],
    [
      5,
      2,
      2,
      32,
      1,
      1,
      1
    ],
    [
      7,
      3,
      25,
      4,
      119,
      11,
      2
    ],
    [
      9,
      5,
      80,
      11,
      155,
      644,
      4
    ],
    [
      1,
      4,
      0,
      1,
      0,
      2,
      27
    ]
  ],
  "counts": {
    "n_samples": 1511
  },
  "timing": {
    "eval_wall_sec": 3.946316957473755,
    "throughput_img_per_s": 382.8886570143293,
    "latency_ms_per_img": 2.611725319307581
  }
}