{
  "data_flag": "dermamnist-e",
  "num_classes": 7,
  "class_names": [
    "actinic keratoses and intraepithelial carcinoma",
    "basal cell carcinoma",
    "benign keratosis-like lesions",
    "dermatofibroma",
    "melanoma",
    "melanocytic nevi",
    "vascular lesions"
  ],
  "is_ensemble": false,
  "metrics": {
    "accuracy": 0.7518199867637326,
    "balanced_accuracy": 0.6789558657324443,
    "auc": 0.948994363542453
  },
  "confusion_matrix": [
    [
      19,
      11,
      8,
      0,
      5,
      0,
      0
    ],
    [
      2,
      75,
      9,
      2,
      0,
      4,
      1
    ],
    [
      12,
      12,
      150,
      1,
      30,
      12,
      0
    ],
    [
      5,
      6,
      2,
      27,
      2,
      1,
      1
    ],
    [
      4,
      8,
      18,
      1,
      118,
      20,
      2
    ],
    [
      6,
      20,
      51,
      1,
      103,
      722,
      5
    ],
    [
      0,
      4,
      0,
      1,
      0,
      5,
      25
    ]
  ],
  "counts": {
    "n_samples": 1511
  },
  "timing": {
    "eval_wall_sec": 4.592429161071777,
    "throughput_img_per_s": 329.0197729794408,
    "latency_ms_per_img": 3.0393310132837708
  }
}