{
  "data_flag": "dermamnist-e",
  "num_classes": 7,
  "class_names": [
    "actinic keratoses and intraepithelial carcinoma",
    "basal cell carcinoma",
    "benign keratosis-like lesions",
    "dermatofibroma",
    "melanoma",
    "melanocytic nevi",
    "vascular lesions"
  ],
  "is_ensemble": true,
  "metrics": {
    "accuracy": 0.7372600926538716,
    "balanced_accuracy": 0.7026208243051641,
    "auc": 0.953444973500229
  },
  "confusion_matrix": [
    [
      25,
      6,
      9,
      0,
      3,
      0,
      0
    ],
    [
      7,
      64,
      13,
      1,
      3,
      3,
      2
    ],
    [
      15,
      10,
      144,
      1,
      40,
      7,
      0
    ],
    [
      5,
      3,
      2,
      31,
      1,
      1,
      1
    ],
    [
      5,
      5,
      18,
      2,
      127,
      12,
      2
    ],
    [
      5,
      14,
      49,
      0,
      140,
      696,
      4
    ],
    [
      0,
      2,
      0,
      2,
      0,
      4,
      27
    ]
  ],
  "counts": {
    "n_samples": 1511
  },
  "timing": {
    "eval_wall_sec": 18.11228609085083,
    "throughput_img_per_s": 83.42403561984706,
    "latency_ms_per_img": 11.98695307137712
  }
}