{
  "run_name": "fold_2",
  "train_losses": [
    0.1455401375871975,
    0.05040161071285125,
    0.020777948886120477,
    0.009733794793361974,
    0.00944305905513688,
    0.006969723532258966,
    0.00342876108178564,
    0.0012048512314454059,
    0.00020467146247482926,
    0.00012047944830790643,
    9.231566489877773e-05,
    6.680553091919158e-05,
    5.4362524587888014e-05,
    4.895677967519992e-05,
    4.5121143646582765e-05
  ],
  "val_losses": [
    0.09158076922739705,
    0.07108955107531383,
    0.05566233511804965,
    0.05562009992636518,
    0.05208667649875263,
    0.11492719300972518,
    0.07167873119439133,
    0.12310345253707973,
    0.07859305284356558,
    0.06949991172484457,
    0.10553535564469892,
    0.09302008025606331,
    0.08657450539592916,
    0.08518857683367768,
    0.08493083362938256
  ],
  "val_accs": [
    0.967741935483871,
    0.972520908004779,
    0.97610513739546,
    0.9689366786140979,
    0.9689366786140979,
    0.96415770609319,
    0.977299880525687,
    0.972520908004779,
    0.977299880525687,
    0.9713261648745519,
    0.97610513739546,
    0.978494623655914,
    0.97610513739546,
    0.97610513739546,
    0.97610513739546
  ],
  "epoch_times_sec": [
    28.702101945877075,
    27.205472946166992,
    27.46359896659851,
    27.53513503074646,
    27.494556188583374,
    27.66153120994568,
    27.455767154693604,
    27.60170578956604,
    27.574002265930176,
    27.541945934295654,
    27.771992921829224,
    27.61184000968933,
    27.62769365310669,
    27.660590648651123,
    27.52378010749817
  ],
  "early_stop": {
    "enabled": true,
    "monitor": "val_loss",
    "best_epoch": 4,
    "best_value": 0.05208667649875263
  }
}