{
  "run_name": "fold_4",
  "train_losses": [
    0.15825560429047797,
    0.05492207945603766,
    0.03882090165196354,
    0.01163922248045461,
    0.005626525988039008,
    0.013465473165773434,
    0.021997252396856442,
    0.012186666116065023,
    0.0038938382117516108,
    0.003963171624608578,
    0.0025101264053009886,
    0.00952263813150942,
    0.007321555788318316,
    0.003847124683698517,
    0.010139662109253085,
    0.0016728861328646131,
    0.0004142431610151502,
    0.00020450744677775649,
    8.596810570660992e-05,
    7.20466507972622e-05,
    6.377066595740216e-05,
    5.796811795985969e-05,
    5.37436113613819e-05
  ],
  "val_losses": [
    0.06549444967344528,
    0.06589399193599375,
    0.039157496024203556,
    0.03369322626572214,
    0.053592484484436695,
    0.04558785554364306,
    0.14920146506960674,
    0.035644410278207514,
    0.04375558074123116,
    0.05753893340217882,
    0.043061667045171115,
    0.10634392222195971,
    0.031364045556514494,
    0.041367305965655736,
    0.09189612511879228,
    0.04959877992100043,
    0.05766235436162641,
    0.06204930348421938,
    0.0663315926810889,
    0.0632835945811038,
    0.06267842344200882,
    0.06281257105664113,
    0.06360458562166176
  ],
  "val_accs": [
    0.96415770609319,
    0.9342891278375149,
    0.9796893667861409,
    0.97610513739546,
    0.97610513739546,
    0.9629629629629629,
    0.9522102747909199,
    0.973715651135006,
    0.9689366786140979,
    0.974910394265233,
    0.974910394265233,
    0.965352449223417,
    0.980884109916368,
    0.9713261648745519,
    0.966547192353644,
    0.97610513739546,
    0.97610513739546,
    0.977299880525687,
    0.977299880525687,
    0.978494623655914,
    0.9796893667861409,
    0.9796893667861409,
    0.9796893667861409
  ],
  "epoch_times_sec": [
    28.836545944213867,
    27.257826566696167,
    27.564836740493774,
    27.619139909744263,
    27.465278387069702,
    27.87009310722351,
    27.66523575782776,
    27.507890939712524,
    27.339579820632935,
    27.600072383880615,
    27.51607584953308,
    27.78488540649414,
    27.481947660446167,
    27.480849981307983,
    27.5079927444458,
    27.3723361492157,
    27.569726943969727,
    27.609251976013184,
    27.544505834579468,
    27.43548607826233,
    27.37271022796631,
    27.540723085403442,
    27.576085090637207
  ],
  "early_stop": {
    "enabled": true,
    "monitor": "val_loss",
    "best_epoch": 12,
    "best_value": 0.031364045556514494
  }
}