{
  "run_name": "fold_3",
  "train_losses": [
    0.18150959462105445,
    0.04615065252481823,
    0.028227554320434514,
    0.028682021684544062,
    0.007875903005508111,
    0.014152561570322998,
    0.0043771598385724825,
    0.004416438793204947,
    0.0008641684387800514,
    0.0002574836929843916,
    8.735167398924184e-05,
    7.524642272181409e-05
  ],
  "val_losses": [
    0.06238545695477774,
    0.04889940361413335,
    0.057729491473285745,
    0.05772668716309674,
    0.05454444673341858,
    0.053469806753784384,
    0.0622368177839665,
    0.059892954416083465,
    0.07502338721298946,
    0.07680904108857382,
    0.07971494326873137,
    0.0810495603322235
  ],
  "val_accs": [
    0.9522102747909199,
    0.9713261648745519,
    0.954599761051374,
    0.977299880525687,
    0.97610513739546,
    0.974910394265233,
    0.973715651135006,
    0.9689366786140979,
    0.9796893667861409,
    0.973715651135006,
    0.97610513739546,
    0.97610513739546
  ],
  "epoch_times_sec": [
    28.79045534133911,
    27.4078688621521,
    27.465281009674072,
    27.52219581604004,
    27.515408992767334,
    27.624784231185913,
    27.58948302268982,
    27.51543617248535,
    27.80524468421936,
    27.361863136291504,
    27.58227038383484,
    27.55565857887268
  ],
  "early_stop": {
    "enabled": true,
    "monitor": "val_loss",
    "best_epoch": 1,
    "best_value": 0.04889940361413335
  }
}