{
  "run_name": "fold_0",
  "train_losses": [
    0.1561896034751172,
    0.05625934142223253,
    0.0251602047126353,
    0.009542659192102357,
    0.015939320576696555,
    0.012425004601425168,
    0.006246499145312264,
    0.0013331948774516261,
    0.0013388792846213888,
    0.0049345876505262395,
    0.01619085940847278,
    0.005405358434960763,
    0.001336179663935674,
    0.0002296511317506486,
    0.00011509554468989907,
    7.206908932897032e-05,
    5.452011977828674e-05
  ],
  "val_losses": [
    0.06026221007073082,
    0.06548689785574784,
    0.04737030398523437,
    0.02982756768307663,
    0.03542652333170852,
    0.03254079842085148,
    0.02704798479830421,
    0.04326636844905474,
    0.046411044842239776,
    0.04839132250503057,
    0.0434586403762372,
    0.04774460407113601,
    0.05050679546888815,
    0.06191287073223287,
    0.0532656905951764,
    0.057560510650219276,
    0.05851650881728997
  ],
  "val_accs": [
    0.9498207885304659,
    0.970131421744325,
    0.97610513739546,
    0.973715651135006,
    0.966547192353644,
    0.97610513739546,
    0.982078853046595,
    0.985663082437276,
    0.982078853046595,
    0.973715651135006,
    0.983273596176822,
    0.977299880525687,
    0.986857825567503,
    0.985663082437276,
    0.986857825567503,
    0.986857825567503,
    0.98805256869773
  ],
  "epoch_times_sec": [
    28.741807222366333,
    27.304012775421143,
    27.245484352111816,
    27.845941305160522,
    27.653544187545776,
    27.645437479019165,
    27.991581678390503,
    27.61667561531067,
    27.74226212501526,
    27.87801480293274,
    27.639267683029175,
    27.532527446746826,
    27.569757223129272,
    27.715944528579712,
    27.648862600326538,
    27.702435970306396,
    27.590876817703247
  ],
  "early_stop": {
    "enabled": true,
    "monitor": "val_loss",
    "best_epoch": 6,
    "best_value": 0.02704798479830421
  }
}