{
  "run_name": "fold_1",
  "train_losses": [
    0.16971915041673996,
    0.046395836907618074,
    0.02272413151167342,
    0.0116926966237267,
    0.026986492390487355,
    0.015054181785619814,
    0.005498447009276603,
    0.002670208995843589,
    0.0004996451968716606,
    0.00025897099371674596,
    9.32020763338075e-05,
    7.723299817047489e-05,
    6.770354925388895e-05,
    6.108228498324307e-05,
    5.5745560308671336e-05,
    5.1320731314956214e-05,
    4.766747970779381e-05,
    4.47006590148098e-05
  ],
  "val_losses": [
    0.05478534859960082,
    0.04136203065639186,
    0.05754083635345582,
    0.07224689638564806,
    0.040610558432365544,
    0.04134877584652092,
    0.07664540480363896,
    0.027990622844284437,
    0.0806200568572025,
    0.04083328416377413,
    0.04162320838250852,
    0.04277093002178763,
    0.04297325609912796,
    0.043211758074438555,
    0.04358597202371169,
    0.04375079090583495,
    0.04408378088168061,
    0.044382798760292635
  ],
  "val_accs": [
    0.9522102747909199,
    0.966547192353644,
    0.973715651135006,
    0.953405017921147,
    0.966547192353644,
    0.96415770609319,
    0.973715651135006,
    0.983273596176822,
    0.972520908004779,
    0.984468339307049,
    0.984468339307049,
    0.984468339307049,
    0.984468339307049,
    0.984468339307049,
    0.984468339307049,
    0.984468339307049,
    0.984468339307049,
    0.984468339307049
  ],
  "epoch_times_sec": [
    28.75490975379944,
    27.477675914764404,
    27.565574884414673,
    27.466489553451538,
    27.572543144226074,
    27.615505695343018,
    27.562798023223877,
    27.40247344970703,
    27.607115030288696,
    27.716032028198242,
    27.455454349517822,
    27.606419801712036,
    27.63323974609375,
    27.530232429504395,
    27.584081411361694,
    27.596587419509888,
    27.695029258728027,
    27.526657342910767
  ],
  "early_stop": {
    "enabled": true,
    "monitor": "val_loss",
    "best_epoch": 7,
    "best_value": 0.027990622844284437
  }
}