{
  "data_flag": "pneumoniamnist",
  "num_classes": 2,
  "class_names": [
    "normal",
    "pneumonia"
  ],
  "is_ensemble": false,
  "metrics": {
    "accuracy": 0.8782051282051282,
    "balanced_accuracy": 0.8401709401709402,
    "auc": 0.9837004163927241
  },
  "confusion_matrix": [
    [
      161,
      73
    ],
    [
      3,
      387
    ]
  ],
  "counts": {
    "n_samples": 624
  },
  "timing": {
    "eval_wall_sec": 1.6998255252838135,
    "throughput_img_per_s": 367.0964994456199,
    "latency_ms_per_img": 2.724079367442009
  }
}