{
  "data_flag": "pneumoniamnist",
  "num_classes": 2,
  "class_names": [
    "normal",
    "pneumonia"
  ],
  "is_ensemble": false,
  "metrics": {
    "accuracy": 0.8509615384615384,
    "balanced_accuracy": 0.8021367521367522,
    "auc": 0.983629191321499
  },
  "confusion_matrix": [
    [
      142,
      92
    ],
    [
      1,
      389
    ]
  ],
  "counts": {
    "n_samples": 624
  },
  "timing": {
    "eval_wall_sec": 1.7857942581176758,
    "throughput_img_per_s": 349.4243511891061,
    "latency_ms_per_img": 2.8618497726244803
  }
}