{
  "data_flag": "pneumoniamnist",
  "num_classes": 2,
  "class_names": [
    "normal",
    "pneumonia"
  ],
  "is_ensemble": false,
  "metrics": {
    "accuracy": 0.905448717948718,
    "balanced_accuracy": 0.8756410256410256,
    "auc": 0.9831470523778216
  },
  "confusion_matrix": [
    [
      177,
      57
    ],
    [
      2,
      388
    ]
  ],
  "counts": {
    "n_samples": 624
  },
  "timing": {
    "eval_wall_sec": 1.7120246887207031,
    "throughput_img_per_s": 364.480725138537,
    "latency_ms_per_img": 2.7436293088472805
  }
}