{
  "run_name": "fold_1",
  "train_losses": [
    1.395921924076638,
    0.874012440100903,
    0.6814339364923454,
    0.5230237825639795,
    0.39950088700674474,
    0.27188189033708,
    0.24685192356316907,
    0.19597908010093026,
    0.18646597895088704,
    0.32656366829118155,
    0.2031756092610484,
    0.13456454146388258,
    0.10467049182510552,
    0.0764037747852437
  ],
  "val_losses": [
    0.9773045892519814,
    0.9331874654691641,
    0.8878012014106965,
    0.812769606189354,
    0.8713846017229578,
    0.8406208658320584,
    0.9987822970362872,
    0.9149409446771789,
    1.0783688612168214,
    1.4361189391375027,
    1.0469777870966626,
    1.0836699120266922,
    1.0888989768142139,
    1.2892559230218106
  ],
  "val_accs": [
    0.6191059399877527,
    0.6907532149418248,
    0.7287201469687692,
    0.7103490508266993,
    0.7238211879975506,
    0.7875076546233926,
    0.799755052051439,
    0.7709736680955297,
    0.7789344764237599,
    0.7409675443968157,
    0.8150642988364972,
    0.8291488058787507,
    0.7887323943661971,
    0.8175137783221066
  ],
  "epoch_times_sec": [
    56.83593463897705,
    55.51511907577515,
    56.01296544075012,
    56.4092378616333,
    56.37085008621216,
    56.2497992515564,
    56.01649451255798,
    55.77057647705078,
    56.21726441383362,
    56.035855770111084,
    56.10195994377136,
    56.09483861923218,
    55.9814670085907,
    56.00344157218933
  ],
  "early_stop": {
    "enabled": true,
    "monitor": "val_loss",
    "best_epoch": 3,
    "best_value": 0.812769606189354
  }
}