{
  "run_name": "fold_0",
  "train_losses": [
    1.5352650529682745,
    0.9834801428024563,
    0.7413173151103836,
    0.5743949747640372,
    0.4605938875813902,
    0.3790326384189884,
    0.2688028881028614,
    0.2462777203748508,
    0.18447728326403867,
    0.17137119205028675,
    0.12411327283220355,
    0.10585765311561766,
    0.1704508430448253,
    0.19460414876546586,
    0.15810832361173424
  ],
  "val_losses": [
    1.0614347606714964,
    0.8601048780625715,
    0.7231326432239761,
    0.8571671662599104,
    0.7156725371555133,
    0.9286943678464854,
    0.945787232391983,
    0.9152133722346153,
    0.8162407141128689,
    0.9023539697525697,
    0.9755598307385439,
    1.02639716688539,
    1.1081841864521675,
    1.1953232672106533,
    0.9833584856811907
  ],
  "val_accs": [
    0.6462668298653611,
    0.6664626682986536,
    0.741126070991432,
    0.7258261933904528,
    0.7631578947368421,
    0.7209302325581395,
    0.7380660954712362,
    0.7356181150550796,
    0.8280293757649939,
    0.7313341493268054,
    0.8053855569155447,
    0.8035495716034272,
    0.7429620563035496,
    0.8035495716034272,
    0.7466340269277846
  ],
  "epoch_times_sec": [
    56.28301191329956,
    54.7038152217865,
    55.31641864776611,
    55.65210318565369,
    55.82375693321228,
    55.718488454818726,
    55.8458251953125,
    55.69739580154419,
    55.95115804672241,
    55.703620195388794,
    55.64416217803955,
    55.722928047180176,
    55.72675037384033,
    55.591039180755615,
    55.61877489089966
  ],
  "early_stop": {
    "enabled": true,
    "monitor": "val_loss",
    "best_epoch": 4,
    "best_value": 0.7156725371555133
  }
}