{
  "run_name": "fold_3",
  "train_losses": [
    1.3920812614110423,
    0.866036062855168,
    0.6734501710077458,
    0.5113098229782406,
    0.39013747958736983,
    0.28274509652402124,
    0.23533040327991514,
    0.2398683712052912,
    0.1710049274338892,
    0.21668217949638793,
    0.32198982086952405,
    0.11721816720558165,
    0.15592046464983983,
    0.09603976882217527,
    0.05304176194660882,
    0.049350136475597356
  ],
  "val_losses": [
    0.946354845441782,
    1.046559267298108,
    0.8186391943886612,
    0.768799334089229,
    0.8084814748512917,
    0.7356715042461155,
    0.856931301398432,
    0.8671964561727539,
    1.0687642724544668,
    0.7590275940833761,
    0.8741714539005212,
    0.955556531954016,
    1.2916789565871847,
    0.9185860514713808,
    1.0091254650560977,
    1.0897884720027338
  ],
  "val_accs": [
    0.6662584200857318,
    0.6454378444580526,
    0.7170851194121249,
    0.73423147581139,
    0.7054500918554807,
    0.7783221065523577,
    0.775260257195346,
    0.8064911206368647,
    0.799755052051439,
    0.7868952847519902,
    0.8034292712798531,
    0.8309859154929577,
    0.7893447642375995,
    0.8175137783221066,
    0.8328230251071648,
    0.8242498469075321
  ],
  "epoch_times_sec": [
    57.01029181480408,
    55.59663534164429,
    55.847285747528076,
    55.70787525177002,
    55.85539221763611,
    55.76423001289368,
    55.8950355052948,
    55.84967613220215,
    55.81312656402588,
    55.78027606010437,
    55.829962730407715,
    55.68610095977783,
    55.94052577018738,
    55.91701316833496,
    55.90205383300781,
    55.852977991104126
  ],
  "early_stop": {
    "enabled": true,
    "monitor": "val_loss",
    "best_epoch": 5,
    "best_value": 0.7356715042461155
  }
}