{
  "run_name": "fold_4",
  "train_losses": [
    1.292931644726398,
    0.9112738599533439,
    0.6537035952734032,
    0.4831206772642371,
    0.3896641447334984,
    0.3424723753789729,
    0.2918445590661675,
    0.1956094382423437,
    0.18109055023800627,
    0.18994408085903494,
    0.14672695541206662,
    0.135542979708277,
    0.09739852218008983,
    0.07682424563827293,
    0.043930003111311,
    0.040289075966179144
  ],
  "val_losses": [
    1.1078448573358937,
    0.8735150264146061,
    0.8217433732269881,
    0.8938785473481322,
    0.9686211309254863,
    0.8188177189137844,
    0.8194493777680383,
    0.8324010013730995,
    1.4437886230506125,
    1.0560630439105971,
    0.9825341977083237,
    1.0039695126836605,
    1.0332579363801329,
    1.0475693425917583,
    0.9798234281040595,
    1.059560560114312
  ],
  "val_accs": [
    0.6827924066135946,
    0.6864666258420086,
    0.7795468462951622,
    0.6380894060012248,
    0.8058787507654623,
    0.741579914268218,
    0.7630128597672995,
    0.7691365584813227,
    0.8077158603796694,
    0.8315982853643601,
    0.8218003674219229,
    0.782608695652174,
    0.8205756276791182,
    0.8462951622780159,
    0.8193508879363135,
    0.837109614206981
  ],
  "epoch_times_sec": [
    57.379557847976685,
    55.63240027427673,
    55.89262413978577,
    55.95624399185181,
    55.90034770965576,
    56.00007200241089,
    55.613545179367065,
    55.65132808685303,
    55.68025326728821,
    55.843379735946655,
    55.99414944648743,
    55.99860882759094,
    56.02691030502319,
    55.88549256324768,
    55.757519483566284,
    56.109413385391235
  ],
  "early_stop": {
    "enabled": true,
    "monitor": "val_loss",
    "best_epoch": 5,
    "best_value": 0.8188177189137844
  }
}