{
  "run_name": "fold_2",
  "train_losses": [
    1.3336213218587365,
    0.8525309332767745,
    0.6656425414179544,
    0.488367360966249,
    0.38537997577596583,
    0.2914893469875446,
    0.20152752851611455,
    0.1402419650972519,
    0.1526876807523033,
    0.16117989412953254,
    0.17720558032788053,
    0.279580664857321,
    0.12519972564870105,
    0.1126341086223701
  ],
  "val_losses": [
    0.9107438863163263,
    1.1135874465427293,
    0.8178888163315469,
    0.7429677945882793,
    0.8673746947561826,
    0.8327481194792243,
    0.8990580812598472,
    0.8749412224472336,
    0.7835953084515853,
    1.1866095274121062,
    1.2180989649276828,
    0.8731986584286711,
    0.9863770318337912,
    1.3938438761694185
  ],
  "val_accs": [
    0.6644213104715248,
    0.7795468462951622,
    0.7679118187385181,
    0.7109614206981016,
    0.7954684629516228,
    0.7887323943661971,
    0.8046540110226577,
    0.8113900796080833,
    0.833435394978567,
    0.835272504592774,
    0.7942437232088181,
    0.8187385180649112,
    0.7936313533374157,
    0.8242498469075321
  ],
  "epoch_times_sec": [
    57.080607175827026,
    55.90116548538208,
    55.58921408653259,
    55.96460223197937,
    56.05592226982117,
    55.82977509498596,
    56.075599193573,
    55.880207538604736,
    56.036481857299805,
    55.90530061721802,
    55.80639028549194,
    55.98282718658447,
    55.824976205825806,
    55.90659713745117
  ],
  "early_stop": {
    "enabled": true,
    "monitor": "val_loss",
    "best_epoch": 3,
    "best_value": 0.7429677945882793
  }
}