{
  "data_flag": "dermamnist-e",
  "num_classes": 7,
  "class_names": [
    "actinic keratoses and intraepithelial carcinoma",
    "basal cell carcinoma",
    "benign keratosis-like lesions",
    "dermatofibroma",
    "melanoma",
    "melanocytic nevi",
    "vascular lesions"
  ],
  "is_ensemble": false,
  "metrics": {
    "accuracy": 0.671740569159497,
    "balanced_accuracy": 0.6801451557340936,
    "auc": 0.9314167083793903
  },
  "confusion_matrix": [
    [
      21,
      4,
      11,
      6,
      1,
      0,
      0
    ],
    [
      8,
      58,
      11,
      9,
      2,
      1,
      4
    ],
    [
      12,
      8,
      127,
      17,
      41,
      10,
      2
    ],
    [
      1,
      4,
      0,
      38,
      0,
      1,
      0
    ],
    [
      3,
      4,
      26,
      11,
      111,
      13,
      3
    ],
    [
      7,
      12,
      58,
      33,
      153,
      630,
      15
    ],
    [
      0,
      2,
      0,
      2,
      0,
      1,
      30
    ]
  ],
  "counts": {
    "n_samples": 1511
  },
  "timing": {
    "eval_wall_sec": 3.8807737827301025,
    "throughput_img_per_s": 389.3553411240116,
    "latency_ms_per_img": 2.5683479700397767
  }
}