{
  "data_flag": "dermamnist-e",
  "num_classes": 7,
  "class_names": [
    "actinic keratoses and intraepithelial carcinoma",
    "basal cell carcinoma",
    "benign keratosis-like lesions",
    "dermatofibroma",
    "melanoma",
    "melanocytic nevi",
    "vascular lesions"
  ],
  "is_ensemble": false,
  "metrics": {
    "accuracy": 0.7326273990734613,
    "balanced_accuracy": 0.6818502291203351,
    "auc": 0.9421445980204963
  },
  "confusion_matrix": [
    [
      30,
      4,
      7,
      2,
      0,
      0,
      0
    ],
    [
      10,
      55,
      13,
      3,
      6,
      3,
      3
    ],
    [
      16,
      7,
      153,
      2,
      26,
      13,
      0
    ],
    [
      3,
      2,
      2,
      34,
      0,
      3,
      0
    ],
    [
      14,
      3,
      39,
      2,
      90,
      21,
      2
    ],
    [
      8,
      7,
      93,
      4,
      74,
      721,
      1
    ],
    [
      0,
      6,
      0,
      2,
      0,
      3,
      24
    ]
  ],
  "counts": {
    "n_samples": 1511
  },
  "timing": {
    "eval_wall_sec": 4.518112659454346,
    "throughput_img_per_s": 334.43167842177803,
    "latency_ms_per_img": 2.990147359003538
  }
}