{
  "data_flag": "dermamnist-e",
  "num_classes": 7,
  "class_names": [
    "actinic keratoses and intraepithelial carcinoma",
    "basal cell carcinoma",
    "benign keratosis-like lesions",
    "dermatofibroma",
    "melanoma",
    "melanocytic nevi",
    "vascular lesions"
  ],
  "is_ensemble": true,
  "metrics": {
    "accuracy": 0.71475843812045,
    "balanced_accuracy": 0.7114962631789173,
    "auc": 0.9515010555450798
  },
  "confusion_matrix": [
    [
      27,
      4,
      9,
      2,
      1,
      0,
      0
    ],
    [
      6,
      60,
      11,
      3,
      9,
      3,
      1
    ],
    [
      10,
      6,
      136,
      3,
      46,
      16,
      0
    ],
    [
      4,
      3,
      1,
      33,
      0,
      3,
      0
    ],
    [
      1,
      3,
      19,
      2,
      132,
      12,
      2
    ],
    [
      6,
      8,
      49,
      3,
      170,
      663,
      9
    ],
    [
      0,
      2,
      0,
      1,
      0,
      3,
      29
    ]
  ],
  "counts": {
    "n_samples": 1511
  },
  "timing": {
    "eval_wall_sec": 18.07962131500244,
    "throughput_img_per_s": 83.5747593201067,
    "latency_ms_per_img": 11.965335086037353
  }
}