{
  "data_flag": "dermamnist-e",
  "num_classes": 7,
  "class_names": [
    "actinic keratoses and intraepithelial carcinoma",
    "basal cell carcinoma",
    "benign keratosis-like lesions",
    "dermatofibroma",
    "melanoma",
    "melanocytic nevi",
    "vascular lesions"
  ],
  "is_ensemble": false,
  "metrics": {
    "accuracy": 0.7121111846459298,
    "balanced_accuracy": 0.6473304934768301,
    "auc": 0.9426048057030989
  },
  "confusion_matrix": [
    [
      22,
      5,
      7,
      1,
      7,
      1,
      0
    ],
    [
      10,
      44,
      16,
      2,
      13,
      5,
      3
    ],
    [
      9,
      4,
      123,
      1,
      47,
      32,
      1
    ],
    [
      5,
      0,
      2,
      29,
      1,
      6,
      1
    ],
    [
      3,
      2,
      15,
      1,
      122,
      26,
      2
    ],
    [
      5,
      4,
      31,
      1,
      153,
      707,
      7
    ],
    [
      0,
      3,
      0,
      1,
      0,
      2,
      29
    ]
  ],
  "counts": {
    "n_samples": 1511
  },
  "timing": {
    "eval_wall_sec": 3.9086532592773438,
    "throughput_img_per_s": 386.5781638249905,
    "latency_ms_per_img": 2.586798980329149
  }
}