{
  "run_name": "fold_3",
  "train_losses": [
    0.4105859200159709,
    0.2723545730113983,
    0.23425359030564627,
    0.19924662510553995,
    0.16728944579760233,
    0.12809105217456818,
    0.13052652279535928,
    0.08151172225673993,
    0.07714184373617172,
    0.0728817085425059,
    0.06645635515451431,
    0.07316432396570842,
    0.04771669581532478,
    0.05440553774436315,
    0.046603946636120476,
    0.04301026960213979,
    0.07438087960084279,
    0.04162092072268327,
    0.0368610837807258,
    0.03599585841099421,
    0.04191067814826965,
    0.03379495069384575,
    0.02539104161163171,
    0.022788401693105698,
    0.027170560633142788,
    0.03200859079758326,
    0.01957709404329459,
    0.017767636803910136,
    0.03234047815203667,
    0.011198046461989483,
    0.020571665838360786,
    0.033179458851615586,
    0.03226366639137268,
    0.018404762260615826
  ],
  "val_losses": [
    0.6516005396842957,
    0.4563559889793396,
    0.760260820388794,
    2.350358724594116,
    2.425827741622925,
    1.3361200094223022,
    0.44646018743515015,
    0.5562629699707031,
    0.8090533018112183,
    0.6114525198936462,
    0.617009162902832,
    0.631205677986145,
    1.2375767230987549,
    0.4457000195980072,
    0.3177895247936249,
    0.4416842460632324,
    0.36308151483535767,
    0.5840786695480347,
    0.6439718008041382,
    0.34793147444725037,
    0.3123949468135834,
    0.34004345536231995,
    0.37432861328125,
    0.2605884373188019,
    0.34239304065704346,
    0.31746193766593933,
    0.39036044478416443,
    0.3667159974575043,
    0.37505123019218445,
    0.5548528432846069,
    0.5531480312347412,
    0.5691278576850891,
    0.6543446779251099,
    0.4851733148097992
  ],
  "val_accs": [
    0.73,
    0.72,
    0.72,
    0.79,
    0.79,
    0.83,
    0.87,
    0.76,
    0.64,
    0.9,
    0.9,
    0.87,
    0.79,
    0.9,
    0.82,
    0.89,
    0.91,
    0.88,
    0.88,
    0.89,
    0.81,
    0.85,
    0.89,
    0.88,
    0.84,
    0.89,
    0.88,
    0.92,
    0.91,
    0.9,
    0.87,
    0.82,
    0.8,
    0.87
  ],
  "epoch_times_sec": [
    1.4121739864349365,
    0.9032702445983887,
    0.9939651489257812,
    0.9939146041870117,
    0.957796573638916,
    0.9894564151763916,
    0.9921600818634033,
    0.901958703994751,
    0.9070274829864502,
    0.899993896484375,
    1.0135459899902344,
    0.9039251804351807,
    1.0061523914337158,
    0.928490161895752,
    0.9143311977386475,
    0.9055178165435791,
    0.9080586433410645,
    0.8925943374633789,
    0.9099256992340088,
    0.9668633937835693,
    0.9527745246887207,
    0.9788594245910645,
    0.9852907657623291,
    0.9095642566680908,
    0.9541263580322266,
    0.9109194278717041,
    1.0170743465423584,
    0.9053404331207275,
    0.9989547729492188,
    1.0126140117645264,
    1.0193274021148682,
    0.9572174549102783,
    0.9258406162261963,
    0.9720444679260254
  ],
  "total_train_sec": 33.39868903160095,
  "early_stop": {
    "enabled": true,
    "monitor": "val_loss",
    "best_epoch": 23,
    "best_value": 0.2605884373188019
  }
}