{
  "run_name": "fold_4",
  "train_losses": [
    0.3545790414015452,
    0.2978680729866028,
    0.23540725807348886,
    0.1877892663081487,
    0.15498045335213342,
    0.12116578469673793,
    0.09522012869517009,
    0.08533155918121338,
    0.07920163373152415,
    0.10713820656140645,
    0.10441649953524272,
    0.062245349089304604,
    0.0741825910905997,
    0.060818816224733986,
    0.06300270060698192,
    0.04532737781604131,
    0.035109115143617,
    0.04559353242317835,
    0.04119708637396494,
    0.02452130305270354
  ],
  "val_losses": [
    0.7111110687255859,
    1.223276972770691,
    1.4364588260650635,
    3.267878293991089,
    2.0104360580444336,
    0.8462820053100586,
    1.8695358037948608,
    3.3674933910369873,
    1.2429072856903076,
    0.3792594075202942,
    0.7860956192016602,
    0.679024338722229,
    0.5803280472755432,
    1.1820827722549438,
    0.6602704524993896,
    0.5000231862068176,
    0.5872955322265625,
    0.5350836515426636,
    0.6028945446014404,
    0.455159455537796
  ],
  "val_accs": [
    0.7272727272727273,
    0.7474747474747475,
    0.7777777777777778,
    0.7575757575757576,
    0.7474747474747475,
    0.7676767676767676,
    0.8181818181818182,
    0.7373737373737373,
    0.8181818181818182,
    0.8686868686868687,
    0.8484848484848485,
    0.8585858585858586,
    0.797979797979798,
    0.8484848484848485,
    0.8888888888888888,
    0.8686868686868687,
    0.8484848484848485,
    0.8282828282828283,
    0.797979797979798,
    0.8585858585858586
  ],
  "epoch_times_sec": [
    1.37253737449646,
    0.9714958667755127,
    0.9267916679382324,
    0.9281196594238281,
    0.9360718727111816,
    0.9423940181732178,
    0.9336807727813721,
    0.9311261177062988,
    0.9386961460113525,
    0.9438798427581787,
    1.0253019332885742,
    1.0434184074401855,
    0.9234104156494141,
    0.9742686748504639,
    0.9916722774505615,
    0.996361494064331,
    1.0392532348632812,
    1.0487055778503418,
    1.033221960067749,
    1.0445594787597656
  ],
  "total_train_sec": 20.376017570495605,
  "early_stop": {
    "enabled": true,
    "monitor": "val_loss",
    "best_epoch": 9,
    "best_value": 0.3792594075202942
  }
}