{
  "run_name": "fold_2",
  "train_losses": [
    0.3743580679098765,
    0.29175053040186566,
    0.2840398798386256,
    0.18042022983233133,
    0.1868583063284556,
    0.14921544988950095,
    0.1466953232884407,
    0.10370814551909764,
    0.0846149946252505,
    0.08666243900855382,
    0.060139947881301246,
    0.05808866024017334,
    0.036234802256027855,
    0.03569288303454717,
    0.03601905206839243,
    0.028514528026183445,
    0.02387075995405515,
    0.02362595188121001,
    0.03996801873048147,
    0.04787729370097319,
    0.062460230042537056,
    0.05647185817360878,
    0.04991604511936506
  ],
  "val_losses": [
    0.6998370885848999,
    0.4107886552810669,
    0.4394775927066803,
    2.009305715560913,
    1.145975112915039,
    1.0308037996292114,
    1.3471615314483643,
    0.43458476662635803,
    0.31512388586997986,
    0.3184208869934082,
    0.48605018854141235,
    0.33073946833610535,
    0.31213414669036865,
    0.4177205562591553,
    0.3962849974632263,
    0.47072654962539673,
    0.44557592272758484,
    0.4235747456550598,
    0.37600570917129517,
    0.8191081881523132,
    1.3882524967193604,
    1.0095775127410889,
    0.5613945126533508
  ],
  "val_accs": [
    0.73,
    0.79,
    0.78,
    0.73,
    0.83,
    0.85,
    0.85,
    0.88,
    0.87,
    0.75,
    0.66,
    0.75,
    0.82,
    0.87,
    0.87,
    0.91,
    0.9,
    0.88,
    0.87,
    0.84,
    0.81,
    0.84,
    0.88
  ],
  "epoch_times_sec": [
    1.3363690376281738,
    0.9641280174255371,
    0.9568159580230713,
    0.9825565814971924,
    0.9171111583709717,
    0.9836399555206299,
    0.9647629261016846,
    0.9813148975372314,
    0.9706294536590576,
    0.9634325504302979,
    1.002605676651001,
    1.0088939666748047,
    0.9785616397857666,
    0.9687731266021729,
    0.9703617095947266,
    0.9259960651397705,
    0.9336426258087158,
    0.9957044124603271,
    0.9281005859375,
    0.9690766334533691,
    1.0128417015075684,
    0.9345388412475586,
    1.0184006690979004
  ],
  "total_train_sec": 23.10279631614685,
  "early_stop": {
    "enabled": true,
    "monitor": "val_loss",
    "best_epoch": 12,
    "best_value": 0.31213414669036865
  }
}