{
  "run_name": "fold_0",
  "train_losses": [
    0.387324978907903,
    0.2520083685715993,
    0.3007804950078328,
    0.17624413470427194,
    0.12124730149904887,
    0.1400818477074305,
    0.10132462779680888,
    0.12753173957268396,
    0.08055497705936432,
    0.07124334077040355,
    0.06649840002258618,
    0.04447276766101519,
    0.038783274590969086,
    0.03773573786020279,
    0.03452778048813343,
    0.07148850957552592,
    0.04000260680913925,
    0.021091260015964508,
    0.038272532323996224,
    0.03943915975590547,
    0.02503121830523014,
    0.03504016250371933
  ],
  "val_losses": [
    0.3997342586517334,
    0.5332133173942566,
    0.8513331413269043,
    3.558480739593506,
    4.569591522216797,
    2.673696279525757,
    1.5086814165115356,
    0.7389987111091614,
    0.5736061334609985,
    0.45908084511756897,
    0.3520638942718506,
    0.3085353672504425,
    0.46638068556785583,
    0.6776584982872009,
    0.7125471830368042,
    0.49408748745918274,
    0.3910177946090698,
    0.4321376383304596,
    0.5196961760520935,
    0.38743895292282104,
    0.327875554561615,
    0.4899879992008209
  ],
  "val_accs": [
    0.47,
    0.45,
    0.79,
    0.73,
    0.73,
    0.8,
    0.82,
    0.73,
    0.73,
    0.78,
    0.8,
    0.84,
    0.87,
    0.87,
    0.87,
    0.75,
    0.78,
    0.85,
    0.89,
    0.77,
    0.9,
    0.84
  ],
  "epoch_times_sec": [
    1.921032190322876,
    0.8918206691741943,
    1.0128538608551025,
    0.9795358180999756,
    0.9217925071716309,
    0.9786286354064941,
    0.9759964942932129,
    0.979271650314331,
    0.9613029956817627,
    0.9444706439971924,
    1.0191071033477783,
    0.9085915088653564,
    0.9084656238555908,
    0.9796559810638428,
    0.9409070014953613,
    0.9573197364807129,
    0.9294288158416748,
    0.9454965591430664,
    0.9677975177764893,
    0.9779033660888672,
    0.9235789775848389,
    0.9740805625915527
  ],
  "total_train_sec": 22.34027123451233,
  "early_stop": {
    "enabled": true,
    "monitor": "val_loss",
    "best_epoch": 11,
    "best_value": 0.3085353672504425
  }
}