{
  "run_name": "fold_1",
  "train_losses": [
    0.3865000108877818,
    0.3136911491552989,
    0.31546590725580853,
    0.20899551113446554,
    0.1672218789656957,
    0.14686249693234762,
    0.1169768621524175,
    0.1051938608288765,
    0.11362163722515106,
    0.06593302388985951,
    0.07014547288417816,
    0.07277975728114446,
    0.06972362597783406,
    0.06678058331211408
  ],
  "val_losses": [
    0.3017067611217499,
    1.1044151782989502,
    0.20649486780166626,
    0.20288698375225067,
    0.8342124223709106,
    1.2520323991775513,
    1.7017160654067993,
    2.6492819786071777,
    1.1051133871078491,
    0.4325334131717682,
    0.4543764293193817,
    0.7664418816566467,
    0.43335479497909546,
    0.2808464765548706
  ],
  "val_accs": [
    0.83,
    0.73,
    0.83,
    0.85,
    0.82,
    0.78,
    0.77,
    0.74,
    0.84,
    0.79,
    0.85,
    0.81,
    0.83,
    0.86
  ],
  "epoch_times_sec": [
    1.4369490146636963,
    0.9411933422088623,
    0.9046008586883545,
    0.8746960163116455,
    0.919480562210083,
    0.8670961856842041,
    0.972419261932373,
    0.9285850524902344,
    0.9436390399932861,
    0.901442289352417,
    0.9822168350219727,
    0.9039733409881592,
    0.9862914085388184,
    0.9531474113464355
  ],
  "total_train_sec": 13.81545376777649,
  "early_stop": {
    "enabled": true,
    "monitor": "val_loss",
    "best_epoch": 3,
    "best_value": 0.20288698375225067
  }
}