{
  "data_flag": "breastmnist",
  "num_classes": 2,
  "class_names": [
    "malignant",
    "normal, benign"
  ],
  "is_ensemble": false,
  "metrics": {
    "accuracy": 0.8525641025641025,
    "balanced_accuracy": 0.8239348370927317,
    "auc": 0.9081035923141186
  },
  "confusion_matrix": [
    [
      32,
      10
    ],
    [
      13,
      101
    ]
  ],
  "counts": {
    "n_samples": 156
  },
  "timing": {
    "eval_wall_sec": 0.4194648265838623,
    "throughput_img_per_s": 371.9024578782207,
    "latency_ms_per_img": 2.6888770934862967
  }
}