{
  "data_flag": "breastmnist",
  "num_classes": 2,
  "class_names": [
    "malignant",
    "normal, benign"
  ],
  "is_ensemble": false,
  "metrics": {
    "accuracy": 0.8397435897435898,
    "balanced_accuracy": 0.7700501253132832,
    "auc": 0.9149958228905598
  },
  "confusion_matrix": [
    [
      26,
      16
    ],
    [
      9,
      105
    ]
  ],
  "counts": {
    "n_samples": 156
  },
  "timing": {
    "eval_wall_sec": 0.2296614646911621,
    "throughput_img_per_s": 679.2606683484381,
    "latency_ms_per_img": 1.472188876225398
  }
}