{
  "data_flag": "breastmnist",
  "num_classes": 2,
  "class_names": [
    "malignant",
    "normal, benign"
  ],
  "is_ensemble": false,
  "metrics": {
    "accuracy": 0.8205128205128205,
    "balanced_accuracy": 0.7794486215538847,
    "auc": 0.8640350877192983
  },
  "confusion_matrix": [
    [
      29,
      13
    ],
    [
      15,
      99
    ]
  ],
  "counts": {
    "n_samples": 156
  },
  "timing": {
    "eval_wall_sec": 0.22961807250976562,
    "throughput_img_per_s": 679.3890319472364,
    "latency_ms_per_img": 1.4719107212164464
  }
}