{
  "data_flag": "breastmnist",
  "num_classes": 2,
  "class_names": [
    "malignant",
    "normal, benign"
  ],
  "is_ensemble": false,
  "metrics": {
    "accuracy": 0.8589743589743589,
    "balanced_accuracy": 0.8433583959899749,
    "auc": 0.9335839598997493
  },
  "confusion_matrix": [
    [
      34,
      8
    ],
    [
      14,
      100
    ]
  ],
  "counts": {
    "n_samples": 156
  },
  "timing": {
    "eval_wall_sec": 0.21878767013549805,
    "throughput_img_per_s": 713.0200705706459,
    "latency_ms_per_img": 1.4024850649711413
  }
}