{
  "data_flag": "breastmnist",
  "num_classes": 2,
  "class_names": [
    "malignant",
    "normal, benign"
  ],
  "is_ensemble": false,
  "metrics": {
    "accuracy": 0.75,
    "balanced_accuracy": 0.7462406015037595,
    "auc": 0.8412698412698414
  },
  "confusion_matrix": [
    [
      31,
      11
    ],
    [
      28,
      86
    ]
  ],
  "counts": {
    "n_samples": 156
  },
  "timing": {
    "eval_wall_sec": 0.22760963439941406,
    "throughput_img_per_s": 685.383992692717,
    "latency_ms_per_img": 1.459036117944962
  }
}