{
  "data_flag": "breastmnist",
  "num_classes": 2,
  "class_names": [
    "malignant",
    "normal, benign"
  ],
  "is_ensemble": true,
  "metrics": {
    "accuracy": 0.8910256410256411,
    "balanced_accuracy": 0.850250626566416,
    "auc": 0.9235588972431079
  },
  "confusion_matrix": [
    [
      32,
      10
    ],
    [
      7,
      107
    ]
  ],
  "counts": {
    "n_samples": 156
  },
  "timing": {
    "eval_wall_sec": 0.3212277889251709,
    "throughput_img_per_s": 485.6366895341665,
    "latency_ms_per_img": 2.0591524931100698
  }
}