{
  "run_name": "fold_4",
  "train_losses": [
    0.1193899827507826,
    0.05544926820752712,
    0.045263608129551776,
    0.03947450442669483,
    0.031776057627911754,
    0.02952588671961656,
    0.035242170453644715,
    0.03375062224670099,
    0.03112013516231225,
    0.02487035717170399,
    0.0241923055683191,
    0.016049126933257166,
    0.014823554531456186,
    0.018130459930174626,
    0.026183102754517816,
    0.017330001341179013,
    0.022752223142351095,
    0.020885163434566215,
    0.013157214727610923,
    0.013671486620576335,
    0.017453541797854435,
    0.010913427556470897
  ],
  "val_losses": [
    0.07471183740666934,
    0.03791688435844013,
    0.17075831123760768,
    0.037526453978249004,
    0.046527766223464696,
    0.04923467830355678,
    0.045421266662223,
    0.034504930089626996,
    0.038008426049990315,
    0.12719777332884924,
    0.0293341102078557,
    0.027561477119369165,
    0.035817720129021575,
    0.044652163450207026,
    0.04984691685863903,
    0.07001619679587227,
    0.058186093611376624,
    0.04028654657304287,
    0.036478560151798387,
    0.027811352828783647,
    0.059854112565517426,
    0.04868788378579276
  ],
  "val_accs": [
    0.956989247311828,
    0.973715651135006,
    0.8745519713261649,
    0.967741935483871,
    0.967741935483871,
    0.984468339307049,
    0.96415770609319,
    0.97610513739546,
    0.973715651135006,
    0.9163679808841099,
    0.983273596176822,
    0.980884109916368,
    0.973715651135006,
    0.9629629629629629,
    0.974910394265233,
    0.945041816009558,
    0.9581839904420549,
    0.967741935483871,
    0.982078853046595,
    0.978494623655914,
    0.9713261648745519,
    0.9689366786140979
  ],
  "epoch_times_sec": [
    5.1191182136535645,
    3.5418541431427,
    3.76678466796875,
    3.5850930213928223,
    3.7022194862365723,
    3.6451618671417236,
    3.8255085945129395,
    3.6949727535247803,
    3.6473867893218994,
    3.62642502784729,
    3.5792956352233887,
    3.545260429382324,
    3.701777458190918,
    3.771926164627075,
    3.573681116104126,
    3.647581100463867,
    3.476461410522461,
    3.8139119148254395,
    3.7067666053771973,
    3.7703778743743896,
    3.793564796447754,
    3.69128680229187
  ],
  "total_train_sec": 82.9027328491211,
  "early_stop": {
    "enabled": true,
    "monitor": "val_loss",
    "best_epoch": 11,
    "best_value": 0.027561477119369165
  }
}