{
  "run_name": "fold_2",
  "train_losses": [
    0.12391562831516449,
    0.055798424407839775,
    0.04122523755694811,
    0.03196234750346495,
    0.043234901395268165,
    0.031810480456512705,
    0.03777244346789443,
    0.020511780722210042,
    0.018361842403045066,
    0.02483215915540663,
    0.02279731258749962,
    0.018252161170284335,
    0.026060660405514333
  ],
  "val_losses": [
    0.0734274871647358,
    0.07638263968484742,
    0.03166058260415282,
    0.039015328245503564,
    0.06045406258531979,
    0.07402189980660166,
    0.07850040335740362,
    0.0362293084285089,
    0.035543403189097135,
    0.056748779490590096,
    0.04073043034545013,
    0.09654534661344119,
    0.053008224948176315
  ],
  "val_accs": [
    0.9390681003584229,
    0.9283154121863799,
    0.973715651135006,
    0.972520908004779,
    0.937873357228196,
    0.9522102747909199,
    0.929510155316607,
    0.97610513739546,
    0.982078853046595,
    0.974910394265233,
    0.966547192353644,
    0.9366786140979689,
    0.986857825567503
  ],
  "epoch_times_sec": [
    5.173240661621094,
    3.691631555557251,
    3.6913321018218994,
    3.57047700881958,
    3.5761005878448486,
    3.6746089458465576,
    3.564727306365967,
    3.656342029571533,
    3.495739698410034,
    3.6468923091888428,
    3.6937525272369385,
    3.66849946975708,
    3.6733686923980713
  ],
  "total_train_sec": 49.17882704734802,
  "early_stop": {
    "enabled": true,
    "monitor": "val_loss",
    "best_epoch": 2,
    "best_value": 0.03166058260415282
  }
}