{
  "run_name": "fold_3",
  "train_losses": [
    0.13108528978549516,
    0.06813535337837842,
    0.0509539688220964,
    0.03628680264004148,
    0.03982372825535444,
    0.03806132454281816,
    0.03217459183472853,
    0.022875430080323264,
    0.027300941220556315,
    0.02138860344600219,
    0.02538122605675688,
    0.024956697418999214,
    0.03053626547066065,
    0.023807646241039038,
    0.022887527799377076,
    0.0192249753834823
  ],
  "val_losses": [
    0.07923457345792226,
    0.06394379905291966,
    0.046635043541235585,
    0.04801224624472005,
    0.04953253196020212,
    0.02893763654200094,
    0.06036758768771376,
    0.052294990846088955,
    0.03443484434059688,
    0.04733424527304513,
    0.15122559985944203,
    0.05755880262170519,
    0.09691898471542768,
    0.05738671576338155,
    0.08154318428465299,
    0.036358820740133524
  ],
  "val_accs": [
    0.9283154121863799,
    0.9605734767025089,
    0.9689366786140979,
    0.983273596176822,
    0.982078853046595,
    0.972520908004779,
    0.946236559139785,
    0.9605734767025089,
    0.9689366786140979,
    0.956989247311828,
    0.8924731182795699,
    0.948626045400239,
    0.970131421744325,
    0.977299880525687,
    0.937873357228196,
    0.974910394265233
  ],
  "epoch_times_sec": [
    5.128164052963257,
    3.6016123294830322,
    3.772946834564209,
    3.581727981567383,
    3.811910629272461,
    3.750108003616333,
    3.830127477645874,
    3.6111624240875244,
    3.5458931922912598,
    3.732358932495117,
    3.5853564739227295,
    3.7542734146118164,
    3.6010634899139404,
    3.6107139587402344,
    3.625617504119873,
    3.641125440597534
  ],
  "total_train_sec": 60.698691844940186,
  "early_stop": {
    "enabled": true,
    "monitor": "val_loss",
    "best_epoch": 5,
    "best_value": 0.02893763654200094
  }
}