{
  "run_name": "fold_0",
  "train_losses": [
    0.1226423904299736,
    0.05651557789399074,
    0.04545927692491274,
    0.03826461026731592,
    0.04202229089031999,
    0.032799514261289284,
    0.03172842282443666,
    0.023562264180957124,
    0.027504982319302283,
    0.0199787344944735,
    0.027691119798244193,
    0.030206325034109447,
    0.02647442524679578,
    0.019124078421065442,
    0.014901266370613415,
    0.015899415163753126
  ],
  "val_losses": [
    0.23598675855568477,
    0.04431527799793652,
    0.033729432948998044,
    0.0531664498682533,
    0.03036450900669609,
    0.015869739847922965,
    0.028631331399083138,
    0.04014595677810056,
    0.0389443039894104,
    0.043216112069785595,
    0.10900112028632845,
    0.024063467979431152,
    0.02897463765527521,
    0.02185873221606016,
    0.037155249156057835,
    0.05865569545754364
  ],
  "val_accs": [
    0.8315412186379928,
    0.9581839904420549,
    0.983273596176822,
    0.977299880525687,
    0.9689366786140979,
    0.98805256869773,
    0.974910394265233,
    0.984468339307049,
    0.982078853046595,
    0.9522102747909199,
    0.9151732377538829,
    0.9796893667861409,
    0.98805256869773,
    0.984468339307049,
    0.984468339307049,
    0.961768219832736
  ],
  "epoch_times_sec": [
    5.885198593139648,
    3.604691982269287,
    3.5987064838409424,
    3.6334316730499268,
    3.6395652294158936,
    3.7275469303131104,
    3.657541275024414,
    3.744083881378174,
    3.6613337993621826,
    3.7956597805023193,
    3.668067455291748,
    3.6557576656341553,
    3.7703633308410645,
    3.5893077850341797,
    3.674802780151367,
    3.780818462371826
  ],
  "total_train_sec": 61.72917366027832,
  "early_stop": {
    "enabled": true,
    "monitor": "val_loss",
    "best_epoch": 5,
    "best_value": 0.015869739847922965
  }
}