{
  "run_name": "fold_1",
  "train_losses": [
    0.11635005889603725,
    0.058563307930643745,
    0.0504666415687937,
    0.03704335164422026,
    0.03797256165685562,
    0.02830465046617274,
    0.03139538086879139,
    0.025612175894471314,
    0.029299100323651846,
    0.02169181739624876,
    0.020250806907335155,
    0.021131284570751283,
    0.03038796528170888,
    0.01883853583310086,
    0.01992954954934808,
    0.02436527750419023,
    0.02162047026034158,
    0.017439608157684024,
    0.010925188727784328,
    0.014733090701226432
  ],
  "val_losses": [
    0.11765503883361816,
    0.05445462678159986,
    0.06069145830614226,
    0.18503459223679133,
    0.03856837905810347,
    0.04785295123500483,
    0.04141172593725579,
    0.023919756125126566,
    0.05739201844802925,
    0.022779243931706463,
    0.0927684557225023,
    0.05710076993065221,
    0.03014954611925142,
    0.0402012659635927,
    0.04208282673997538,
    0.1316684718642916,
    0.03929377713107637,
    0.036433256031679254,
    0.03170480236544141,
    0.048324376344680786
  ],
  "val_accs": [
    0.9151732377538829,
    0.953405017921147,
    0.9474313022700119,
    0.8590203106332138,
    0.972520908004779,
    0.977299880525687,
    0.96415770609319,
    0.986857825567503,
    0.9796893667861409,
    0.978494623655914,
    0.972520908004779,
    0.984468339307049,
    0.986857825567503,
    0.984468339307049,
    0.986857825567503,
    0.9020310633213859,
    0.973715651135006,
    0.974910394265233,
    0.985663082437276,
    0.980884109916368
  ],
  "epoch_times_sec": [
    5.24879264831543,
    3.624340295791626,
    3.7357771396636963,
    3.795541524887085,
    3.730292797088623,
    3.6796562671661377,
    3.7347490787506104,
    3.6723551750183105,
    3.7173736095428467,
    3.577221632003784,
    3.619051933288574,
    3.814047336578369,
    3.7096192836761475,
    3.453303575515747,
    3.5824356079101562,
    3.645801067352295,
    3.6292126178741455,
    3.7090694904327393,
    3.712855815887451,
    3.661898136138916
  ],
  "total_train_sec": 75.70237588882446,
  "early_stop": {
    "enabled": true,
    "monitor": "val_loss",
    "best_epoch": 9,
    "best_value": 0.022779243931706463
  }
}