{
  "data_flag": "pneumoniamnist",
  "num_classes": 2,
  "class_names": [
    "normal",
    "pneumonia"
  ],
  "is_ensemble": false,
  "metrics": {
    "accuracy": 0.9423076923076923,
    "balanced_accuracy": 0.9247863247863248,
    "auc": 0.9896559281174666
  },
  "confusion_matrix": [
    [
      200,
      34
    ],
    [
      2,
      388
    ]
  ],
  "counts": {
    "n_samples": 624
  },
  "timing": {
    "eval_wall_sec": 0.42685723304748535,
    "throughput_img_per_s": 1461.8470806856017,
    "latency_ms_per_img": 0.6840660786017393
  }
}