{
  "data_flag": "pneumoniamnist",
  "num_classes": 2,
  "class_names": [
    "normal",
    "pneumonia"
  ],
  "is_ensemble": false,
  "metrics": {
    "accuracy": 0.9407051282051282,
    "balanced_accuracy": 0.9217948717948719,
    "auc": 0.992603550295858
  },
  "confusion_matrix": [
    [
      198,
      36
    ],
    [
      1,
      389
    ]
  ],
  "counts": {
    "n_samples": 624
  },
  "timing": {
    "eval_wall_sec": 0.9459261894226074,
    "throughput_img_per_s": 659.6709203927307,
    "latency_ms_per_img": 1.5159073548439221
  }
}