{
  "data_flag": "pneumoniamnist",
  "num_classes": 2,
  "class_names": [
    "normal",
    "pneumonia"
  ],
  "is_ensemble": false,
  "metrics": {
    "accuracy": 0.9455128205128205,
    "balanced_accuracy": 0.9290598290598291,
    "auc": 0.9903681788297174
  },
  "confusion_matrix": [
    [
      202,
      32
    ],
    [
      2,
      388
    ]
  ],
  "counts": {
    "n_samples": 624
  },
  "timing": {
    "eval_wall_sec": 0.4633314609527588,
    "throughput_img_per_s": 1346.768032364681,
    "latency_ms_per_img": 0.7425183669114724
  }
}