{
  "run_name": "fold_1",
  "train_losses": [
    0.33983047865331173,
    0.17154226879424908,
    0.11769507589804776,
    0.10216954186120454,
    0.07974511815015883,
    0.07132302367073648,
    0.0754434203126413,
    0.07254906839636319,
    0.05832204904735965,
    0.058915466426269096,
    0.041184695403310746,
    0.052175846484982795,
    0.04607097071814625,
    0.030966411348130992,
    0.04263531801509945,
    0.04207410391502302,
    0.034433624207261294,
    0.04013581830076873,
    0.05154049936818945,
    0.033545752264805793,
    0.035633487342719865
  ],
  "val_losses": [
    0.2119212138156096,
    0.3220917056832049,
    0.12781108563972843,
    0.4166389579574267,
    0.1283507529232237,
    0.23427253801168668,
    0.686222771803538,
    0.21198586167560685,
    0.11925921051038636,
    0.11497708337588443,
    0.05081849444347123,
    0.18756752150754133,
    0.14148082359073064,
    0.05307713096650938,
    0.07074144575744867,
    0.07041444939871629,
    0.10241930186748505,
    0.10443204082548618,
    0.10423630165557067,
    0.07048151017968646,
    0.10146160545344982
  ],
  "val_accs": [
    0.9213534522176497,
    0.9387288523090992,
    0.9666209419295839,
    0.8436213991769548,
    0.9579332418838592,
    0.9291266575217193,
    0.8728852309099223,
    0.9295839048925468,
    0.959304983996342,
    0.9739368998628258,
    0.9817101051668953,
    0.9620484682213077,
    0.9579332418838592,
    0.9839963420210334,
    0.978509373571102,
    0.9771376314586191,
    0.9730224051211706,
    0.9643347050754458,
    0.9661636945587563,
    0.9771376314586191,
    0.9707361682670325
  ],
  "epoch_times_sec": [
    11.132838487625122,
    7.849076986312866,
    7.745535373687744,
    7.753558158874512,
    7.8381667137146,
    7.7219555377960205,
    7.761991500854492,
    7.807489633560181,
    7.630090713500977,
    7.732011795043945,
    7.779524564743042,
    7.802983999252319,
    7.784072637557983,
    8.026877164840698,
    7.685207366943359,
    7.713001728057861,
    7.959524154663086,
    7.839343547821045,
    7.92922830581665,
    7.832845449447632,
    8.02665114402771
  ],
  "total_train_sec": 167.91292095184326,
  "early_stop": {
    "enabled": true,
    "monitor": "val_loss",
    "best_epoch": 10,
    "best_value": 0.05081849444347123
  }
}