{
  "run_name": "fold_2",
  "train_losses": [
    0.3389800144907306,
    0.15787421260029078,
    0.13867275920860908,
    0.09480039720587871,
    0.08848742086111623,
    0.07781430577640147,
    0.07154513900989995,
    0.0657304013695787,
    0.046960912822910095,
    0.057725092286572736,
    0.04486588859136271,
    0.04405286922530435,
    0.05732155359103618,
    0.04366324877585558,
    0.03470298075391089,
    0.03724953557898784,
    0.04325603114043856,
    0.044556683285490555
  ],
  "val_losses": [
    1.7172746658325195,
    0.09658962612350781,
    0.3881474725074238,
    0.21896394135223496,
    0.31277066055271363,
    0.08819384407252073,
    0.10020739714511567,
    0.05395490444627487,
    0.23435649068819153,
    0.1386291322608789,
    0.21766960165566868,
    0.09864270231790012,
    0.17309600145866474,
    0.0738585733795642,
    0.10924856426815192,
    0.1357253556036287,
    0.1860305509633488,
    0.0741266706544492
  ],
  "val_accs": [
    0.6511202560585276,
    0.9647919524462735,
    0.8820301783264746,
    0.9300411522633745,
    0.8975765889346137,
    0.9730224051211706,
    0.9698216735253772,
    0.9830818472793782,
    0.9373571101966164,
    0.9629629629629629,
    0.9373571101966164,
    0.9579332418838592,
    0.9314128943758574,
    0.9771376314586191,
    0.9647919524462735,
    0.9606767261088248,
    0.9519890260631001,
    0.9711934156378601
  ],
  "epoch_times_sec": [
    11.135267496109009,
    7.929742813110352,
    7.946280002593994,
    7.887621164321899,
    7.834013938903809,
    7.815673351287842,
    7.843389987945557,
    7.863062620162964,
    7.8936450481414795,
    7.814354658126831,
    7.788419961929321,
    7.748012542724609,
    7.723247766494751,
    7.907636642456055,
    7.8831658363342285,
    7.841067552566528,
    7.992150783538818,
    7.90648627281189
  ],
  "total_train_sec": 145.2559745311737,
  "early_stop": {
    "enabled": true,
    "monitor": "val_loss",
    "best_epoch": 7,
    "best_value": 0.05395490444627487
  }
}