{
  "run_name": "fold_4",
  "train_losses": [
    0.3043950678890242,
    0.14738828765557094,
    0.13231924028300188,
    0.08458805081489332,
    0.08671383693923845,
    0.0827355308129507,
    0.0688438822159215,
    0.07198350977919557,
    0.0672779156388167,
    0.049094800618203246,
    0.04400186846717535,
    0.049499227624276984,
    0.045304815182188415,
    0.03700108184506569,
    0.05619828528998529,
    0.044524507720352095,
    0.04196118819527328
  ],
  "val_losses": [
    0.324233154559301,
    0.14719359079996744,
    0.23775167825968108,
    0.16486297154592144,
    0.1823822429610623,
    0.11505046197109753,
    0.07452170400776797,
    0.9950581557220883,
    0.08399184648361471,
    0.10554241101878385,
    0.4074308464510573,
    0.08956487368171413,
    0.2292903220384485,
    0.22853351715538237,
    0.19837538277109465,
    0.14393524618612397,
    0.07532838819921987
  ],
  "val_accs": [
    0.9195244627343393,
    0.9455875628715135,
    0.9451303155006858,
    0.9446730681298583,
    0.9529035208047554,
    0.9597622313671696,
    0.9725651577503429,
    0.8020118884316415,
    0.9716506630086877,
    0.9629629629629629,
    0.9190672153635117,
    0.9643347050754458,
    0.9561042524005487,
    0.9231824417009602,
    0.9131229995427527,
    0.9405578417924096,
    0.9775948788294467
  ],
  "epoch_times_sec": [
    11.223495721817017,
    7.819867849349976,
    7.917715549468994,
    7.944285154342651,
    7.990962505340576,
    7.775871992111206,
    7.889659881591797,
    7.83846640586853,
    7.712512016296387,
    7.968596458435059,
    7.848557710647583,
    7.920470237731934,
    7.8957812786102295,
    8.02284049987793,
    7.726613759994507,
    7.963309049606323,
    7.750651597976685
  ],
  "total_train_sec": 137.67134737968445,
  "early_stop": {
    "enabled": true,
    "monitor": "val_loss",
    "best_epoch": 6,
    "best_value": 0.07452170400776797
  }
}