{
  "run_name": "fold_3",
  "train_losses": [
    0.335897394346402,
    0.15222342071287773,
    0.12068330192500178,
    0.08450289996450439,
    0.0682597006945049,
    0.09916007852948763,
    0.06915835159666398,
    0.04686668089262264,
    0.05643426555701915,
    0.05868923019015176,
    0.04814024188774912,
    0.037506773328299034,
    0.043546679655692595,
    0.06541728772058644,
    0.04992142305298544,
    0.041640456437188035,
    0.03572653333642794
  ],
  "val_losses": [
    0.4276311058137152,
    0.5726447982920541,
    0.2655769909421603,
    0.17733545208142865,
    0.1382517561626931,
    0.13888557420836556,
    0.07412425631708983,
    0.12465760073003669,
    0.08838361430065965,
    0.09794089358506931,
    0.19941286727811935,
    0.13363386193911234,
    0.39716929776801,
    0.6254769596788619,
    0.8061062279674742,
    0.1472378189339199,
    0.08097351771761573
  ],
  "val_accs": [
    0.8166438042981253,
    0.846822130772748,
    0.9236396890717878,
    0.9314128943758574,
    0.9547325102880658,
    0.9556470050297211,
    0.9721079103795153,
    0.9515317786922726,
    0.9679926840420667,
    0.9693644261545497,
    0.9460448102423411,
    0.9483310470964792,
    0.856424325560128,
    0.8733424782807498,
    0.8129858253315043,
    0.959304983996342,
    0.9743941472336534
  ],
  "epoch_times_sec": [
    11.145304679870605,
    7.726283550262451,
    7.813023805618286,
    7.925981521606445,
    7.8600709438323975,
    7.880187511444092,
    7.885392665863037,
    7.910980463027954,
    7.68211817741394,
    7.806436538696289,
    7.7460784912109375,
    7.8275535106658936,
    7.748981237411499,
    8.009442329406738,
    7.9142680168151855,
    7.967214107513428,
    7.698385238647461
  ],
  "total_train_sec": 137.02080512046814,
  "early_stop": {
    "enabled": true,
    "monitor": "val_loss",
    "best_epoch": 6,
    "best_value": 0.07412425631708983
  }
}