{
  "run_name": "fold_0",
  "train_losses": [
    0.33106417899184365,
    0.13278014278587172,
    0.119471967631184,
    0.09139856170205508,
    0.08001454284085947,
    0.08693801063825102,
    0.05327442299355479,
    0.05752253195147633,
    0.07126575680997442,
    0.05858858380302349,
    0.042400770033161866,
    0.0353902984643355,
    0.03688960045110434,
    0.04869620495147126,
    0.04378806209356031,
    0.028974410101963097,
    0.03210250719669549,
    0.03675408533308655,
    0.037853361627853965,
    0.029923121455152902,
    0.033529170699801075,
    0.028726223116631016,
    0.03225077574846663,
    0.03507026017349049,
    0.033563670120202005
  ],
  "val_losses": [
    0.24971467670467165,
    0.2358074796696504,
    1.5190515650643244,
    0.09726394361091985,
    1.0248351924949222,
    0.19914463555647266,
    0.13279738070236313,
    0.17845905554390307,
    0.06428318763048285,
    0.12458268677194913,
    0.2713022215498818,
    0.16066330298781395,
    0.1518809606010715,
    0.12215984095301893,
    0.045643787042030856,
    0.09469412016268405,
    0.27054406371381545,
    0.1357936545779618,
    0.1312560305652571,
    0.18887051282864478,
    0.06395287152069311,
    0.14366251199842534,
    0.22379464821683037,
    0.2610669839713309,
    0.5773087483313348
  ],
  "val_accs": [
    0.9035648994515539,
    0.9392138939670932,
    0.7148080438756855,
    0.9648080438756855,
    0.7294332723948812,
    0.9547531992687386,
    0.9593235831809872,
    0.9515539305301646,
    0.9780621572212066,
    0.9652650822669104,
    0.9460694698354661,
    0.9387568555758684,
    0.9593235831809872,
    0.9657221206581352,
    0.9853747714808044,
    0.9757769652650823,
    0.9259597806215722,
    0.9648080438756855,
    0.9652650822669104,
    0.9351005484460695,
    0.9803473491773309,
    0.9643510054844607,
    0.9255027422303473,
    0.9419561243144424,
    0.9191042047531993
  ],
  "epoch_times_sec": [
    10.768570899963379,
    7.723350524902344,
    7.743911027908325,
    7.704366207122803,
    7.825740098953247,
    7.916982412338257,
    7.882782936096191,
    7.756032228469849,
    7.6658103466033936,
    7.842106103897095,
    7.760465145111084,
    7.875694751739502,
    7.833352088928223,
    7.675591468811035,
    7.817640542984009,
    7.685950040817261,
    7.724604845046997,
    7.952094078063965,
    7.87852931022644,
    7.819394588470459,
    7.9628894329071045,
    7.82584547996521,
    7.8683905601501465,
    7.7383201122283936,
    7.904707670211792
  ],
  "total_train_sec": 198.77212476730347,
  "early_stop": {
    "enabled": true,
    "monitor": "val_loss",
    "best_epoch": 14,
    "best_value": 0.045643787042030856
  }
}