{
  "data_flag": "bloodmnist",
  "num_classes": 8,
  "class_names": [
    "basophil",
    "eosinophil",
    "erythroblast",
    "immature granulocytes(myelocytes, metamyelocytes and promyelocytes)",
    "lymphocyte",
    "monocyte",
    "neutrophil",
    "platelet"
  ],
  "is_ensemble": false,
  "metrics": {
    "accuracy": 0.9818766442560655,
    "balanced_accuracy": 0.9841070962725557,
    "auc": 0.9992888402806366
  },
  "confusion_matrix": [
    [
      242,
      0,
      0,
      2,
      0,
      0,
      0,
      0
    ],
    [
      2,
      622,
      0,
      0,
      0,
      0,
      0,
      0
    ],
    [
      0,
      0,
      306,
      1,
      2,
      2,
      0,
      0
    ],
    [
      0,
      0,
      0,
      567,
      1,
      4,
      7,
      0
    ],
    [
      0,
      0,
      1,
      0,
      242,
      0,
      0,
      0
    ],
    [
      0,
      0,
      0,
      3,
      4,
      277,
      0,
      0
    ],
    [
      0,
      1,
      0,
      26,
      0,
      5,
      634,
      0
    ],
    [
      1,
      0,
      0,
      0,
      0,
      0,
      0,
      469
    ]
  ],
  "counts": {
    "n_samples": 3421
  },
  "timing": {
    "eval_wall_sec": 1.2913057804107666,
    "throughput_img_per_s": 2649.256320150425,
    "latency_ms_per_img": 0.3774644198803761
  }
}