{
  "data_flag": "bloodmnist",
  "num_classes": 8,
  "class_names": [
    "basophil",
    "eosinophil",
    "erythroblast",
    "immature granulocytes(myelocytes, metamyelocytes and promyelocytes)",
    "lymphocyte",
    "monocyte",
    "neutrophil",
    "platelet"
  ],
  "is_ensemble": false,
  "metrics": {
    "accuracy": 0.983338205203157,
    "balanced_accuracy": 0.9854475306536635,
    "auc": 0.9993344332877139
  },
  "confusion_matrix": [
    [
      240,
      1,
      0,
      3,
      0,
      0,
      0,
      0
    ],
    [
      0,
      624,
      0,
      0,
      0,
      0,
      0,
      0
    ],
    [
      0,
      0,
      309,
      0,
      0,
      2,
      0,
      0
    ],
    [
      0,
      2,
      7,
      559,
      0,
      3,
      8,
      0
    ],
    [
      0,
      0,
      2,
      0,
      240,
      1,
      0,
      0
    ],
    [
      0,
      0,
      0,
      1,
      1,
      282,
      0,
      0
    ],
    [
      0,
      4,
      1,
      20,
      0,
      0,
      641,
      0
    ],
    [
      0,
      0,
      0,
      0,
      1,
      0,
      0,
      469
    ]
  ],
  "counts": {
    "n_samples": 3421
  },
  "timing": {
    "eval_wall_sec": 1.2935969829559326,
    "throughput_img_per_s": 2644.5639910065706,
    "latency_ms_per_img": 0.37813416631275437
  }
}