{
  "data_flag": "bloodmnist",
  "num_classes": 8,
  "class_names": [
    "basophil",
    "eosinophil",
    "erythroblast",
    "immature granulocytes(myelocytes, metamyelocytes and promyelocytes)",
    "lymphocyte",
    "monocyte",
    "neutrophil",
    "platelet"
  ],
  "is_ensemble": false,
  "metrics": {
    "accuracy": 0.9769073370359544,
    "balanced_accuracy": 0.9774031319323662,
    "auc": 0.9991117497962083
  },
  "confusion_matrix": [
    [
      240,
      0,
      0,
      4,
      0,
      0,
      0,
      0
    ],
    [
      0,
      623,
      0,
      0,
      0,
      0,
      1,
      0
    ],
    [
      0,
      0,
      297,
      3,
      4,
      7,
      0,
      0
    ],
    [
      1,
      1,
      1,
      536,
      0,
      12,
      28,
      0
    ],
    [
      0,
      0,
      2,
      0,
      241,
      0,
      0,
      0
    ],
    [
      0,
      0,
      0,
      3,
      3,
      278,
      0,
      0
    ],
    [
      0,
      3,
      0,
      3,
      0,
      2,
      658,
      0
    ],
    [
      1,
      0,
      0,
      0,
      0,
      0,
      0,
      469
    ]
  ],
  "counts": {
    "n_samples": 3421
  },
  "timing": {
    "eval_wall_sec": 1.300549030303955,
    "throughput_img_per_s": 2630.427550432657,
    "latency_ms_per_img": 0.38016633449399445
  }
}