{
  "data_flag": "bloodmnist",
  "num_classes": 8,
  "class_names": [
    "basophil",
    "eosinophil",
    "erythroblast",
    "immature granulocytes(myelocytes, metamyelocytes and promyelocytes)",
    "lymphocyte",
    "monocyte",
    "neutrophil",
    "platelet"
  ],
  "is_ensemble": false,
  "metrics": {
    "accuracy": 0.9792458345513008,
    "balanced_accuracy": 0.9823712808003674,
    "auc": 0.9992712398141798
  },
  "confusion_matrix": [
    [
      243,
      0,
      0,
      0,
      0,
      0,
      1,
      0
    ],
    [
      1,
      623,
      0,
      0,
      0,
      0,
      0,
      0
    ],
    [
      1,
      0,
      304,
      3,
      1,
      2,
      0,
      0
    ],
    [
      9,
      0,
      0,
      530,
      1,
      13,
      25,
      1
    ],
    [
      0,
      0,
      0,
      0,
      242,
      1,
      0,
      0
    ],
    [
      0,
      0,
      0,
      1,
      1,
      281,
      0,
      1
    ],
    [
      0,
      2,
      0,
      6,
      0,
      0,
      657,
      1
    ],
    [
      0,
      0,
      0,
      0,
      0,
      0,
      0,
      470
    ]
  ],
  "counts": {
    "n_samples": 3421
  },
  "timing": {
    "eval_wall_sec": 1.2934248447418213,
    "throughput_img_per_s": 2644.9159484661523,
    "latency_ms_per_img": 0.3780838482145049
  }
}