{
  "data_flag": "bloodmnist",
  "num_classes": 8,
  "class_names": [
    "basophil",
    "eosinophil",
    "erythroblast",
    "immature granulocytes(myelocytes, metamyelocytes and promyelocytes)",
    "lymphocyte",
    "monocyte",
    "neutrophil",
    "platelet"
  ],
  "is_ensemble": false,
  "metrics": {
    "accuracy": 0.9856767027185034,
    "balanced_accuracy": 0.9865716051797757,
    "auc": 0.9993253912749329
  },
  "confusion_matrix": [
    [
      242,
      0,
      0,
      1,
      0,
      0,
      1,
      0
    ],
    [
      0,
      624,
      0,
      0,
      0,
      0,
      0,
      0
    ],
    [
      0,
      0,
      308,
      2,
      0,
      1,
      0,
      0
    ],
    [
      0,
      0,
      0,
      566,
      0,
      5,
      8,
      0
    ],
    [
      0,
      0,
      0,
      2,
      240,
      1,
      0,
      0
    ],
    [
      0,
      0,
      0,
      5,
      1,
      278,
      0,
      0
    ],
    [
      0,
      1,
      1,
      18,
      0,
      1,
      645,
      0
    ],
    [
      1,
      0,
      0,
      0,
      0,
      0,
      0,
      469
    ]
  ],
  "counts": {
    "n_samples": 3421
  },
  "timing": {
    "eval_wall_sec": 2.350998878479004,
    "throughput_img_per_s": 1455.1261726731411,
    "latency_ms_per_img": 0.6872256294881625
  }
}