{
  "data_flag": "bloodmnist",
  "num_classes": 8,
  "class_names": [
    "basophil",
    "eosinophil",
    "erythroblast",
    "immature granulocytes(myelocytes, metamyelocytes and promyelocytes)",
    "lymphocyte",
    "monocyte",
    "neutrophil",
    "platelet"
  ],
  "is_ensemble": true,
  "metrics": {
    "accuracy": 0.9918152586962876,
    "balanced_accuracy": 0.9929404205661336,
    "auc": 0.9994484513546431
  },
  "confusion_matrix": [
    [
      243,
      0,
      0,
      1,
      0,
      0,
      0,
      0
    ],
    [
      0,
      624,
      0,
      0,
      0,
      0,
      0,
      0
    ],
    [
      0,
      0,
      308,
      2,
      0,
      1,
      0,
      0
    ],
    [
      0,
      0,
      0,
      570,
      0,
      1,
      8,
      0
    ],
    [
      0,
      0,
      0,
      0,
      243,
      0,
      0,
      0
    ],
    [
      0,
      0,
      0,
      1,
      1,
      282,
      0,
      0
    ],
    [
      0,
      1,
      0,
      11,
      0,
      0,
      654,
      0
    ],
    [
      1,
      0,
      0,
      0,
      0,
      0,
      0,
      469
    ]
  ],
  "counts": {
    "n_samples": 3421
  },
  "timing": {
    "eval_wall_sec": 3.715217113494873,
    "throughput_img_per_s": 920.8075586144936,
    "latency_ms_per_img": 1.0860032486100184
  }
}