{
  "run_name": "fold_1",
  "train_losses": [
    0.4474434381158628,
    0.09175996026089156,
    0.0680792839108283,
    0.04292073737881445,
    0.05308357609082718,
    0.038242532489830894,
    0.03535314649088013,
    0.03831663883090741,
    0.018333276999665745,
    0.04346284881048522,
    0.023030260877345464,
    0.01895648514063566,
    0.030570830266289553,
    0.02928373193397483,
    0.022501573974860845,
    0.020763186067053217,
    0.017706155507022796,
    0.012614104670686086,
    0.020772728285103854,
    0.01770560044600686,
    0.01108740445949007,
    0.01779236487089627,
    0.016675120105687818,
    0.013152043546441079,
    0.0183016222316492,
    0.015583186161383204,
    0.01705990982595233,
    0.012742081803313009,
    0.014254044813351682,
    0.00738227778379543,
    0.0068734941259154265
  ],
  "val_losses": [
    0.11639123706715152,
    0.0712690670630896,
    0.1796280974713863,
    0.1004306902673741,
    0.030905614102410026,
    0.03263608954342659,
    0.035828515819125266,
    0.028838415882687728,
    0.050320929547437096,
    0.046520405202196115,
    0.03734656445814912,
    0.030431797243650468,
    0.042017524077411814,
    0.026336603757304025,
    0.030029360849238254,
    0.020622563792927474,
    0.01625847282553723,
    0.028047375749934177,
    0.027819116960601582,
    0.04414672176338729,
    0.01495942310909185,
    0.03541251146618365,
    0.03897724373793723,
    0.05053156298028657,
    0.04414635327157906,
    0.03424590435790372,
    0.04110144652419003,
    0.03081767505633542,
    0.020479263370719522,
    0.02881669620590993,
    0.034118674869130006
  ],
  "val_accs": [
    0.9542752629172382,
    0.9670781893004116,
    0.9263831732967536,
    0.9684499314128944,
    0.9894833104709648,
    0.9899405578417924,
    0.9839963420210334,
    0.9917695473251029,
    0.9871970736168267,
    0.9835390946502057,
    0.9839963420210334,
    0.9885688157293095,
    0.9871970736168267,
    0.9922267946959304,
    0.9917695473251029,
    0.9926840420667581,
    0.9931412894375857,
    0.9894833104709648,
    0.9890260631001372,
    0.9830818472793782,
    0.9945130315500685,
    0.9876543209876543,
    0.9853680841335163,
    0.9807956104252401,
    0.9849108367626886,
    0.9894833104709648,
    0.9853680841335163,
    0.9908550525834476,
    0.9935985368084134,
    0.9867398262459991,
    0.9890260631001372
  ],
  "epoch_times_sec": [
    73.93227314949036,
    71.73219847679138,
    71.49056649208069,
    71.51880550384521,
    71.58205771446228,
    71.66411828994751,
    71.31202507019043,
    71.66975021362305,
    71.4658694267273,
    71.56789708137512,
    71.57837224006653,
    71.26420855522156,
    71.43388271331787,
    71.60141062736511,
    71.67444372177124,
    71.62625789642334,
    71.48669600486755,
    71.75000262260437,
    71.33123731613159,
    71.73973965644836,
    71.92184472084045,
    71.50736093521118,
    71.85183668136597,
    71.81445574760437,
    71.90260910987854,
    71.94529962539673,
    71.75618028640747,
    71.86657309532166,
    71.7467269897461,
    71.96563935279846,
    71.34422206878662
  ],
  "early_stop": {
    "enabled": true,
    "monitor": "val_loss",
    "best_epoch": 20,
    "best_value": 0.01495942310909185
  }
}