{
  "run_name": "fold_2",
  "train_losses": [
    0.5332151420158119,
    0.08989569380264553,
    0.049488220647861375,
    0.044646257590615336,
    0.04764307702060481,
    0.03587455772130009,
    0.053926530845206946,
    0.02626825663338717,
    0.028347614785986963,
    0.040079763813391595,
    0.02472431773607466,
    0.015270172900738805,
    0.023009769016435477,
    0.018229761342618625,
    0.020606014783456812
  ],
  "val_losses": [
    0.11254711915190818,
    0.07900047703391894,
    0.03777178866107606,
    0.04626982359391917,
    0.03453437326964422,
    0.0763833251275858,
    0.2273048370568551,
    0.11530374573432096,
    0.07940851155009289,
    0.03809259958509024,
    0.051692680902987766,
    0.03718854525792645,
    0.06689395113355448,
    0.048114072398172295,
    0.04708674385975795
  ],
  "val_accs": [
    0.9629629629629629,
    0.9757658893461363,
    0.9867398262459991,
    0.9839963420210334,
    0.9885688157293095,
    0.9807956104252401,
    0.9579332418838592,
    0.9675354366712391,
    0.9707361682670325,
    0.9867398262459991,
    0.9835390946502057,
    0.9853680841335163,
    0.9794238683127572,
    0.9839963420210334,
    0.9849108367626886
  ],
  "epoch_times_sec": [
    74.52527070045471,
    71.47501039505005,
    71.36875343322754,
    71.29369473457336,
    71.41077709197998,
    71.41621112823486,
    71.43101978302002,
    71.36780858039856,
    71.76240801811218,
    71.57233786582947,
    71.52629137039185,
    71.3561339378357,
    71.18977069854736,
    71.23974204063416,
    71.54315638542175
  ],
  "early_stop": {
    "enabled": true,
    "monitor": "val_loss",
    "best_epoch": 4,
    "best_value": 0.03453437326964422
  }
}