{
  "run_name": "fold_4",
  "train_losses": [
    0.38682540984463865,
    0.08541023863398807,
    0.05796973557319079,
    0.04251318497580928,
    0.03893387817031166,
    0.05043056117751173,
    0.042616485653502394,
    0.0337096435102085,
    0.03131752193880185,
    0.01852408457700287,
    0.029832349928982232,
    0.02955218865157727,
    0.028440757179099472,
    0.022728439880747266,
    0.01626921455435568,
    0.020948755244130146,
    0.021631939640888855,
    0.018470567562420964,
    0.02389770426713667,
    0.00633445056426769,
    0.012333318373110243,
    0.019624651837504267,
    0.008383559888482762,
    0.010802288300303789,
    0.014893405061525568,
    0.02071007920484677,
    0.012457854270420697,
    0.017943196839190222
  ],
  "val_losses": [
    0.09975766255228581,
    0.06360253946839482,
    0.08456336631331887,
    0.046484032878865135,
    0.05298626831341765,
    0.03930449083355474,
    0.08951581819012767,
    0.03822826899114994,
    0.05092498643820314,
    0.04452933523221394,
    0.07845113911398971,
    0.04241813507319011,
    0.05439155028215693,
    0.03865274570904784,
    0.05336642857576786,
    0.062430820549520136,
    0.04026272332577472,
    0.03665017237970678,
    0.05340778458821764,
    0.04559802238324648,
    0.05954435763133892,
    0.04327511364336412,
    0.041371932872353336,
    0.04650010305892669,
    0.0547208487922577,
    0.054337340832519065,
    0.04540856330896969,
    0.04302189404421256
  ],
  "val_accs": [
    0.9588477366255144,
    0.9794238683127572,
    0.9743941472336534,
    0.9821673525377229,
    0.9849108367626886,
    0.9867398262459991,
    0.9698216735253772,
    0.9867398262459991,
    0.9798811156835848,
    0.9849108367626886,
    0.9734796524919982,
    0.9858253315043438,
    0.9849108367626886,
    0.9871970736168267,
    0.984453589391861,
    0.9812528577960676,
    0.984453589391861,
    0.9839963420210334,
    0.9812528577960676,
    0.9839963420210334,
    0.9817101051668953,
    0.9862825788751715,
    0.9871970736168267,
    0.9867398262459991,
    0.9798811156835848,
    0.9867398262459991,
    0.9858253315043438,
    0.984453589391861
  ],
  "epoch_times_sec": [
    74.88643765449524,
    71.44249677658081,
    71.56213760375977,
    71.74824905395508,
    71.61129403114319,
    71.66476774215698,
    71.41633176803589,
    71.38131475448608,
    71.58130836486816,
    71.310879945755,
    71.59904885292053,
    71.8024628162384,
    71.30750155448914,
    71.5299813747406,
    71.46139717102051,
    71.53908944129944,
    71.42203044891357,
    71.50756406784058,
    71.57909035682678,
    71.42783236503601,
    71.59745001792908,
    71.40030026435852,
    71.56320762634277,
    71.43869924545288,
    71.31016087532043,
    71.43051862716675,
    71.46204328536987,
    71.59764862060547
  ],
  "early_stop": {
    "enabled": true,
    "monitor": "val_loss",
    "best_epoch": 17,
    "best_value": 0.03665017237970678
  }
}