{
  "run_name": "fold_0",
  "train_losses": [
    0.35394704260126225,
    0.06758181206374393,
    0.06261147728345685,
    0.04707846257735127,
    0.05828934707595815,
    0.039399637538764264,
    0.056446097051928344,
    0.028075706181348487,
    0.033691143186930714,
    0.017150653196583068,
    0.021349721271791685,
    0.023108729087650968,
    0.01767349639199725,
    0.01985495622092232,
    0.016087197235759448,
    0.016410976808448333,
    0.015463879721168519,
    0.01479681523940064,
    0.01532083251106859,
    0.029156720906216693,
    0.021494561314896247,
    0.015955160194381927,
    0.01678808084397377,
    0.011803834792354306,
    0.009885096005247127,
    0.015369518807777052
  ],
  "val_losses": [
    0.055931514324841704,
    0.08243333937862456,
    0.06812304049948234,
    0.07971278909028558,
    0.04428001633509857,
    0.06019022767270287,
    0.039676349408332076,
    0.05156154840438877,
    0.040873599213154706,
    0.053014797173862704,
    0.047012326598739496,
    0.04630407573862965,
    0.03768714981994692,
    0.0818784887982461,
    0.039652986632884774,
    0.036446440861078566,
    0.059675513969315475,
    0.05731266745710081,
    0.10706770522038961,
    0.05253186003162212,
    0.04732458886921991,
    0.04396633082505748,
    0.0479264095505628,
    0.08682046385440027,
    0.05283541649484656,
    0.041834782279350655
  ],
  "val_accs": [
    0.9812614259597806,
    0.979890310786106,
    0.979890310786106,
    0.9661791590493601,
    0.9853747714808044,
    0.9835466179159049,
    0.9885740402193784,
    0.9844606946983546,
    0.9862888482632541,
    0.9849177330895795,
    0.9881170018281535,
    0.9885740402193784,
    0.9881170018281535,
    0.9830895795246801,
    0.9904021937842779,
    0.9904021937842779,
    0.9867458866544789,
    0.9849177330895795,
    0.9789762340036563,
    0.9862888482632541,
    0.9853747714808044,
    0.9899451553930531,
    0.9876599634369287,
    0.9776051188299817,
    0.9849177330895795,
    0.9881170018281535
  ],
  "epoch_times_sec": [
    72.59859919548035,
    71.21514463424683,
    71.54719495773315,
    71.58971786499023,
    71.54428577423096,
    71.63159394264221,
    71.50393295288086,
    71.46822667121887,
    71.38972926139832,
    71.7307608127594,
    71.31998014450073,
    71.31733512878418,
    71.56603813171387,
    71.35915279388428,
    71.5128960609436,
    71.5485577583313,
    71.51451325416565,
    71.2701313495636,
    71.38222861289978,
    71.50694274902344,
    71.28045511245728,
    71.58722496032715,
    71.34582662582397,
    71.31506490707397,
    71.21329975128174,
    71.47675657272339
  ],
  "early_stop": {
    "enabled": true,
    "monitor": "val_loss",
    "best_epoch": 15,
    "best_value": 0.036446440861078566
  }
}