{
  "run_name": "fold_3",
  "train_losses": [
    0.7617969433366674,
    0.11703325830359965,
    0.06349308186360039,
    0.05663298187780168,
    0.05038215296447502,
    0.038230462338069,
    0.045657304249186965,
    0.031404772681200184,
    0.025332336208318654,
    0.03726791233890519,
    0.028404683365196703,
    0.03425123719082299,
    0.02249735831049377,
    0.014136246471646746,
    0.020101525074264666,
    0.02231606986709616,
    0.01816487642905006,
    0.014704693019805683,
    0.019522187154297693,
    0.021764055270851103,
    0.00957695240020098,
    0.012477050412006413,
    0.009764630381128205,
    0.010740901297644923,
    0.021775410770654598,
    0.009304506217313366,
    0.015985348167685404,
    0.013632081659375116,
    0.012479277655306865,
    0.017805347011533926,
    0.01083642108552605,
    0.015731368043147738,
    0.012243151149946372,
    0.00705075223739317,
    0.016558615974285682,
    0.014727615710769004,
    0.013029798996463504,
    0.004534535280315246,
    0.00810320003466792,
    0.01023611757282203,
    0.005308219271583521,
    0.006674263278461617,
    0.006136191996079075,
    0.006567168586975453,
    0.005079491986226853,
    0.005920811814205662
  ],
  "val_losses": [
    0.08774548211821857,
    0.05650569656058962,
    0.057025476994617214,
    0.061204549351219086,
    0.05939114566872797,
    0.07623559916973247,
    0.06800395642406387,
    0.04954931192537817,
    0.08739060250753523,
    0.10640031083094771,
    0.051789816037280535,
    0.05194284633154609,
    0.046999278339046546,
    0.04326966767590902,
    0.06233514499034333,
    0.04930353595071528,
    0.06747967102321076,
    0.05080362150636572,
    0.10062373705910094,
    0.058785559990131145,
    0.04205031037810182,
    0.05365025808855957,
    0.06263365128540034,
    0.07627192214713964,
    0.05266249837858132,
    0.06151130428185686,
    0.09354586927886673,
    0.05048545339157355,
    0.08487992704095466,
    0.04051584239747466,
    0.050392134138062254,
    0.07517187284220203,
    0.05490593777951488,
    0.0693610408423753,
    0.06548453358230207,
    0.03512839946251109,
    0.04713872856209316,
    0.05193749279247357,
    0.053190666984887926,
    0.0727313414253995,
    0.06609214520229113,
    0.039027786501159505,
    0.0419291672739867,
    0.043981762190125326,
    0.050592454498334105,
    0.0503162414777614
  ],
  "val_accs": [
    0.9766803840877915,
    0.9826245999085506,
    0.9757658893461363,
    0.9780521262002744,
    0.9766803840877915,
    0.9780521262002744,
    0.9817101051668953,
    0.9839963420210334,
    0.9775948788294467,
    0.965249199817101,
    0.9839963420210334,
    0.9835390946502057,
    0.9862825788751715,
    0.9867398262459991,
    0.9821673525377229,
    0.9849108367626886,
    0.9807956104252401,
    0.9853680841335163,
    0.968907178783722,
    0.9807956104252401,
    0.9853680841335163,
    0.9853680841335163,
    0.9835390946502057,
    0.9830818472793782,
    0.9858253315043438,
    0.9821673525377229,
    0.9771376314586191,
    0.9839963420210334,
    0.9780521262002744,
    0.9867398262459991,
    0.9849108367626886,
    0.9771376314586191,
    0.9862825788751715,
    0.9798811156835848,
    0.9803383630544125,
    0.9894833104709648,
    0.9849108367626886,
    0.9830818472793782,
    0.9853680841335163,
    0.9766803840877915,
    0.9789666209419295,
    0.9858253315043438,
    0.9858253315043438,
    0.9858253315043438,
    0.9835390946502057,
    0.984453589391861
  ],
  "epoch_times_sec": [
    74.8203055858612,
    71.40623641014099,
    71.41742205619812,
    71.48317646980286,
    71.33205914497375,
    71.52271056175232,
    71.32677721977234,
    71.29936051368713,
    71.67198729515076,
    71.48199129104614,
    71.38297390937805,
    71.48066663742065,
    71.27170848846436,
    71.50748872756958,
    71.54351282119751,
    71.60732746124268,
    71.51889538764954,
    71.38558030128479,
    71.53275728225708,
    71.3681104183197,
    71.41534209251404,
    71.38561987876892,
    71.563396692276,
    71.58626413345337,
    71.52009463310242,
    71.26123356819153,
    71.42726588249207,
    71.25043249130249,
    71.36964321136475,
    71.60282635688782,
    71.4990336894989,
    71.34910750389099,
    71.57515239715576,
    71.37991738319397,
    71.51429772377014,
    71.43659329414368,
    71.31331419944763,
    71.37000966072083,
    71.3032763004303,
    71.44377613067627,
    71.26214551925659,
    71.29366731643677,
    71.50743412971497,
    71.56848788261414,
    71.45961117744446,
    71.46085214614868
  ],
  "early_stop": {
    "enabled": true,
    "monitor": "val_loss",
    "best_epoch": 35,
    "best_value": 0.03512839946251109
  }
}