{
  "data_flag": "bloodmnist",
  "num_classes": 8,
  "class_names": [
    "basophil",
    "eosinophil",
    "erythroblast",
    "immature granulocytes(myelocytes, metamyelocytes and promyelocytes)",
    "lymphocyte",
    "monocyte",
    "neutrophil",
    "platelet"
  ],
  "is_ensemble": true,
  "metrics": {
    "accuracy": 0.9903536977491961,
    "balanced_accuracy": 0.9906288083349519,
    "auc": 0.9995350787792066
  },
  "confusion_matrix": [
    [
      244,
      0,
      0,
      0,
      0,
      0,
      0,
      0
    ],
    [
      0,
      624,
      0,
      0,
      0,
      0,
      0,
      0
    ],
    [
      0,
      0,
      308,
      1,
      1,
      1,
      0,
      0
    ],
    [
      0,
      0,
      0,
      566,
      0,
      3,
      10,
      0
    ],
    [
      0,
      1,
      0,
      1,
      241,
      0,
      0,
      0
    ],
    [
      0,
      0,
      0,
      1,
      5,
      278,
      0,
      0
    ],
    [
      0,
      1,
      0,
      7,
      0,
      1,
      657,
      0
    ],
    [
      0,
      0,
      0,
      0,
      0,
      0,
      0,
      470
    ]
  ],
  "counts": {
    "n_samples": 3421
  },
  "timing": {
    "eval_wall_sec": 40.516064405441284,
    "throughput_img_per_s": 84.43564423647628,
    "latency_ms_per_img": 11.843339492967344
  }
}