{
  "data_flag": "bloodmnist",
  "num_classes": 8,
  "class_names": [
    "basophil",
    "eosinophil",
    "erythroblast",
    "immature granulocytes(myelocytes, metamyelocytes and promyelocytes)",
    "lymphocyte",
    "monocyte",
    "neutrophil",
    "platelet"
  ],
  "is_ensemble": false,
  "metrics": {
    "accuracy": 0.9862613270973399,
    "balanced_accuracy": 0.9867454011712193,
    "auc": 0.9993466546568939
  },
  "confusion_matrix": [
    [
      244,
      0,
      0,
      0,
      0,
      0,
      0,
      0
    ],
    [
      0,
      624,
      0,
      0,
      0,
      0,
      0,
      0
    ],
    [
      0,
      0,
      309,
      0,
      1,
      0,
      1,
      0
    ],
    [
      3,
      0,
      0,
      556,
      1,
      3,
      16,
      0
    ],
    [
      0,
      0,
      0,
      0,
      242,
      1,
      0,
      0
    ],
    [
      0,
      0,
      0,
      2,
      10,
      272,
      0,
      0
    ],
    [
      0,
      1,
      0,
      7,
      0,
      1,
      657,
      0
    ],
    [
      0,
      0,
      0,
      0,
      0,
      0,
      0,
      470
    ]
  ],
  "counts": {
    "n_samples": 3421
  },
  "timing": {
    "eval_wall_sec": 8.457282304763794,
    "throughput_img_per_s": 404.50346538308514,
    "latency_ms_per_img": 2.47216670703414
  }
}