{
  "data_flag": "bloodmnist",
  "num_classes": 8,
  "class_names": [
    "basophil",
    "eosinophil",
    "erythroblast",
    "immature granulocytes(myelocytes, metamyelocytes and promyelocytes)",
    "lymphocyte",
    "monocyte",
    "neutrophil",
    "platelet"
  ],
  "is_ensemble": false,
  "metrics": {
    "accuracy": 0.9868459514761766,
    "balanced_accuracy": 0.9883301623366008,
    "auc": 0.9994674763584696
  },
  "confusion_matrix": [
    [
      244,
      0,
      0,
      0,
      0,
      0,
      0,
      0
    ],
    [
      0,
      624,
      0,
      0,
      0,
      0,
      0,
      0
    ],
    [
      1,
      0,
      307,
      0,
      1,
      2,
      0,
      0
    ],
    [
      0,
      0,
      0,
      563,
      0,
      5,
      11,
      0
    ],
    [
      0,
      0,
      0,
      1,
      241,
      1,
      0,
      0
    ],
    [
      0,
      0,
      0,
      2,
      3,
      279,
      0,
      0
    ],
    [
      0,
      1,
      0,
      15,
      0,
      2,
      648,
      0
    ],
    [
      0,
      0,
      0,
      0,
      0,
      0,
      0,
      470
    ]
  ],
  "counts": {
    "n_samples": 3421
  },
  "timing": {
    "eval_wall_sec": 8.48686957359314,
    "throughput_img_per_s": 403.0932690004366,
    "latency_ms_per_img": 2.480815426364554
  }
}