{
  "data_flag": "bloodmnist",
  "num_classes": 8,
  "class_names": [
    "basophil",
    "eosinophil",
    "erythroblast",
    "immature granulocytes(myelocytes, metamyelocytes and promyelocytes)",
    "lymphocyte",
    "monocyte",
    "neutrophil",
    "platelet"
  ],
  "is_ensemble": false,
  "metrics": {
    "accuracy": 0.9853843905290851,
    "balanced_accuracy": 0.985696312541687,
    "auc": 0.9994856047179258
  },
  "confusion_matrix": [
    [
      242,
      0,
      0,
      1,
      0,
      0,
      1,
      0
    ],
    [
      0,
      624,
      0,
      0,
      0,
      0,
      0,
      0
    ],
    [
      0,
      0,
      305,
      2,
      3,
      1,
      0,
      0
    ],
    [
      1,
      0,
      0,
      559,
      0,
      4,
      15,
      0
    ],
    [
      0,
      0,
      1,
      0,
      241,
      1,
      0,
      0
    ],
    [
      0,
      0,
      0,
      2,
      5,
      277,
      0,
      0
    ],
    [
      0,
      1,
      0,
      11,
      0,
      1,
      653,
      0
    ],
    [
      0,
      0,
      0,
      0,
      0,
      0,
      0,
      470
    ]
  ],
  "counts": {
    "n_samples": 3421
  },
  "timing": {
    "eval_wall_sec": 8.487038612365723,
    "throughput_img_per_s": 403.08524047664395,
    "latency_ms_per_img": 2.4808648384582646
  }
}