{
  "data_flag": "bloodmnist",
  "num_classes": 8,
  "class_names": [
    "basophil",
    "eosinophil",
    "erythroblast",
    "immature granulocytes(myelocytes, metamyelocytes and promyelocytes)",
    "lymphocyte",
    "monocyte",
    "neutrophil",
    "platelet"
  ],
  "is_ensemble": false,
  "metrics": {
    "accuracy": 0.9897690733703596,
    "balanced_accuracy": 0.9905058861169593,
    "auc": 0.9994426120854186
  },
  "confusion_matrix": [
    [
      244,
      0,
      0,
      0,
      0,
      0,
      0,
      0
    ],
    [
      0,
      624,
      0,
      0,
      0,
      0,
      0,
      0
    ],
    [
      1,
      0,
      308,
      1,
      0,
      0,
      1,
      0
    ],
    [
      0,
      0,
      0,
      566,
      0,
      1,
      12,
      0
    ],
    [
      0,
      1,
      0,
      1,
      241,
      0,
      0,
      0
    ],
    [
      0,
      0,
      0,
      2,
      3,
      279,
      0,
      0
    ],
    [
      0,
      1,
      0,
      10,
      0,
      1,
      654,
      0
    ],
    [
      0,
      0,
      0,
      0,
      0,
      0,
      0,
      470
    ]
  ],
  "counts": {
    "n_samples": 3421
  },
  "timing": {
    "eval_wall_sec": 9.52586817741394,
    "throughput_img_per_s": 359.1273715199285,
    "latency_ms_per_img": 2.784527383049968
  }
}