{
  "run_name": "fold_0",
  "train_losses": [
    0.38908007740974426,
    0.2573462923367818,
    0.23478848487138748,
    0.15555406113465628,
    0.12759892642498016,
    0.1051393672823906,
    0.05877424900730451,
    0.07671136160691579,
    0.060666415840387344,
    0.04475333169102669,
    0.07600168387095134,
    0.0542310985426108,
    0.02844952791929245,
    0.043062603722016014,
    0.027857377504309017,
    0.037762721379597984,
    0.017712802315751713,
    0.020970816413561504,
    0.028562286247809727,
    0.01207645641018947,
    0.009001089725643396,
    0.011837778923412165
  ],
  "val_losses": [
    0.4897429645061493,
    1.0749002695083618,
    2.0864083766937256,
    2.00580096244812,
    1.1808054447174072,
    0.7231257557868958,
    0.6730238199234009,
    1.005890965461731,
    0.513977587223053,
    0.42687731981277466,
    0.3996940553188324,
    0.27586162090301514,
    0.4820190370082855,
    1.1680049896240234,
    0.7177590131759644,
    0.9077678322792053,
    1.2833187580108643,
    0.8178503513336182,
    0.702496349811554,
    0.6070582866668701,
    0.49093928933143616,
    0.46870502829551697
  ],
  "val_accs": [
    0.47,
    0.56,
    0.79,
    0.57,
    0.61,
    0.6,
    0.65,
    0.48,
    0.63,
    0.65,
    0.84,
    0.88,
    0.75,
    0.81,
    0.85,
    0.85,
    0.84,
    0.83,
    0.84,
    0.84,
    0.87,
    0.83
  ],
  "epoch_times_sec": [
    1.873871088027954,
    0.9483640193939209,
    0.9895949363708496,
    0.9727644920349121,
    0.8939933776855469,
    0.9150574207305908,
    0.8742945194244385,
    0.9718058109283447,
    0.9839391708374023,
    0.9594709873199463,
    0.9395160675048828,
    0.8964478969573975,
    0.9987328052520752,
    0.9495737552642822,
    0.9574415683746338,
    0.934074878692627,
    1.0059230327606201,
    1.0206539630889893,
    0.9485721588134766,
    0.9666366577148438,
    0.93733811378479,
    0.9006361961364746
  ],
  "total_train_sec": 22.241034269332886,
  "early_stop": {
    "enabled": true,
    "monitor": "val_loss",
    "best_epoch": 11,
    "best_value": 0.27586162090301514
  }
}