{
  "run_name": "fold_4",
  "train_losses": [
    0.38233575224876404,
    0.3486613929271698,
    0.1966358870267868,
    0.13341479003429413,
    0.08985333889722824,
    0.09100142618020375,
    0.07262722651163737,
    0.05057805528243383,
    0.05562875295678774,
    0.04150064413746198,
    0.02249041696389516,
    0.025935574745138485,
    0.027032800018787384,
    0.02289051127930482,
    0.019757620058953762,
    0.012894846654186646,
    0.021901192143559456,
    0.03127339109778404
  ],
  "val_losses": [
    3.729635000228882,
    0.6222434639930725,
    0.7398202419281006,
    0.8860828876495361,
    0.6426291465759277,
    1.0807068347930908,
    0.8671118021011353,
    0.3401590883731842,
    0.8702071905136108,
    0.48969295620918274,
    0.47525086998939514,
    0.42433229088783264,
    0.41559916734695435,
    0.4309181869029999,
    0.44538038969039917,
    0.5118718147277832,
    0.41960543394088745,
    0.44859078526496887
  ],
  "val_accs": [
    0.7272727272727273,
    0.5555555555555556,
    0.6262626262626263,
    0.7474747474747475,
    0.8585858585858586,
    0.8080808080808081,
    0.8181818181818182,
    0.8585858585858586,
    0.7575757575757576,
    0.7070707070707071,
    0.7272727272727273,
    0.8585858585858586,
    0.8888888888888888,
    0.8484848484848485,
    0.8181818181818182,
    0.8282828282828283,
    0.7373737373737373,
    0.8383838383838383
  ],
  "epoch_times_sec": [
    1.4593048095703125,
    0.9897298812866211,
    0.9138152599334717,
    0.9966154098510742,
    1.0323073863983154,
    0.9959847927093506,
    1.0105030536651611,
    1.02828049659729,
    0.9781978130340576,
    0.9079580307006836,
    0.9098014831542969,
    0.9189422130584717,
    0.9133167266845703,
    0.9400367736816406,
    0.9268920421600342,
    0.9105808734893799,
    0.9033629894256592,
    0.9359726905822754
  ],
  "total_train_sec": 18.033119678497314,
  "early_stop": {
    "enabled": true,
    "monitor": "val_loss",
    "best_epoch": 7,
    "best_value": 0.3401590883731842
  }
}