{
  "run_name": "fold_2",
  "train_losses": [
    0.4048041303952535,
    0.3357575436433156,
    0.2177938868602117,
    0.1463872790336609,
    0.10827286789814632,
    0.09397812684377034,
    0.04691457375884056,
    0.05179839705427488,
    0.041324036195874214,
    0.025249977906545002,
    0.03791592580576738,
    0.022234467479089897,
    0.03350992935399214,
    0.02072335158785184,
    0.014199926207462946,
    0.01688070564220349
  ],
  "val_losses": [
    2.6889026165008545,
    0.34345951676368713,
    0.2667253017425537,
    0.35031020641326904,
    0.29498597979545593,
    0.24756094813346863,
    0.38153690099716187,
    0.47655317187309265,
    0.5218570232391357,
    1.2404228448867798,
    0.32971352338790894,
    0.6745766997337341,
    0.9887143969535828,
    0.5292217135429382,
    0.29181453585624695,
    0.28085219860076904
  ],
  "val_accs": [
    0.27,
    0.66,
    0.86,
    0.88,
    0.83,
    0.77,
    0.87,
    0.88,
    0.7,
    0.45,
    0.78,
    0.89,
    0.82,
    0.88,
    0.83,
    0.82
  ],
  "epoch_times_sec": [
    1.418372631072998,
    1.047091007232666,
    0.9990766048431396,
    1.0203490257263184,
    0.9716551303863525,
    1.0463182926177979,
    1.030214548110962,
    1.0574371814727783,
    1.0588304996490479,
    1.061629056930542,
    1.000626564025879,
    1.0628862380981445,
    1.0218229293823242,
    1.0173754692077637,
    1.0138461589813232,
    1.0282630920410156
  ],
  "total_train_sec": 17.252434492111206,
  "early_stop": {
    "enabled": true,
    "monitor": "val_loss",
    "best_epoch": 5,
    "best_value": 0.24756094813346863
  }
}