{
  "run_name": "fold_3",
  "train_losses": [
    0.3927674889564514,
    0.25334594150384265,
    0.17532398800055185,
    0.11654643217722575,
    0.08472757538159688,
    0.08440169195334117,
    0.06199690823753675,
    0.040258838484684624,
    0.04481049347668886,
    0.036435031021634735,
    0.013683234651883444,
    0.03927874627212683,
    0.037763229881723724,
    0.024030215417345364,
    0.028360821927587192,
    0.019557448104023933,
    0.02745444265504678,
    0.022040656457344692,
    0.01341793624063333,
    0.02065834713478883,
    0.023240209246675175,
    0.009661749005317688,
    0.020425064489245415,
    0.02302548475563526,
    0.03197955278058847,
    0.029636911116540432,
    0.024647752443949383,
    0.02047278421620528,
    0.009019875122855106,
    0.0082539152354002
  ],
  "val_losses": [
    0.3873499631881714,
    1.2427356243133545,
    2.6035971641540527,
    2.349599599838257,
    2.416928291320801,
    1.1450198888778687,
    3.30281662940979,
    0.8568375110626221,
    0.38320663571357727,
    0.7065495252609253,
    1.7823421955108643,
    0.823525071144104,
    0.4754782021045685,
    0.567608654499054,
    0.9345222115516663,
    0.4460175335407257,
    0.6618078351020813,
    0.5567693710327148,
    0.2733328938484192,
    0.2301495373249054,
    0.33414366841316223,
    0.4082944393157959,
    0.3627166748046875,
    0.47563979029655457,
    0.5222245454788208,
    0.4362391531467438,
    0.37449896335601807,
    0.390158087015152,
    0.37955302000045776,
    0.3660131096839905
  ],
  "val_accs": [
    0.77,
    0.74,
    0.76,
    0.77,
    0.77,
    0.82,
    0.77,
    0.8,
    0.76,
    0.76,
    0.81,
    0.87,
    0.88,
    0.71,
    0.6,
    0.73,
    0.67,
    0.7,
    0.8,
    0.87,
    0.92,
    0.92,
    0.88,
    0.84,
    0.84,
    0.83,
    0.86,
    0.84,
    0.86,
    0.87
  ],
  "epoch_times_sec": [
    1.3355543613433838,
    1.0117666721343994,
    0.8956179618835449,
    0.9132070541381836,
    0.8874049186706543,
    0.8940861225128174,
    0.9088132381439209,
    0.8913528919219971,
    0.9004213809967041,
    0.9374184608459473,
    0.9345743656158447,
    0.9294183254241943,
    0.9352481365203857,
    0.9415814876556396,
    1.019073724746704,
    0.9781506061553955,
    0.9294612407684326,
    0.9514498710632324,
    0.9247045516967773,
    0.9702401161193848,
    0.8983597755432129,
    0.9143030643463135,
    0.9146130084991455,
    0.946704626083374,
    0.9061183929443359,
    0.9314336776733398,
    0.925656795501709,
    0.9251575469970703,
    0.9590020179748535,
    0.9196524620056152
  ],
  "total_train_sec": 28.842363119125366,
  "early_stop": {
    "enabled": true,
    "monitor": "val_loss",
    "best_epoch": 19,
    "best_value": 0.2301495373249054
  }
}