{
  "run_name": "fold_1",
  "train_losses": [
    0.3783053954442342,
    0.28285135825475055,
    0.25079429149627686,
    0.16152932246526083,
    0.12298617263634999,
    0.09231112152338028,
    0.05585286269585291,
    0.04007095595200857,
    0.05133227879802386,
    0.034101564437150955,
    0.027393500010172527,
    0.018273886914054554,
    0.042754631489515305,
    0.032379954432447754,
    0.029369787623484928,
    0.03300737217068672,
    0.0240848691513141,
    0.03597751508156458,
    0.03228503589828809,
    0.030813976811865967,
    0.015729222136239212,
    0.021464939694851637,
    0.04855397095282873,
    0.03360834593574206
  ],
  "val_losses": [
    0.4177793264389038,
    3.4208950996398926,
    0.4634592831134796,
    0.33059340715408325,
    0.9973235726356506,
    0.7755934000015259,
    0.4028793275356293,
    0.3505707085132599,
    0.39142340421676636,
    0.36145198345184326,
    0.34504538774490356,
    0.4250580966472626,
    0.49423453211784363,
    0.27320346236228943,
    0.36694008111953735,
    0.45205655694007874,
    0.5955927968025208,
    0.5710516571998596,
    0.3279774785041809,
    0.29533180594444275,
    0.9479807615280151,
    2.0527503490448,
    1.0360403060913086,
    0.45727968215942383
  ],
  "val_accs": [
    0.52,
    0.73,
    0.79,
    0.84,
    0.81,
    0.81,
    0.89,
    0.89,
    0.88,
    0.82,
    0.86,
    0.89,
    0.86,
    0.86,
    0.81,
    0.86,
    0.81,
    0.82,
    0.87,
    0.86,
    0.81,
    0.79,
    0.88,
    0.87
  ],
  "epoch_times_sec": [
    1.4489200115203857,
    1.009659767150879,
    0.9272184371948242,
    0.9238972663879395,
    1.0052146911621094,
    0.9469449520111084,
    0.9567215442657471,
    0.9738349914550781,
    1.0150063037872314,
    0.9820959568023682,
    0.9831507205963135,
    0.9585034847259521,
    0.9717297554016113,
    0.9226996898651123,
    0.9670248031616211,
    0.8980560302734375,
    0.9774999618530273,
    0.916555643081665,
    0.9258167743682861,
    0.9641432762145996,
    0.9787917137145996,
    0.9155447483062744,
    0.987518310546875,
    0.8986787796020508
  ],
  "total_train_sec": 23.86258029937744,
  "early_stop": {
    "enabled": true,
    "monitor": "val_loss",
    "best_epoch": 13,
    "best_value": 0.27320346236228943
  }
}