{
  "data_flag": "breastmnist",
  "num_classes": 2,
  "class_names": [
    "malignant",
    "normal, benign"
  ],
  "is_ensemble": false,
  "metrics": {
    "accuracy": 0.8461538461538461,
    "balanced_accuracy": 0.8270676691729324,
    "auc": 0.8993316624895572
  },
  "confusion_matrix": [
    [
      33,
      9
    ],
    [
      15,
      99
    ]
  ],
  "counts": {
    "n_samples": 156
  },
  "timing": {
    "eval_wall_sec": 0.24691247940063477,
    "throughput_img_per_s": 631.8028168470084,
    "latency_ms_per_img": 1.5827723038502228
  }
}