{
  "data_flag": "breastmnist",
  "num_classes": 2,
  "class_names": [
    "malignant",
    "normal, benign"
  ],
  "is_ensemble": false,
  "metrics": {
    "accuracy": 0.8333333333333334,
    "balanced_accuracy": 0.818295739348371,
    "auc": 0.8819966583124479
  },
  "confusion_matrix": [
    [
      33,
      9
    ],
    [
      17,
      97
    ]
  ],
  "counts": {
    "n_samples": 156
  },
  "timing": {
    "eval_wall_sec": 0.42443346977233887,
    "throughput_img_per_s": 367.54877056155954,
    "latency_ms_per_img": 2.7207273703355055
  }
}