{
  "data_flag": "breastmnist",
  "num_classes": 2,
  "class_names": [
    "malignant",
    "normal, benign"
  ],
  "is_ensemble": false,
  "metrics": {
    "accuracy": 0.8589743589743589,
    "balanced_accuracy": 0.7982456140350878,
    "auc": 0.8636173767752715
  },
  "confusion_matrix": [
    [
      28,
      14
    ],
    [
      8,
      106
    ]
  ],
  "counts": {
    "n_samples": 156
  },
  "timing": {
    "eval_wall_sec": 0.23772120475769043,
    "throughput_img_per_s": 656.2308993806885,
    "latency_ms_per_img": 1.5238538766518617
  }
}