{
  "data_flag": "breastmnist",
  "num_classes": 2,
  "class_names": [
    "malignant",
    "normal, benign"
  ],
  "is_ensemble": false,
  "metrics": {
    "accuracy": 0.7948717948717948,
    "balanced_accuracy": 0.7994987468671679,
    "auc": 0.8492063492063492
  },
  "confusion_matrix": [
    [
      34,
      8
    ],
    [
      24,
      90
    ]
  ],
  "counts": {
    "n_samples": 156
  },
  "timing": {
    "eval_wall_sec": 0.2334752082824707,
    "throughput_img_per_s": 668.1651604364902,
    "latency_ms_per_img": 1.4966359505286584
  }
}