{
  "data_flag": "breastmnist",
  "num_classes": 2,
  "class_names": [
    "malignant",
    "normal, benign"
  ],
  "is_ensemble": false,
  "metrics": {
    "accuracy": 0.8974358974358975,
    "balanced_accuracy": 0.8771929824561404,
    "auc": 0.9563492063492063
  },
  "confusion_matrix": [
    [
      35,
      7
    ],
    [
      9,
      105
    ]
  ],
  "counts": {
    "n_samples": 156
  },
  "timing": {
    "eval_wall_sec": 0.2341148853302002,
    "throughput_img_per_s": 666.3395186511723,
    "latency_ms_per_img": 1.5007364444243603
  }
}