{
  "data_flag": "breastmnist",
  "num_classes": 2,
  "class_names": [
    "malignant",
    "normal, benign"
  ],
  "is_ensemble": true,
  "metrics": {
    "accuracy": 0.9166666666666666,
    "balanced_accuracy": 0.8903508771929824,
    "auc": 0.9440267335004175
  },
  "confusion_matrix": [
    [
      35,
      7
    ],
    [
      6,
      108
    ]
  ],
  "counts": {
    "n_samples": 156
  },
  "timing": {
    "eval_wall_sec": 0.3478281497955322,
    "throughput_img_per_s": 448.4973401137983,
    "latency_ms_per_img": 2.2296676268944373
  }
}