{
  "run_name": "fold_1",
  "train_losses": [
    0.2537313011109228,
    0.16076698216821417,
    0.12954910439655365,
    0.11181571104677963,
    0.0971373549266728,
    0.08416004335309143,
    0.07900090233205842,
    0.06623831565504229,
    0.06404790189080917,
    0.0578262003003955,
    0.049788650661672096,
    0.05200496170248612
  ],
  "val_losses": [
    0.18679458335755672,
    0.14972970287277393,
    0.1578296348323591,
    0.15842068285111122,
    0.14898427113056595,
    0.16014222092733035,
    0.17868749050996377,
    0.18633693815894162,
    0.16469299871618528,
    0.18892805938105395,
    0.1816941451180277,
    0.1577357132535963
  ],
  "val_accs": [
    0.9353721869590306,
    0.9571840738603578,
    0.9551644547028275,
    0.9579919215233699,
    0.9553952683208309,
    0.9597230236583958,
    0.960934795152914,
    0.9672244662435083,
    0.9611079053664167,
    0.9687247547605309,
    0.9637045585689555,
    0.9533756491633006
  ],
  "epoch_times_sec": [
    591.5791380405426,
    586.0239903926849,
    585.6120541095734,
    586.9543199539185,
    585.044840335846,
    586.0621945858002,
    586.7167842388153,
    586.286073923111,
    586.359611749649,
    586.5487060546875,
    586.3457427024841,
    586.7824509143829
  ],
  "early_stop": {
    "enabled": true,
    "monitor": "val_loss",
    "best_epoch": 1,
    "best_value": 0.14972970287277393
  }
}