{
  "run_name": "fold_0",
  "train_losses": [
    0.255856351451917,
    0.15638184253343665,
    0.1277346682943726,
    0.10576813618107046,
    0.09469338948365812,
    0.08026516662304442,
    0.07506782546782828,
    0.06652186858801407,
    0.06287564501986029,
    0.05770636889698484,
    0.05119417906357821,
    0.04589855143389541,
    0.0457621915065054,
    0.04177159154291479,
    0.04072372826224155
  ],
  "val_losses": [
    0.18704020950193015,
    0.16409715845346864,
    0.17848887379569808,
    0.15582125856913517,
    0.14426816592516406,
    0.1720782307552177,
    0.19877829138969866,
    0.19137767852556478,
    0.1842937360316154,
    0.19170737359404083,
    0.17931119559544467,
    0.20790281049515977,
    0.21914831894502018,
    0.21482953262411647,
    0.1881504333163711
  ],
  "val_accs": [
    0.9603577611079054,
    0.9478361223312175,
    0.9413733410271206,
    0.96866705135603,
    0.957934218118869,
    0.9637622619734564,
    0.9684939411425274,
    0.9622042700519331,
    0.9611079053664167,
    0.9536064627813041,
    0.9670513560300058,
    0.965666474321985,
    0.9682054241200231,
    0.9654933641084824,
    0.9654933641084824
  ],
  "epoch_times_sec": [
    593.1895747184753,
    585.7783727645874,
    586.1524648666382,
    585.8736889362335,
    586.0011255741119,
    585.987429857254,
    585.8985424041748,
    586.2426979541779,
    585.6907439231873,
    585.4355998039246,
    585.8611960411072,
    585.3476223945618,
    585.6340839862823,
    584.2170658111572,
    584.6026084423065
  ],
  "early_stop": {
    "enabled": true,
    "monitor": "val_loss",
    "best_epoch": 4,
    "best_value": 0.14426816592516406
  }
}