{
  "run_name": "fold_2",
  "train_losses": [
    0.25554059543668506,
    0.16543077409272586,
    0.13107264925161707,
    0.11020913681866593,
    0.09927828817903564,
    0.08805073909701187,
    0.08053848302427292,
    0.07080528875689013,
    0.06500014132459218,
    0.05871911057006357,
    0.055314488190684755,
    0.050149152365850456,
    0.047895607254575256,
    0.04466512999785277,
    0.04427445954954759,
    0.03823367042471889
  ],
  "val_losses": [
    0.19032777946037568,
    0.1601777689062694,
    0.13730191502635633,
    0.16309623092875575,
    0.14262173739207912,
    0.12937063781931626,
    0.14372928266570603,
    0.15926591237101156,
    0.1462903996144655,
    0.14927522824671735,
    0.1363342830662876,
    0.18330827742790082,
    0.17079886137144817,
    0.18458203949243598,
    0.20167256731098623,
    0.17003523944859084
  ],
  "val_accs": [
    0.9328293611864504,
    0.948929540077327,
    0.9515840498586186,
    0.9411968376709562,
    0.9510069825148595,
    0.9581626175774713,
    0.9661261469213457,
    0.9495643141554619,
    0.9692423105776444,
    0.972416180968319,
    0.9682035893588782,
    0.9673956950776156,
    0.969530844249524,
    0.9492180737492065,
    0.9679150556869986,
    0.9658376132494663
  ],
  "epoch_times_sec": [
    593.9907767772675,
    586.8691375255585,
    586.7514581680298,
    586.8584759235382,
    586.830616235733,
    585.9873208999634,
    587.494656085968,
    583.5700061321259,
    583.5805974006653,
    583.7890529632568,
    583.6715636253357,
    583.7834939956665,
    583.4587047100067,
    583.7036747932434,
    583.8480718135834,
    584.3348407745361
  ],
  "early_stop": {
    "enabled": true,
    "monitor": "val_loss",
    "best_epoch": 5,
    "best_value": 0.12937063781931626
  }
}