{
  "run_name": "fold_4",
  "train_losses": [
    0.26515218657751666,
    0.16166820933083523,
    0.1343558868879936,
    0.10948857022651176,
    0.09728323878286865,
    0.08926556349873781,
    0.07764072482995688,
    0.07089084618647198,
    0.0648164164939505,
    0.058879492425795446,
    0.053153834956062865,
    0.04779668306378471
  ],
  "val_losses": [
    0.16914399793807203,
    0.1357354366195973,
    0.14461723209232294,
    0.1860034253403748,
    0.15987076880076567,
    0.15949558977580908,
    0.1730107921371554,
    0.1519424170105179,
    0.14735402396221034,
    0.15418882513322807,
    0.14370646646325963,
    0.20555353974610166
  ],
  "val_accs": [
    0.9446015349991344,
    0.9599515263431242,
    0.9593744589993652,
    0.929020716717641,
    0.9615673149056495,
    0.9582203243118472,
    0.9680881758901264,
    0.9664146805932252,
    0.963644757343182,
    0.961798141843153,
    0.9652028391713313,
    0.9702233250620348
  ],
  "epoch_times_sec": [
    593.7572164535522,
    586.6300718784332,
    586.3590502738953,
    587.1937491893768,
    587.0689630508423,
    587.2847397327423,
    586.9592909812927,
    587.1546673774719,
    586.9036777019501,
    586.850261926651,
    587.181282043457,
    587.2906792163849
  ],
  "early_stop": {
    "enabled": true,
    "monitor": "val_loss",
    "best_epoch": 1,
    "best_value": 0.1357354366195973
  }
}