{
  "run_name": "fold_3",
  "train_losses": [
    0.2556844358164377,
    0.15938438268289648,
    0.13210095894990548,
    0.11197668740648857,
    0.09384145959040177,
    0.08288583541316112,
    0.07768471233120881,
    0.06746348598769086,
    0.06423695527034098,
    0.056720942431239284,
    0.0499966358988183,
    0.047567360057987035,
    0.047367254278606094
  ],
  "val_losses": [
    0.17705118786174925,
    0.15885906051045728,
    0.14422285093781484,
    0.14541312787673005,
    0.18658490181424983,
    0.16117065648438506,
    0.1856802210252169,
    0.17778752889176538,
    0.17941173359900464,
    0.19787437528250565,
    0.16320777726886085,
    0.2000469332127186,
    0.1922595907987055
  ],
  "val_accs": [
    0.9593167522649894,
    0.9392925154365515,
    0.9586242714524785,
    0.9620866755150326,
    0.9676265220151191,
    0.9651451324369554,
    0.9580472041087195,
    0.9596629926712448,
    0.9608748340931387,
    0.9658953199838421,
    0.9679727624213745,
    0.96831900282763,
    0.9638178775463097
  ],
  "epoch_times_sec": [
    594.7629561424255,
    586.3082926273346,
    586.5506331920624,
    586.4928851127625,
    586.6794219017029,
    586.867842912674,
    586.7614369392395,
    586.8782351016998,
    586.8303263187408,
    586.6019101142883,
    586.3552377223969,
    587.1900818347931,
    586.9784455299377
  ],
  "early_stop": {
    "enabled": true,
    "monitor": "val_loss",
    "best_epoch": 2,
    "best_value": 0.14422285093781484
  }
}