{
  "data_flag": "octmnist",
  "num_classes": 4,
  "class_names": [
    "choroidal neovascularization",
    "diabetic macular edema",
    "drusen",
    "normal"
  ],
  "is_ensemble": false,
  "metrics": {
    "accuracy": 0.909,
    "balanced_accuracy": 0.9089999999999999,
    "auc": 0.9853173333333333
  },
  "confusion_matrix": [
    [
      249,
      0,
      1,
      0
    ],
    [
      7,
      243,
      0,
      0
    ],
    [
      67,
      0,
      178,
      5
    ],
    [
      0,
      5,
      6,
      239
    ]
  ],
  "counts": {
    "n_samples": 1000
  },
  "timing": {
    "eval_wall_sec": 7.503386735916138,
    "throughput_img_per_s": 133.2731518706537,
    "latency_ms_per_img": 7.503386735916138
  }
}