{
  "data_flag": "octmnist",
  "num_classes": 4,
  "class_names": [
    "choroidal neovascularization",
    "diabetic macular edema",
    "drusen",
    "normal"
  ],
  "is_ensemble": false,
  "metrics": {
    "accuracy": 0.915,
    "balanced_accuracy": 0.9149999999999999,
    "auc": 0.9895793333333334
  },
  "confusion_matrix": [
    [
      249,
      0,
      1,
      0
    ],
    [
      10,
      240,
      0,
      0
    ],
    [
      58,
      0,
      191,
      1
    ],
    [
      3,
      3,
      9,
      235
    ]
  ],
  "counts": {
    "n_samples": 1000
  },
  "timing": {
    "eval_wall_sec": 2.682985305786133,
    "throughput_img_per_s": 372.7191490178487,
    "latency_ms_per_img": 2.682985305786133
  }
}