{
  "run_name": "fold_4",
  "train_losses": [
    1.7579534264171826,
    1.3938345488379984,
    1.3103238566249025,
    1.2164222434455274,
    1.1913903729588378,
    1.1564481936249078,
    1.054487402532615,
    0.9952555368928349,
    0.9190832189485139,
    0.8804371275153815,
    0.9488774993840385,
    0.8548926898077422,
    0.8077963450375725,
    0.7326125379870919,
    0.784735918045044,
    0.7042066624351576,
    0.656300507924136,
    0.6919247011343638,
    0.5573058110826156,
    0.5564462437349207,
    0.5412070540820851,
    0.4833379101519491,
    0.5125232163597556
  ],
  "val_losses": [
    1.7505283814210157,
    1.5276658351604755,
    1.3619926067499013,
    1.1805744813038752,
    1.1201828030439525,
    1.1004942655563354,
    1.2473217065517719,
    1.5608433485031128,
    1.3280035211489751,
    1.4240102171897888,
    1.1278348565101624,
    1.5577075802362883,
    1.0379913632686322,
    1.3241342993882985,
    2.4086906543144813,
    1.4555693222926214,
    1.2946194822971637,
    1.1987057465773363,
    1.2303877977224498,
    1.281993302015158,
    1.8457875985365648,
    1.3962913705752447,
    1.3811207505372853
  ],
  "val_accs": [
    0.5799142682180036,
    0.2694427434170239,
    0.3723208818126148,
    0.5633802816901409,
    0.45254133496631965,
    0.5499081445192896,
    0.5394978567054501,
    0.38946723821187995,
    0.5756276791181874,
    0.4243723208818126,
    0.6197183098591549,
    0.677893447642376,
    0.6540110226576853,
    0.6191059399877527,
    0.26148193508879364,
    0.5180649112063687,
    0.713410900183711,
    0.6429883649724434,
    0.6864666258420086,
    0.7599510104102878,
    0.6154317207593386,
    0.6876913655848133,
    0.6901408450704225
  ],
  "epoch_times_sec": [
    8.973540306091309,
    6.142050743103027,
    6.058515310287476,
    6.22002100944519,
    6.027541875839233,
    5.915091276168823,
    6.067384958267212,
    6.070243835449219,
    6.056917667388916,
    5.947704553604126,
    6.192997694015503,
    5.98827862739563,
    6.023589849472046,
    6.125969409942627,
    6.103450298309326,
    6.0315775871276855,
    5.983668565750122,
    6.003510475158691,
    6.008304595947266,
    6.009458541870117,
    6.177779197692871,
    5.897131681442261,
    6.046582221984863
  ],
  "total_train_sec": 142.77249479293823,
  "early_stop": {
    "enabled": true,
    "monitor": "val_loss",
    "best_epoch": 12,
    "best_value": 1.0379913632686322
  }
}