{
  "run_name": "fold_2",
  "train_losses": [
    1.6605647942599129,
    1.5822543934279798,
    1.3108631980185415,
    1.3024449301700967,
    1.1380851327204238,
    1.1376110023143244,
    1.0636808580043269,
    1.0336643550910203,
    1.0012790502286424,
    0.9411084277957094,
    0.9548195401827494,
    0.8909007287492939,
    0.9359089708795735,
    0.8524870977682226,
    0.7594819407837063,
    0.6610406041145325,
    0.6845394261911804,
    0.7125275187632617,
    0.6859726151999306,
    0.5776556519901052,
    0.5481898188591003,
    0.4539068145494835,
    0.4747276259403603,
    0.49804988620327967,
    0.4964122117734423,
    0.4850867758778965,
    0.47556757722415177,
    0.3947507078741111,
    0.4832627983654247
  ],
  "val_losses": [
    1.913088789353004,
    1.2011866111021776,
    1.2320605241335356,
    1.135984283227187,
    1.2295083495286794,
    1.7299977449270396,
    1.402904437138484,
    1.1277826245014484,
    1.194883970113901,
    1.7499501063273504,
    1.0690078872900743,
    1.4615720143684974,
    1.184252890256735,
    1.1256761321654687,
    1.074905881514916,
    1.190342048039803,
    1.09400978913674,
    1.5685022060687726,
    1.0641992092132568,
    1.0797013090207026,
    1.3139682503846974,
    1.3665444209025457,
    1.3782084584236145,
    2.0656197437873254,
    1.3942488019283001,
    1.3484399570868566,
    1.4999523667188792,
    1.4120058050522437,
    1.8339954843887916
  ],
  "val_accs": [
    0.6962645437844458,
    0.5548071034905082,
    0.5878750765462339,
    0.4898958971218616,
    0.5664421310471525,
    0.4200857317819963,
    0.6380894060012248,
    0.5933864053888549,
    0.58420085731782,
    0.2896509491733007,
    0.6154317207593386,
    0.6282914880587875,
    0.7158603796693203,
    0.5229638701775873,
    0.6374770361298224,
    0.674219228413962,
    0.6766687078995713,
    0.5529699938763013,
    0.6791181873851806,
    0.6883037354562156,
    0.642375995101041,
    0.674219228413962,
    0.6852418860992039,
    0.6491120636864667,
    0.5388854868340478,
    0.5927740355174526,
    0.7256582976117575,
    0.6552357624004899,
    0.7072872014696877
  ],
  "epoch_times_sec": [
    8.732288599014282,
    6.240942478179932,
    6.16245698928833,
    6.151770353317261,
    6.1223626136779785,
    6.166520595550537,
    6.117614507675171,
    6.187193870544434,
    6.101462364196777,
    6.086934328079224,
    6.12905740737915,
    6.152622699737549,
    5.982272624969482,
    6.072915315628052,
    6.124960422515869,
    6.263466119766235,
    6.052404403686523,
    6.254427909851074,
    6.230863809585571,
    6.0749592781066895,
    6.029394626617432,
    6.148991346359253,
    6.104092359542847,
    6.231098413467407,
    6.0050132274627686,
    6.1244282722473145,
    5.878920793533325,
    6.113066911697388,
    6.1825315952301025
  ],
  "total_train_sec": 180.99428367614746,
  "early_stop": {
    "enabled": true,
    "monitor": "val_loss",
    "best_epoch": 18,
    "best_value": 1.0641992092132568
  }
}