{
  "run_name": "fold_0",
  "train_losses": [
    1.6491997101727653,
    1.409068035144432,
    1.3592236579633226,
    1.2375671419442869,
    1.1683964998114342,
    1.12433847025329,
    1.0449883926148509,
    0.9979776132340524,
    0.891191675382502,
    0.8599006077822517,
    0.894542912642161,
    0.7619575688651964,
    0.7295657951457828,
    0.7503169926942563,
    0.6746943528745689,
    0.7080724303628884,
    0.7131345394779655,
    0.6435179698700998,
    0.6491998989208072,
    0.5767371753851572,
    0.529016117254893,
    0.5090636222385893,
    0.542292518066425,
    0.4636204274846058,
    0.6320830250487608,
    0.571115199841705,
    0.4421882962479311,
    0.3673582915581909
  ],
  "val_losses": [
    1.4374078649740953,
    1.2693151373129625,
    1.5374758885456965,
    1.0985950506650484,
    1.1537325703180754,
    1.4047707869456365,
    1.2465315965505748,
    1.0619839200606713,
    1.0873579245347242,
    1.2031149589098418,
    0.9668977764936594,
    2.458137374657851,
    0.9406809577575097,
    1.1917174596052904,
    1.1609741311806898,
    1.0908317474218516,
    1.3916229055478022,
    0.8477603288797232,
    1.2491669884094825,
    1.0513515976759105,
    1.1331681242355933,
    1.1674887721355145,
    1.1042973078214204,
    1.2062516487561739,
    1.45592966905007,
    1.1552307880841768,
    1.0212564009886522,
    1.5456317479793842
  ],
  "val_accs": [
    0.5085679314565483,
    0.4834761321909425,
    0.2588739290085679,
    0.5501835985312118,
    0.5850673194614443,
    0.6444308445532436,
    0.41370869033047736,
    0.4528763769889841,
    0.5238678090575275,
    0.6070991432068543,
    0.5862913096695227,
    0.4583843329253366,
    0.6560587515299877,
    0.4883720930232558,
    0.4528763769889841,
    0.5348837209302325,
    0.6272949816401469,
    0.7056303549571603,
    0.42717258261933905,
    0.5930232558139535,
    0.741126070991432,
    0.6793145654834761,
    0.5263157894736842,
    0.7454100367197063,
    0.6358629130966952,
    0.6609547123623011,
    0.6988984088127295,
    0.6811505507955936
  ],
  "epoch_times_sec": [
    8.226137161254883,
    5.999381065368652,
    6.210556983947754,
    6.098570346832275,
    6.279619932174683,
    6.243177652359009,
    6.202020168304443,
    6.149971961975098,
    6.23772668838501,
    6.073867321014404,
    6.214617729187012,
    6.205792427062988,
    6.265870571136475,
    6.105846166610718,
    6.2256178855896,
    6.212243556976318,
    6.13460636138916,
    6.348877191543579,
    6.236135721206665,
    6.2411816120147705,
    6.22854208946228,
    6.215618848800659,
    6.273859024047852,
    6.291953086853027,
    6.405364036560059,
    6.349881410598755,
    6.252181768417358,
    6.250828742980957
  ],
  "total_train_sec": 176.90455508232117,
  "early_stop": {
    "enabled": true,
    "monitor": "val_loss",
    "best_epoch": 17,
    "best_value": 0.8477603288797232
  }
}