{
  "run_name": "fold_3",
  "train_losses": [
    1.7171595867942362,
    1.4598075011197258,
    1.3350772951163499,
    1.2985636252982944,
    1.203943062062357,
    1.1288751726057016,
    1.0972115081899307,
    1.0357386890579672,
    1.0551492548456378,
    0.9926950288753883,
    0.9096578990711885,
    0.8545625583798278,
    0.7897333456020729,
    0.7612286093188267,
    0.7976907439091626,
    0.8511419056677351,
    0.7464960129822001,
    0.6467901626053978,
    0.5892539076945361,
    0.676462182227303,
    0.6010955151389626,
    0.48066485687798144,
    0.5118913936848734,
    0.49934384168363083
  ],
  "val_losses": [
    1.53411969771752,
    1.2505790453690748,
    1.2337616819601793,
    1.3989271384019117,
    1.2015795157505915,
    1.106882590513963,
    1.2829162249198327,
    1.6870964948947613,
    1.0135015157552867,
    0.9991215467453003,
    1.120612071110652,
    0.9087176598035372,
    0.9394644315426166,
    0.8169983166914719,
    1.1856041825734651,
    1.5053930145043593,
    1.024837232553042,
    1.122585851412553,
    1.1258683938246508,
    0.9936902247942411,
    1.0889787353002107,
    1.4255965902255132,
    1.0878500571617713,
    1.2988691100707421
  ],
  "val_accs": [
    0.16840171463563994,
    0.5254133496631965,
    0.5180649112063687,
    0.3337415799142682,
    0.5382731169626455,
    0.49785670545009186,
    0.6074709124311084,
    0.5731781996325781,
    0.647887323943662,
    0.6748315982853643,
    0.5229638701775873,
    0.6582976117575016,
    0.6166564605021433,
    0.6319657072872015,
    0.5946111451316595,
    0.5143906919779547,
    0.6282914880587875,
    0.6821800367421923,
    0.6766687078995713,
    0.6932026944274342,
    0.6564605021432945,
    0.6436007348438457,
    0.6821800367421923,
    0.6154317207593386
  ],
  "epoch_times_sec": [
    8.734288930892944,
    6.102966547012329,
    6.001457452774048,
    5.974556922912598,
    6.120683670043945,
    5.992716312408447,
    6.082987308502197,
    5.958031177520752,
    6.010015249252319,
    6.183085918426514,
    6.265984773635864,
    6.070970773696899,
    6.181468963623047,
    6.04880166053772,
    6.024544954299927,
    6.069914102554321,
    6.119859933853149,
    6.002594709396362,
    6.024411201477051,
    6.00491738319397,
    6.264465570449829,
    6.144373655319214,
    6.056380748748779,
    6.057307720184326
  ],
  "total_train_sec": 149.18766856193542,
  "early_stop": {
    "enabled": true,
    "monitor": "val_loss",
    "best_epoch": 13,
    "best_value": 0.8169983166914719
  }
}