{
  "run_name": "fold_1",
  "train_losses": [
    1.6470858185899024,
    1.538957913716634,
    1.3615580060902763,
    1.2308258133776047,
    1.2451684708688773,
    1.1159129434940862,
    1.147716148226869,
    1.0405354943929934,
    0.9731540586434159,
    0.9255184262406593,
    0.8579548509681926,
    0.8820437958427504,
    0.7798787285299862,
    0.7372658223498101,
    0.8003575562262067,
    0.7132543442296047,
    0.669821513634102,
    0.6078325720394359,
    0.5995332709714478,
    0.6055390016705382,
    0.6305430280227288,
    0.5091770899062064,
    0.5167218955124125
  ],
  "val_losses": [
    6.544599890708923,
    1.4724899438711314,
    1.2350462950192964,
    1.0505626018230731,
    1.3781999441293569,
    1.4603054706866925,
    1.1889092647112334,
    1.0238956671494703,
    1.0473593519284174,
    0.9672254507358258,
    1.1247528149531438,
    1.2201118194139922,
    0.8979562200032748,
    1.3065276512732873,
    1.147997979934399,
    1.1719400928570674,
    1.6763458297802851,
    1.4869196644196143,
    1.2713005130107586,
    1.0063781188084528,
    1.5901309114236097,
    1.5997883127285883,
    1.1868704832517183
  ],
  "val_accs": [
    0.6472749540722597,
    0.5793018983466014,
    0.58420085731782,
    0.6099203919167177,
    0.3306797305572566,
    0.5419473361910594,
    0.5039804041641152,
    0.6619718309859155,
    0.6221677893447642,
    0.6331904470300062,
    0.6932026944274342,
    0.6962645437844458,
    0.5658297611757501,
    0.46417636252296385,
    0.7281077770973668,
    0.6411512553582364,
    0.647887323943662,
    0.5890998162890386,
    0.670545009185548,
    0.6595223515003061,
    0.612369871402327,
    0.7103490508266993,
    0.6380894060012248
  ],
  "epoch_times_sec": [
    8.72109842300415,
    6.01583456993103,
    5.9024658203125,
    5.922743320465088,
    6.051771879196167,
    5.940672159194946,
    6.03728175163269,
    5.988703727722168,
    6.279773473739624,
    5.910741329193115,
    6.047798156738281,
    6.046355962753296,
    6.0077855587005615,
    6.03667426109314,
    6.2066144943237305,
    6.092861890792847,
    6.037306070327759,
    6.207472562789917,
    6.005054235458374,
    6.054165363311768,
    6.0318052768707275,
    6.00912070274353,
    5.883460521697998
  ],
  "total_train_sec": 142.05783367156982,
  "early_stop": {
    "enabled": true,
    "monitor": "val_loss",
    "best_epoch": 12,
    "best_value": 0.8979562200032748
  }
}