{
  "data_flag": "dermamnist-e",
  "num_classes": 7,
  "class_names": [
    "actinic keratoses and intraepithelial carcinoma",
    "basal cell carcinoma",
    "benign keratosis-like lesions",
    "dermatofibroma",
    "melanoma",
    "melanocytic nevi",
    "vascular lesions"
  ],
  "is_ensemble": false,
  "metrics": {
    "accuracy": 0.6796823295830576,
    "balanced_accuracy": 0.5750652679997926,
    "auc": 0.9207573397219176
  },
  "confusion_matrix": [
    [
      20,
      7,
      10,
      1,
      5,
      0,
      0
    ],
    [
      8,
      50,
      12,
      2,
      12,
      8,
      1
    ],
    [
      3,
      10,
      117,
      4,
      53,
      29,
      1
    ],
    [
      3,
      2,
      4,
      23,
      2,
      10,
      0
    ],
    [
      2,
      3,
      25,
      8,
      102,
      27,
      4
    ],
    [
      3,
      12,
      43,
      6,
      143,
      694,
      7
    ],
    [
      0,
      7,
      0,
      0,
      3,
      4,
      21
    ]
  ],
  "counts": {
    "n_samples": 1511
  },
  "timing": {
    "eval_wall_sec": 1.342956781387329,
    "throughput_img_per_s": 1125.1292825961796,
    "latency_ms_per_img": 0.888786751414513
  }
}