{
  "data_flag": "dermamnist-e",
  "num_classes": 7,
  "class_names": [
    "actinic keratoses and intraepithelial carcinoma",
    "basal cell carcinoma",
    "benign keratosis-like lesions",
    "dermatofibroma",
    "melanoma",
    "melanocytic nevi",
    "vascular lesions"
  ],
  "is_ensemble": false,
  "metrics": {
    "accuracy": 0.5982792852415619,
    "balanced_accuracy": 0.6149532700577868,
    "auc": 0.9063969718642727
  },
  "confusion_matrix": [
    [
      21,
      5,
      9,
      3,
      4,
      1,
      0
    ],
    [
      10,
      64,
      5,
      6,
      0,
      6,
      2
    ],
    [
      18,
      18,
      140,
      9,
      21,
      8,
      3
    ],
    [
      1,
      2,
      5,
      31,
      1,
      3,
      1
    ],
    [
      12,
      7,
      45,
      5,
      97,
      3,
      2
    ],
    [
      10,
      19,
      111,
      10,
      210,
      529,
      19
    ],
    [
      0,
      8,
      0,
      1,
      1,
      3,
      22
    ]
  ],
  "counts": {
    "n_samples": 1511
  },
  "timing": {
    "eval_wall_sec": 0.7511992454528809,
    "throughput_img_per_s": 2011.4503697205562,
    "latency_ms_per_img": 0.4971537031455201
  }
}