{
  "data_flag": "dermamnist-e",
  "num_classes": 7,
  "class_names": [
    "actinic keratoses and intraepithelial carcinoma",
    "basal cell carcinoma",
    "benign keratosis-like lesions",
    "dermatofibroma",
    "melanoma",
    "melanocytic nevi",
    "vascular lesions"
  ],
  "is_ensemble": false,
  "metrics": {
    "accuracy": 0.5943084050297816,
    "balanced_accuracy": 0.5835489221847003,
    "auc": 0.9066207939280131
  },
  "confusion_matrix": [
    [
      31,
      7,
      1,
      0,
      3,
      1,
      0
    ],
    [
      27,
      49,
      8,
      0,
      3,
      2,
      4
    ],
    [
      51,
      14,
      91,
      0,
      46,
      14,
      1
    ],
    [
      6,
      7,
      2,
      24,
      1,
      3,
      1
    ],
    [
      32,
      4,
      17,
      0,
      104,
      12,
      2
    ],
    [
      32,
      24,
      68,
      1,
      195,
      577,
      11
    ],
    [
      0,
      10,
      0,
      0,
      0,
      3,
      22
    ]
  ],
  "counts": {
    "n_samples": 1511
  },
  "timing": {
    "eval_wall_sec": 0.7070987224578857,
    "throughput_img_per_s": 2136.9010465013166,
    "latency_ms_per_img": 0.4679673874638556
  }
}