{
  "data_flag": "dermamnist-e",
  "num_classes": 7,
  "class_names": [
    "actinic keratoses and intraepithelial carcinoma",
    "basal cell carcinoma",
    "benign keratosis-like lesions",
    "dermatofibroma",
    "melanoma",
    "melanocytic nevi",
    "vascular lesions"
  ],
  "is_ensemble": true,
  "metrics": {
    "accuracy": 0.6598279285241562,
    "balanced_accuracy": 0.6594743853619659,
    "auc": 0.9283041246301212
  },
  "confusion_matrix": [
    [
      26,
      7,
      6,
      1,
      3,
      0,
      0
    ],
    [
      12,
      65,
      5,
      0,
      5,
      3,
      3
    ],
    [
      20,
      18,
      114,
      2,
      48,
      14,
      1
    ],
    [
      1,
      4,
      1,
      32,
      1,
      4,
      1
    ],
    [
      18,
      7,
      22,
      1,
      113,
      8,
      2
    ],
    [
      8,
      18,
      58,
      5,
      184,
      622,
      13
    ],
    [
      0,
      7,
      0,
      1,
      0,
      2,
      25
    ]
  ],
  "counts": {
    "n_samples": 1511
  },
  "timing": {
    "eval_wall_sec": 1.683332920074463,
    "throughput_img_per_s": 897.6239827432117,
    "latency_ms_per_img": 1.1140522303603329
  }
}