{
  "run_name": "fold_0",
  "train_losses": [
    1.4444447836278707,
    0.9620225380232592,
    0.6938474813662978,
    0.4759955538281974,
    0.2855916505114808,
    0.16727351295822449,
    0.09196393651698094,
    0.05865380962147082,
    0.0403484128854538,
    0.06311035881831317,
    0.07596229720850545,
    0.09969020020064087,
    0.3427798023365272,
    0.2765040994853281,
    0.10138204708910528
  ],
  "val_losses": [
    1.2227037808452492,
    0.9820767784732366,
    1.0928077701473384,
    0.9688152804761521,
    0.9094243515021343,
    1.222053807164875,
    1.303456414769899,
    1.3672327096012817,
    1.3042431533882939,
    1.4670474803606963,
    1.533261070850301,
    1.3279001059449407,
    1.059823411373006,
    1.1279163342114544,
    1.1879040788388382
  ],
  "val_accs": [
    0.5132605304212169,
    0.6661466458658346,
    0.592823712948518,
    0.7355694227769111,
    0.7152886115444618,
    0.734789391575663,
    0.7878315132605305,
    0.7784711388455539,
    0.6934477379095164,
    0.7769110764430577,
    0.6926677067082684,
    0.7706708268330733,
    0.766770670826833,
    0.6989079563182528,
    0.7753510140405616
  ],
  "epoch_times_sec": [
    43.80129933357239,
    41.99453091621399,
    42.36987233161926,
    42.41560173034668,
    42.51754689216614,
    42.09165334701538,
    42.232449769973755,
    42.23810529708862,
    42.260643005371094,
    42.131797313690186,
    41.99736976623535,
    42.18186712265015,
    42.13947558403015,
    42.356388092041016,
    42.26846790313721
  ],
  "early_stop": {
    "enabled": true,
    "monitor": "val_loss",
    "best_epoch": 4,
    "best_value": 0.9094243515021343
  }
}