{
  "run_name": "fold_1",
  "train_losses": [
    1.4342751609037223,
    0.8988207572612547,
    0.6177458143587742,
    0.39857660993858096,
    0.24497714956151848,
    0.16998770457434087,
    0.3482961408151484,
    0.18815006755824393,
    0.10390010328437962,
    0.07399911448865304,
    0.06836161644162027,
    0.05362024048646353,
    0.03238953297090772
  ],
  "val_losses": [
    0.9574631353064372,
    0.8854672190226185,
    0.7752015253125041,
    0.7787051832713129,
    0.9697413949438265,
    1.1137127943464822,
    0.8515301009236186,
    0.8421662057431737,
    0.8919236921093626,
    1.1054736469434967,
    1.13144025183755,
    1.1890517326345007,
    0.9749469873720603
  ],
  "val_accs": [
    0.6770670826833073,
    0.6794071762870515,
    0.6770670826833073,
    0.7792511700468019,
    0.7457098283931357,
    0.7542901716068643,
    0.6950078003120125,
    0.7769110764430577,
    0.8221528861154446,
    0.7730109204368175,
    0.7870514820592823,
    0.8065522620904836,
    0.8088923556942278
  ],
  "epoch_times_sec": [
    43.64733934402466,
    42.13542032241821,
    42.350374698638916,
    42.351404905319214,
    42.26606249809265,
    42.22335195541382,
    42.20014715194702,
    42.09784483909607,
    42.37256717681885,
    42.34844374656677,
    42.22551703453064,
    42.13495445251465,
    42.11364674568176
  ],
  "early_stop": {
    "enabled": true,
    "monitor": "val_loss",
    "best_epoch": 2,
    "best_value": 0.7752015253125041
  }
}