{
  "run_name": "fold_2",
  "train_losses": [
    1.4657878987360318,
    0.9027608937692512,
    0.5859125080026782,
    0.39965950024114005,
    0.23636208983356954,
    0.15284891943423673,
    0.10549602627614676,
    0.17482912703226472,
    0.16505718975387138,
    0.07964898039482554,
    0.025377235594458102,
    0.01420727257053228
  ],
  "val_losses": [
    1.029793587750094,
    0.800059027679253,
    0.8107835794573827,
    0.815900415414581,
    0.8505832368795659,
    0.875314241870889,
    1.0806047738109847,
    1.0898870339445688,
    1.1162096602310443,
    1.0281453182842355,
    1.2739331279641566,
    1.1575324370782945
  ],
  "val_accs": [
    0.5795631825273011,
    0.6755070202808112,
    0.733229329173167,
    0.7121684867394695,
    0.734009360374415,
    0.7542901716068643,
    0.8065522620904836,
    0.6996879875195008,
    0.8120124804992199,
    0.8182527301092044,
    0.8057722308892356,
    0.8205928237129485
  ],
  "epoch_times_sec": [
    44.17503356933594,
    42.06597447395325,
    42.02727913856506,
    42.114497900009155,
    42.15822219848633,
    42.212236166000366,
    42.100220680236816,
    42.35239553451538,
    41.85858631134033,
    41.88589644432068,
    42.10730171203613,
    42.24148511886597
  ],
  "early_stop": {
    "enabled": true,
    "monitor": "val_loss",
    "best_epoch": 1,
    "best_value": 0.800059027679253
  }
}