{
  "data_flag": "dermamnist",
  "num_classes": 7,
  "class_names": [
    "actinic keratoses and intraepithelial carcinoma",
    "basal cell carcinoma",
    "benign keratosis-like lesions",
    "dermatofibroma",
    "melanoma",
    "melanocytic nevi",
    "vascular lesions"
  ],
  "is_ensemble": false,
  "metrics": {
    "accuracy": 0.6748129675810474,
    "balanced_accuracy": 0.691640914298939,
    "auc": 0.9446916763274444
  },
  "confusion_matrix": [
    [
      54,
      4,
      2,
      2,
      3,
      0,
      1
    ],
    [
      23,
      61,
      2,
      4,
      3,
      2,
      8
    ],
    [
      43,
      10,
      93,
      4,
      50,
      20,
      0
    ],
    [
      2,
      1,
      0,
      13,
      3,
      4,
      0
    ],
    [
      14,
      2,
      15,
      2,
      166,
      16,
      8
    ],
    [
      15,
      19,
      55,
      12,
      288,
      937,
      15
    ],
    [
      0,
      0,
      0,
      0,
      0,
      0,
      29
    ]
  ],
  "counts": {
    "n_samples": 2005
  },
  "timing": {
    "eval_wall_sec": 5.062648057937622,
    "throughput_img_per_s": 396.03780018964613,
    "latency_ms_per_img": 2.5250115002182656
  }
}