{
  "data_flag": "dermamnist",
  "num_classes": 7,
  "class_names": [
    "actinic keratoses and intraepithelial carcinoma",
    "basal cell carcinoma",
    "benign keratosis-like lesions",
    "dermatofibroma",
    "melanoma",
    "melanocytic nevi",
    "vascular lesions"
  ],
  "is_ensemble": false,
  "metrics": {
    "accuracy": 0.7620947630922693,
    "balanced_accuracy": 0.7416618538286298,
    "auc": 0.9629683186224653
  },
  "confusion_matrix": [
    [
      50,
      7,
      7,
      1,
      1,
      0,
      0
    ],
    [
      7,
      79,
      9,
      1,
      3,
      3,
      1
    ],
    [
      12,
      5,
      174,
      0,
      23,
      6,
      0
    ],
    [
      3,
      1,
      3,
      10,
      2,
      3,
      1
    ],
    [
      8,
      3,
      32,
      2,
      158,
      17,
      3
    ],
    [
      6,
      25,
      114,
      0,
      165,
      1029,
      2
    ],
    [
      0,
      0,
      0,
      0,
      0,
      1,
      28
    ]
  ],
  "counts": {
    "n_samples": 2005
  },
  "timing": {
    "eval_wall_sec": 5.952307939529419,
    "throughput_img_per_s": 336.84413178369806,
    "latency_ms_per_img": 2.968732139416169
  }
}