{
  "run_name": "fold_3",
  "train_losses": [
    1.5301096364855766,
    1.1179882779717445,
    0.9036890670657158,
    0.8308063678443431,
    0.6338673666119575,
    0.560548360273242,
    0.540229145810008,
    0.5468339338898659,
    0.3472544189542532,
    0.29030082896351816,
    0.21727740541100501,
    0.19265348520129918,
    0.3447250947356224,
    0.33282387964427473,
    0.25533963944762944
  ],
  "val_losses": [
    3.3812672766772183,
    1.2411144321615046,
    1.0684008544141597,
    1.3782125264406204,
    0.9543966190381483,
    1.5316219275647944,
    1.489449593153867,
    1.0469976419752294,
    1.2932766025716609,
    1.2669951021671295,
    2.7165605371648613,
    1.648160690208897,
    2.2170121778141367,
    1.5740358558568088,
    1.9438616145740857
  ],
  "val_accs": [
    0.6541764246682279,
    0.48009367681498827,
    0.6572989851678376,
    0.2693208430913349,
    0.6088992974238876,
    0.585480093676815,
    0.5409836065573771,
    0.7236533957845434,
    0.6206088992974239,
    0.6510538641686182,
    0.624512099921936,
    0.6073380171740828,
    0.5284933645589384,
    0.6104605776736924,
    0.5550351288056206
  ],
  "epoch_times_sec": [
    6.734551191329956,
    4.80034613609314,
    4.496875524520874,
    4.697168588638306,
    4.678245782852173,
    4.7136571407318115,
    4.706353187561035,
    4.546487331390381,
    4.823457717895508,
    4.588544607162476,
    4.684417486190796,
    4.727418661117554,
    4.724785566329956,
    4.539354085922241,
    4.72136378288269
  ],
  "total_train_sec": 72.6136040687561,
  "early_stop": {
    "enabled": true,
    "monitor": "val_loss",
    "best_epoch": 4,
    "best_value": 0.9543966190381483
  }
}