{
  "run_name": "fold_2",
  "train_losses": [
    1.4159528374671937,
    1.091762626171112,
    0.8550220608711243,
    0.7154897466301918,
    0.5096236355602741,
    0.5490612104535103,
    0.7780301317572593,
    0.5110926613211632,
    0.3240772247314453,
    0.2353196270763874,
    0.19283940214663745,
    0.10211651511490345,
    0.1676975315436721
  ],
  "val_losses": [
    1.703926845030351,
    3.3333342292092065,
    1.1775597875768489,
    1.384978782046925,
    1.7188494693149219,
    1.7327485572208057,
    1.2178080623800105,
    1.7216306816447864,
    1.2059025222604924,
    1.7327409440820867,
    1.1991617327386683,
    1.3570674712007695,
    2.709778222170743
  ],
  "val_accs": [
    0.3408736349453978,
    0.15054602184087362,
    0.5109204368174727,
    0.44773790951638065,
    0.5772230889235569,
    0.5850234009360374,
    0.7379095163806553,
    0.5249609984399376,
    0.751170046801872,
    0.7098283931357254,
    0.7893915756630265,
    0.7519500780031201,
    0.5803432137285491
  ],
  "epoch_times_sec": [
    6.8119261264801025,
    4.56443190574646,
    4.608599901199341,
    4.57895827293396,
    4.481507062911987,
    4.556683301925659,
    4.820866584777832,
    4.624536752700806,
    4.77166485786438,
    4.592667579650879,
    4.683366775512695,
    4.680197238922119,
    4.609651803970337
  ],
  "total_train_sec": 62.74329090118408,
  "early_stop": {
    "enabled": true,
    "monitor": "val_loss",
    "best_epoch": 2,
    "best_value": 1.1775597875768489
  }
}