{
  "run_name": "fold_4",
  "train_losses": [
    1.467375086247921,
    1.143315775692463,
    1.016795739531517,
    0.822112001478672,
    0.7279261842370033,
    0.6548882782459259,
    0.5301606766879559,
    0.44204230308532716,
    0.4283419355750084,
    0.4241152308881283,
    0.4312151826918125,
    0.3287983424961567,
    0.2776181995868683,
    0.19259126856923103,
    0.13378552412614225,
    0.19730438850820065,
    0.496008556522429,
    0.6053317036479712,
    0.25338266268372533,
    0.1198394812643528,
    0.06218732325360179
  ],
  "val_losses": [
    4.2922210259871045,
    1.8636314218694514,
    1.000457645986568,
    1.1898621388457038,
    1.2464817970189457,
    1.2185430093244969,
    1.5733377246863463,
    1.515447972850366,
    1.0280219749953092,
    1.9842438047582092,
    0.927251692882485,
    1.4855285563125191,
    1.2460217638315292,
    1.5596220817530015,
    1.7074000401928928,
    2.374120678900826,
    1.8251193125139584,
    1.3409019756046208,
    1.1692199802981287,
    1.518957690758932,
    1.2925266406744578
  ],
  "val_accs": [
    0.4496487119437939,
    0.2419984387197502,
    0.5987509758001561,
    0.5128805620608899,
    0.667447306791569,
    0.6221701795472288,
    0.5940671350507416,
    0.5893832943013271,
    0.6978922716627635,
    0.6073380171740828,
    0.7244340359094458,
    0.6065573770491803,
    0.6354410616705699,
    0.697111631537861,
    0.726775956284153,
    0.5690866510538641,
    0.3590944574551132,
    0.5378610460577674,
    0.7017954722872756,
    0.6697892271662763,
    0.78064012490242
  ],
  "epoch_times_sec": [
    6.818576335906982,
    4.777651071548462,
    4.6832311153411865,
    4.612996578216553,
    4.706007242202759,
    4.592738628387451,
    4.839611053466797,
    4.747310638427734,
    4.810479402542114,
    4.743741750717163,
    4.63202428817749,
    4.725358247756958,
    4.680609226226807,
    4.779188394546509,
    4.706227540969849,
    4.664567232131958,
    4.795124530792236,
    4.580458879470825,
    4.803300380706787,
    4.769987106323242,
    4.658265590667725
  ],
  "total_train_sec": 101.64355516433716,
  "early_stop": {
    "enabled": true,
    "monitor": "val_loss",
    "best_epoch": 10,
    "best_value": 0.927251692882485
  }
}