{
  "run_name": "fold_1",
  "train_losses": [
    1.4071988999843597,
    1.022550106048584,
    0.8451759815216064,
    0.7212408117949962,
    0.6226501546800136,
    0.47421686723828316,
    0.5033627599477768,
    0.42368447631597517,
    0.3180044639855623,
    0.1920824158936739,
    0.13885250743478536,
    0.1209117203950882,
    0.07565442817285657,
    0.09765675719827413,
    0.20337734320200979,
    0.5918036878108979,
    0.32008317597210406,
    0.11636124681681395,
    0.04317570338025689
  ],
  "val_losses": [
    3.246569340879267,
    1.0485207004980608,
    1.3607946200804277,
    2.5499577590010385,
    1.5125642933628776,
    1.2300103523514487,
    1.1069695624438198,
    1.1128696650266647,
    0.7846601998264139,
    1.284663287076083,
    2.1930569301952016,
    1.102190659762445,
    1.1505181559954176,
    1.72001191702756,
    2.8445710052143443,
    1.6968910748308355,
    1.0373229736631566,
    1.0377474640580742,
    1.0680050260641358
  ],
  "val_accs": [
    0.671606864274571,
    0.44929797191887677,
    0.31513260530421217,
    0.7145085803432137,
    0.5585023400936038,
    0.5678627145085804,
    0.6770670826833073,
    0.6583463338533542,
    0.6614664586583463,
    0.6996879875195008,
    0.7207488299531981,
    0.7979719188767551,
    0.7371294851794071,
    0.7168486739469578,
    0.47425897035881437,
    0.3845553822152886,
    0.609204368174727,
    0.7574102964118564,
    0.8034321372854915
  ],
  "epoch_times_sec": [
    6.943239450454712,
    4.6531243324279785,
    4.675581932067871,
    4.651494741439819,
    4.635765314102173,
    4.563055515289307,
    4.596245527267456,
    4.502694368362427,
    4.598121643066406,
    4.550095796585083,
    4.705886363983154,
    4.5633392333984375,
    4.810987710952759,
    4.7419493198394775,
    4.5907957553863525,
    4.75011682510376,
    4.454862833023071,
    4.605127811431885,
    4.81583046913147
  ],
  "total_train_sec": 90.81143474578857,
  "early_stop": {
    "enabled": true,
    "monitor": "val_loss",
    "best_epoch": 8,
    "best_value": 0.7846601998264139
  }
}