{
  "run_name": "fold_0",
  "train_losses": [
    1.517505894601345,
    1.1278161719441413,
    0.9723260909318924,
    0.8570163771510124,
    0.6906566448509693,
    0.525304576009512,
    0.5780147060751915,
    0.4354331519454718,
    0.4300028458237648,
    0.34443729370832443,
    0.24655706807971,
    0.17153856251388788,
    0.12379110846668481
  ],
  "val_losses": [
    1.48541868139397,
    1.5647479404102673,
    1.1629266359589316,
    1.7231776944615624,
    1.357555866241455,
    1.8176134417510845,
    1.3794157789512114,
    1.7950993667949329,
    1.3922020081769337,
    1.3084288653494283,
    1.379981129557233,
    2.0558935457163234,
    1.3328777280720798
  ],
  "val_accs": [
    0.5070202808112324,
    0.4984399375975039,
    0.6138845553822153,
    0.5413416536661466,
    0.5,
    0.6427457098283932,
    0.5475819032761311,
    0.5039001560062403,
    0.6599063962558502,
    0.7418096723868954,
    0.702808112324493,
    0.7152886115444618,
    0.6583463338533542
  ],
  "epoch_times_sec": [
    7.260990142822266,
    4.740191698074341,
    4.706512451171875,
    4.779795408248901,
    4.698130369186401,
    4.860243558883667,
    4.710290193557739,
    4.769030570983887,
    4.677597999572754,
    4.670923948287964,
    4.7711052894592285,
    4.616129636764526,
    4.657520294189453
  ],
  "total_train_sec": 64.2571496963501,
  "early_stop": {
    "enabled": true,
    "monitor": "val_loss",
    "best_epoch": 2,
    "best_value": 1.1629266359589316
  }
}