{
  "data_flag": "dermamnist",
  "num_classes": 7,
  "class_names": [
    "actinic keratoses and intraepithelial carcinoma",
    "basal cell carcinoma",
    "benign keratosis-like lesions",
    "dermatofibroma",
    "melanoma",
    "melanocytic nevi",
    "vascular lesions"
  ],
  "is_ensemble": false,
  "metrics": {
    "accuracy": 0.6538653366583541,
    "balanced_accuracy": 0.6176148881619872,
    "auc": 0.9087878010759549
  },
  "confusion_matrix": [
    [
      29,
      21,
      6,
      3,
      1,
      5,
      1
    ],
    [
      3,
      70,
      2,
      5,
      1,
      2,
      20
    ],
    [
      9,
      10,
      136,
      3,
      30,
      20,
      12
    ],
    [
      1,
      4,
      3,
      8,
      1,
      5,
      1
    ],
    [
      21,
      3,
      26,
      0,
      133,
      29,
      11
    ],
    [
      10,
      27,
      112,
      18,
      239,
      907,
      28
    ],
    [
      0,
      0,
      0,
      0,
      0,
      1,
      28
    ]
  ],
  "counts": {
    "n_samples": 2005
  },
  "timing": {
    "eval_wall_sec": 1.56276273727417,
    "throughput_img_per_s": 1282.9842638155021,
    "latency_ms_per_img": 0.7794327866704089
  }
}