{
  "data_flag": "dermamnist",
  "num_classes": 7,
  "class_names": [
    "actinic keratoses and intraepithelial carcinoma",
    "basal cell carcinoma",
    "benign keratosis-like lesions",
    "dermatofibroma",
    "melanoma",
    "melanocytic nevi",
    "vascular lesions"
  ],
  "is_ensemble": false,
  "metrics": {
    "accuracy": 0.7172069825436409,
    "balanced_accuracy": 0.6500156463225535,
    "auc": 0.9301310010545617
  },
  "confusion_matrix": [
    [
      41,
      8,
      8,
      6,
      2,
      1,
      0
    ],
    [
      19,
      68,
      3,
      6,
      2,
      5,
      0
    ],
    [
      25,
      29,
      133,
      7,
      7,
      19,
      0
    ],
    [
      2,
      2,
      0,
      15,
      1,
      3,
      0
    ],
    [
      7,
      12,
      42,
      1,
      77,
      84,
      0
    ],
    [
      32,
      47,
      84,
      38,
      56,
      1079,
      5
    ],
    [
      0,
      1,
      1,
      1,
      0,
      1,
      25
    ]
  ],
  "counts": {
    "n_samples": 2005
  },
  "timing": {
    "eval_wall_sec": 0.863070011138916,
    "throughput_img_per_s": 2323.1023834951484,
    "latency_ms_per_img": 0.4304588584233995
  }
}