{
  "run_name": "fold_1",
  "train_losses": [
    0.08359500113874674,
    0.03507009166507767,
    0.016130125262022305,
    0.008037397264091011,
    0.006445047761259887,
    0.014071531710214913,
    0.021742682724904556,
    0.014053099090233445,
    0.007834795094542922,
    0.0029113922568145567,
    0.0010374935770344634,
    0.0002911964775893676,
    0.00024675271281291946,
    0.00012636522198870528,
    9.583555919771943e-05,
    7.156623206146133e-05,
    6.926352391299308e-05,
    4.19954835356643e-05,
    4.134076110718664e-05,
    3.2536177059228066e-05,
    3.653325627685543e-05,
    5.249023545799831e-05,
    5.561906566351983e-05,
    3.1698391782041515e-05,
    2.3466074183558634e-05,
    2.3228359588336807e-05
  ],
  "val_losses": [
    0.08656387031078339,
    0.04512227246803897,
    0.24244106028761184,
    0.0647864445511784,
    0.08887797327978271,
    0.20530199046645844,
    0.41704750061035156,
    0.03340887012226241,
    0.1136314927467278,
    0.045949548349848816,
    0.03176348829375846,
    0.02950220723037741,
    0.028743979255003587,
    0.029817440014864718,
    0.031715049574683817,
    0.02842216193675995,
    0.0323149800034506,
    0.029006636535216655,
    0.029337437540691878,
    0.02989729691762477,
    0.031495718218918355,
    0.03250826063698956,
    0.031409457325935364,
    0.030996983205633506,
    0.029401008372328112,
    0.030652435762541636
  ],
  "val_accs": [
    0.9163679808841099,
    0.970131421744325,
    0.9259259259259259,
    0.948626045400239,
    0.9330943847072879,
    0.946236559139785,
    0.7956989247311828,
    0.983273596176822,
    0.961768219832736,
    0.983273596176822,
    0.989247311827957,
    0.9904420549581839,
    0.9904420549581839,
    0.989247311827957,
    0.989247311827957,
    0.9904420549581839,
    0.98805256869773,
    0.989247311827957,
    0.989247311827957,
    0.989247311827957,
    0.989247311827957,
    0.989247311827957,
    0.9904420549581839,
    0.9904420549581839,
    0.9904420549581839,
    0.9904420549581839
  ],
  "epoch_times_sec": [
    4.889697313308716,
    3.220160961151123,
    3.1112146377563477,
    3.1216282844543457,
    3.0689914226531982,
    3.2110679149627686,
    3.3359315395355225,
    3.3058290481567383,
    3.176353693008423,
    3.3001596927642822,
    3.3559677600860596,
    3.1620094776153564,
    3.301571846008301,
    3.212787389755249,
    3.4168541431427,
    3.211190938949585,
    3.2076218128204346,
    3.2341361045837402,
    3.2077419757843018,
    3.3357510566711426,
    3.154662847518921,
    3.2709476947784424,
    3.225982189178467,
    3.3556838035583496,
    3.2273223400115967,
    3.397512674331665
  ],
  "total_train_sec": 86.89553260803223,
  "early_stop": {
    "enabled": true,
    "monitor": "val_loss",
    "best_epoch": 15,
    "best_value": 0.02842216193675995
  }
}