{
  "run_name": "fold_2",
  "train_losses": [
    0.0805026448976535,
    0.02152368214984353,
    0.010206203853998046,
    0.003350078002907909,
    0.004811971401347994,
    0.0050990968207210805,
    0.01577217790271299,
    0.009155346622439818,
    0.002064818752562412,
    0.0017539621605045306,
    0.002999460722024266,
    0.006657339189237414,
    0.024890699065648593,
    0.018349090286602195,
    0.00514242365226472,
    0.0020340970368124545,
    0.0010167205255129375,
    0.0004513625835198372,
    0.00024897106602740957
  ],
  "val_losses": [
    0.3873989135026932,
    0.09610047510692052,
    0.04481809479849679,
    0.05707119085959026,
    0.053573837503790855,
    0.10639401844569615,
    0.07245087197848729,
    0.07646960232939039,
    0.032923078297504356,
    0.20951555030686514,
    0.08635395924959864,
    0.07796563314540046,
    0.8195613878113883,
    0.27463511909757343,
    0.13574098263468062,
    0.05198743300778525,
    0.05202397012284824,
    0.06029842261757169,
    0.04971186750169311
  ],
  "val_accs": [
    0.8482676224611708,
    0.9247311827956989,
    0.974910394265233,
    0.9605734767025089,
    0.983273596176822,
    0.956989247311828,
    0.972520908004779,
    0.972520908004779,
    0.980884109916368,
    0.951015531660693,
    0.967741935483871,
    0.9605734767025089,
    0.8195937873357229,
    0.9342891278375149,
    0.953405017921147,
    0.980884109916368,
    0.9713261648745519,
    0.982078853046595,
    0.982078853046595
  ],
  "epoch_times_sec": [
    4.7005908489227295,
    3.172499656677246,
    3.2282114028930664,
    3.461503267288208,
    3.133039712905884,
    3.310096263885498,
    3.256662607192993,
    3.31620717048645,
    3.2566158771514893,
    3.278597593307495,
    3.2498838901519775,
    3.2501165866851807,
    3.327759265899658,
    3.172020673751831,
    3.121079206466675,
    3.082481861114502,
    3.2221765518188477,
    3.4370031356811523,
    3.3432133197784424
  ],
  "total_train_sec": 63.98416352272034,
  "early_stop": {
    "enabled": true,
    "monitor": "val_loss",
    "best_epoch": 8,
    "best_value": 0.032923078297504356
  }
}