{
  "run_name": "fold_0",
  "train_losses": [
    0.08241348491551784,
    0.019471424739234723,
    0.01305630392072579,
    0.004904410528699652,
    0.009198796099204069,
    0.006882127799774305,
    0.00921083821538979,
    0.004568071256821545,
    0.0012203971793776592,
    0.0003715316502516194,
    0.00012179849279793695,
    9.92671188424328e-05,
    9.581210994068757e-05,
    3.382586114989513e-05,
    4.576023537503296e-05,
    3.675165407912573e-05,
    2.6126421779246393e-05,
    2.384685012657428e-05,
    2.8352701694809814e-05,
    2.201762551451863e-05
  ],
  "val_losses": [
    0.0503545914377485,
    0.06127178615757397,
    0.06265026996178287,
    0.07927596888371877,
    0.038635533303022385,
    0.15536586195230484,
    0.09184653365186282,
    0.03588560038977968,
    0.07225553717996393,
    0.0248133119312115,
    0.037676717495612265,
    0.026538432209885547,
    0.031742809481719245,
    0.031032027102940316,
    0.034404208043789755,
    0.03495962966033923,
    0.036802936993938475,
    0.03324305113138897,
    0.03442815542803146,
    0.034124297863205096
  ],
  "val_accs": [
    0.9605734767025089,
    0.974910394265233,
    0.951015531660693,
    0.9689366786140979,
    0.967741935483871,
    0.9498207885304659,
    0.9474313022700119,
    0.983273596176822,
    0.97610513739546,
    0.986857825567503,
    0.986857825567503,
    0.989247311827957,
    0.989247311827957,
    0.989247311827957,
    0.98805256869773,
    0.98805256869773,
    0.986857825567503,
    0.989247311827957,
    0.98805256869773,
    0.989247311827957
  ],
  "epoch_times_sec": [
    5.870919466018677,
    3.119096279144287,
    3.1055517196655273,
    3.1811578273773193,
    3.223590850830078,
    3.2614586353302,
    3.1656510829925537,
    3.2465014457702637,
    3.1785240173339844,
    3.3596508502960205,
    3.3249917030334473,
    3.3387017250061035,
    3.343027353286743,
    3.287388324737549,
    3.3108584880828857,
    3.366323947906494,
    3.199021577835083,
    3.3722145557403564,
    3.210218667984009,
    3.2033028602600098
  ],
  "total_train_sec": 68.1958224773407,
  "early_stop": {
    "enabled": true,
    "monitor": "val_loss",
    "best_epoch": 9,
    "best_value": 0.0248133119312115
  }
}