{
  "run_name": "fold_3",
  "train_losses": [
    0.10066151117476133,
    0.025381202379671428,
    0.0151905849790917,
    0.005049096937559975,
    0.0036071788658423778,
    0.007032706588058948,
    0.00545864028950186,
    0.003142728476422445,
    0.0019237643629402067,
    0.002691700484809609,
    0.0032406777385264062,
    0.008873856548654238,
    0.027161978292637147,
    0.01648155867587775,
    0.010610635978921961,
    0.004406569053221924
  ],
  "val_losses": [
    0.04996937460133007,
    0.09860478501234736,
    0.029794176508273398,
    0.12102982082537242,
    0.07821914926171303,
    0.026270746120384762,
    0.027490725740790367,
    0.115728888128485,
    0.03577085943626506,
    0.06566927196191889,
    0.04611707066318819,
    4.061284133366176,
    0.13007350053106034,
    0.04856330515550716,
    0.06656828629119056,
    0.03094017898131694
  ],
  "val_accs": [
    0.959378733572282,
    0.9629629629629629,
    0.9796893667861409,
    0.959378733572282,
    0.945041816009558,
    0.984468339307049,
    0.983273596176822,
    0.9581839904420549,
    0.974910394265233,
    0.970131421744325,
    0.977299880525687,
    0.3010752688172043,
    0.9091995221027479,
    0.9713261648745519,
    0.965352449223417,
    0.980884109916368
  ],
  "epoch_times_sec": [
    4.7137980461120605,
    3.2840774059295654,
    3.21159291267395,
    3.2480757236480713,
    3.278316020965576,
    3.3351047039031982,
    3.1968469619750977,
    3.291978120803833,
    3.2812936305999756,
    3.375502824783325,
    3.209937334060669,
    3.37121844291687,
    3.3030881881713867,
    3.3312933444976807,
    3.332132339477539,
    3.258763074874878
  ],
  "total_train_sec": 54.62761831283569,
  "early_stop": {
    "enabled": true,
    "monitor": "val_loss",
    "best_epoch": 5,
    "best_value": 0.026270746120384762
  }
}