{
  "run_name": "fold_4",
  "train_losses": [
    0.0767107532144739,
    0.02170416830967252,
    0.01698056884253254,
    0.012557684067780009,
    0.004600246817482492,
    0.003254758102299932,
    0.003961368988921794,
    0.007559107755346654,
    0.007710247678915039,
    0.0061381748315537926,
    0.005719130337148761,
    0.003624458835894564,
    0.0012794842794112181,
    0.002814130642386422
  ],
  "val_losses": [
    0.05068681016564369,
    0.02302502202136176,
    0.1169210895895958,
    0.018341817194595933,
    0.03966302677456822,
    0.03084422754389899,
    0.09513684468609947,
    0.11371190260563578,
    0.043909595747079165,
    0.10238640542541232,
    0.05707890327487673,
    0.08054962381720543,
    0.06554497618760381,
    0.08445437478699855
  ],
  "val_accs": [
    0.973715651135006,
    0.982078853046595,
    0.9068100358422939,
    0.9904420549581839,
    0.966547192353644,
    0.97610513739546,
    0.931899641577061,
    0.9629629629629629,
    0.9713261648745519,
    0.9689366786140979,
    0.983273596176822,
    0.977299880525687,
    0.955794504181601,
    0.980884109916368
  ],
  "epoch_times_sec": [
    4.837218284606934,
    3.3024215698242188,
    3.3798887729644775,
    3.235093116760254,
    3.297865152359009,
    3.3038017749786377,
    3.137603759765625,
    3.210458993911743,
    3.220231294631958,
    3.226449489593506,
    3.1920063495635986,
    3.1113600730895996,
    3.222975015640259,
    3.165696382522583
  ],
  "total_train_sec": 47.41534948348999,
  "early_stop": {
    "enabled": true,
    "monitor": "val_loss",
    "best_epoch": 3,
    "best_value": 0.018341817194595933
  }
}