{
  "data_flag": "pneumoniamnist",
  "num_classes": 2,
  "class_names": [
    "normal",
    "pneumonia"
  ],
  "is_ensemble": false,
  "metrics": {
    "accuracy": 0.9166666666666666,
    "balanced_accuracy": 0.8897435897435897,
    "auc": 0.9914968222660531
  },
  "confusion_matrix": [
    [
      183,
      51
    ],
    [
      1,
      389
    ]
  ],
  "counts": {
    "n_samples": 624
  },
  "timing": {
    "eval_wall_sec": 0.42695164680480957,
    "throughput_img_per_s": 1461.523815799393,
    "latency_ms_per_img": 0.6842173827000153
  }
}