{
  "data_flag": "pneumoniamnist",
  "num_classes": 2,
  "class_names": [
    "normal",
    "pneumonia"
  ],
  "is_ensemble": true,
  "metrics": {
    "accuracy": 0.9118589743589743,
    "balanced_accuracy": 0.8824786324786325,
    "auc": 0.9905982905982906
  },
  "confusion_matrix": [
    [
      179,
      55
    ],
    [
      0,
      390
    ]
  ],
  "counts": {
    "n_samples": 624
  },
  "timing": {
    "eval_wall_sec": 0.824059009552002,
    "throughput_img_per_s": 757.2273256732383,
    "latency_ms_per_img": 1.3206073871025672
  }
}