{
  "data_flag": "pneumoniamnist",
  "num_classes": 2,
  "class_names": [
    "normal",
    "pneumonia"
  ],
  "is_ensemble": false,
  "metrics": {
    "accuracy": 0.9134615384615384,
    "balanced_accuracy": 0.8846153846153846,
    "auc": 0.988231426692965
  },
  "confusion_matrix": [
    [
      180,
      54
    ],
    [
      0,
      390
    ]
  ],
  "counts": {
    "n_samples": 624
  },
  "timing": {
    "eval_wall_sec": 1.0735507011413574,
    "throughput_img_per_s": 581.248747112351,
    "latency_ms_per_img": 1.7204338159316626
  }
}