{
  "data_flag": "pneumoniamnist",
  "num_classes": 2,
  "class_names": [
    "normal",
    "pneumonia"
  ],
  "is_ensemble": false,
  "metrics": {
    "accuracy": 0.9086538461538461,
    "balanced_accuracy": 0.879059829059829,
    "auc": 0.9843852728468113
  },
  "confusion_matrix": [
    [
      178,
      56
    ],
    [
      1,
      389
    ]
  ],
  "counts": {
    "n_samples": 624
  },
  "timing": {
    "eval_wall_sec": 0.461742639541626,
    "throughput_img_per_s": 1351.4021590456703,
    "latency_ms_per_img": 0.7399721787526057
  }
}