{
  "data_flag": "pneumoniamnist",
  "num_classes": 2,
  "class_names": [
    "normal",
    "pneumonia"
  ],
  "is_ensemble": false,
  "metrics": {
    "accuracy": 0.8862179487179487,
    "balanced_accuracy": 0.8482905982905983,
    "auc": 0.9791913214990138
  },
  "confusion_matrix": [
    [
      163,
      71
    ],
    [
      0,
      390
    ]
  ],
  "counts": {
    "n_samples": 624
  },
  "timing": {
    "eval_wall_sec": 0.4476809501647949,
    "throughput_img_per_s": 1393.8497936316044,
    "latency_ms_per_img": 0.7174374201358893
  }
}