{
  "run_name": "fold_0",
  "train_losses": [
    0.1640785387456417,
    0.07773228472005576,
    0.06065840547066182,
    0.052680205473210666,
    0.0448908148817718,
    0.04241293941787444,
    0.03928764698747546,
    0.03381046820338816,
    0.03241741336416453,
    0.03349520122073591,
    0.028059054391807878,
    0.02780979268089868,
    0.026416681644623168,
    0.02697155011072755,
    0.026359208427136765,
    0.0242908222960541,
    0.02191877752932487,
    0.02385050163883716,
    0.020737738210591487,
    0.01903076405223692,
    0.018569314177177148,
    0.01934774050139822,
    0.015895247624779587,
    0.017607155799516477,
    0.016257090802682797,
    0.015208322308695642
  ],
  "val_losses": [
    0.05662529474124312,
    0.05373703995719552,
    0.04908607584610582,
    0.030661972848698496,
    0.028957957427948714,
    0.027313199209980668,
    0.030520493198186158,
    0.03231374475546181,
    0.04194279120117426,
    0.03340561845945195,
    0.026672224702313542,
    0.023790231423452497,
    0.029463404947891833,
    0.023669153274502606,
    0.041256546695251015,
    0.018225437828106806,
    0.02073376501724124,
    0.021927650681464003,
    0.026441796818515287,
    0.020908331270795315,
    0.03418186813639477,
    0.03662853682599962,
    0.02766451580589637,
    0.024097245718585326,
    0.02147823768062517,
    0.018969851326430216
  ],
  "val_accs": [
    0.983,
    0.9820625,
    0.9834375,
    0.9905,
    0.99175,
    0.9895,
    0.9905,
    0.989625,
    0.9879375,
    0.9886875,
    0.992125,
    0.9921875,
    0.9901875,
    0.9931875,
    0.9871875,
    0.99475,
    0.9938125,
    0.9936875,
    0.9926875,
    0.994625,
    0.9914375,
    0.9894375,
    0.99175,
    0.9934375,
    0.994,
    0.99475
  ],
  "epoch_times_sec": [
    547.6488032341003,
    540.774453163147,
    540.3474144935608,
    539.6413569450378,
    539.9137947559357,
    540.15860414505,
    540.2034249305725,
    540.0896368026733,
    540.1894640922546,
    540.3565018177032,
    541.1196427345276,
    541.374828338623,
    539.9293258190155,
    537.1049692630768,
    537.3453137874603,
    537.2410151958466,
    537.881178855896,
    538.0300045013428,
    537.737407207489,
    538.0627660751343,
    538.3893413543701,
    538.1101155281067,
    537.9254112243652,
    538.1030189990997,
    538.4639194011688,
    538.370968580246
  ],
  "early_stop": {
    "enabled": true,
    "monitor": "val_loss",
    "best_epoch": 15,
    "best_value": 0.018225437828106806
  }
}