{
  "run_name": "fold_2",
  "train_losses": [
    0.1684984844736755,
    0.07993678730726242,
    0.06026756133604795,
    0.05370955278538168,
    0.047938230203464625,
    0.04134950617910363,
    0.03743079457804561,
    0.03615511447098106,
    0.032254096447955814,
    0.032540143704973164,
    0.03129251117678359,
    0.028414728197734804,
    0.027586632851161995,
    0.024768012494430877,
    0.024104611425544136,
    0.025331376209971494,
    0.02266197352425661,
    0.02079268291167682,
    0.0222379989559995,
    0.01941076518385671,
    0.018050511843612185,
    0.019980911973223554,
    0.01862088411062723,
    0.01411471838055877,
    0.015282268286915496,
    0.018872921388596295,
    0.01384417768800631,
    0.01544960156851448,
    0.01475717919395538,
    0.015030842610518447,
    0.01165870783291757,
    0.013482328548852819,
    0.012559520672351937
  ],
  "val_losses": [
    0.06384085045009852,
    0.053742140680551526,
    0.03974034983478487,
    0.0492087420001626,
    0.035251338111236694,
    0.027623490429483356,
    0.03902168850414455,
    0.036431660853326324,
    0.05200854744855315,
    0.0293441802454181,
    0.026375397925265134,
    0.023123772697523238,
    0.018124451361130924,
    0.01828343523526564,
    0.02343164734961465,
    0.03604972251551226,
    0.027045518105849625,
    0.025742484055808746,
    0.01879020978906192,
    0.023668335614027456,
    0.026008686168002896,
    0.02204904317681212,
    0.014148357811034656,
    0.022100735052546953,
    0.0183714615162462,
    0.020753821950173005,
    0.018266351570026016,
    0.018539125496987253,
    0.023647101918875705,
    0.02467390227445867,
    0.024586779698089232,
    0.025754811858641913,
    0.01691664486937225
  ],
  "val_accs": [
    0.9789375,
    0.9828125,
    0.9874375,
    0.9834375,
    0.9884375,
    0.99075,
    0.9874375,
    0.990375,
    0.98275,
    0.991625,
    0.992,
    0.9925,
    0.9944375,
    0.9954375,
    0.9933125,
    0.988375,
    0.9915625,
    0.992125,
    0.994125,
    0.99375,
    0.9921875,
    0.994125,
    0.99625,
    0.9938125,
    0.9944375,
    0.99425,
    0.994875,
    0.99475,
    0.9930625,
    0.993375,
    0.9935,
    0.993,
    0.994875
  ],
  "epoch_times_sec": [
    550.5962255001068,
    541.137419462204,
    540.9633350372314,
    540.970287322998,
    540.999037027359,
    541.3378551006317,
    541.3046407699585,
    541.4622452259064,
    541.33464884758,
    541.4411971569061,
    541.3105373382568,
    541.2627894878387,
    541.5761911869049,
    541.4944803714752,
    541.4896495342255,
    541.5121386051178,
    541.1505558490753,
    540.7400000095367,
    540.7849655151367,
    541.1630980968475,
    540.9543211460114,
    541.4791259765625,
    541.5901262760162,
    541.3315372467041,
    541.1493873596191,
    541.3799760341644,
    541.3799293041229,
    541.0835592746735,
    541.1961026191711,
    541.6471359729767,
    541.4067838191986,
    541.4551575183868,
    541.1757910251617
  ],
  "early_stop": {
    "enabled": true,
    "monitor": "val_loss",
    "best_epoch": 22,
    "best_value": 0.014148357811034656
  }
}