{
  "run_name": "fold_1",
  "train_losses": [
    0.17053993051871658,
    0.07552123713679612,
    0.057868804724887014,
    0.05210903854155913,
    0.04535999685851857,
    0.04108242386998609,
    0.03970594748156145,
    0.033421229211147874,
    0.0347165703154169,
    0.031744863683125006,
    0.028405499663669617,
    0.02671739077544771,
    0.025934842557646335,
    0.026995892972918226,
    0.02290169700991828,
    0.023334456561075058,
    0.022737991912290454,
    0.01902968099992722,
    0.02123384223494213,
    0.020467649419559166,
    0.017599806188372896,
    0.019126657464716118,
    0.018548568660859018
  ],
  "val_losses": [
    0.057034618444740774,
    0.03539318128116429,
    0.042399492947384716,
    0.03992736081313342,
    0.030898814294487237,
    0.043886537201702595,
    0.030012924566864968,
    0.02817318736575544,
    0.04720080188475549,
    0.026945324333850294,
    0.037028188027441504,
    0.03930100224213675,
    0.022104296100791544,
    0.028274918467737734,
    0.028733337372075767,
    0.023209921299712732,
    0.022857439312152564,
    0.023372750078793615,
    0.022330575745203533,
    0.025684469474246727,
    0.03801219568913802,
    0.022697919133817777,
    0.026758661821251736
  ],
  "val_accs": [
    0.9820625,
    0.9895625,
    0.98825,
    0.988375,
    0.9908125,
    0.9853125,
    0.9910625,
    0.99175,
    0.9869375,
    0.992125,
    0.9901875,
    0.989,
    0.9935,
    0.9919375,
    0.991,
    0.9925625,
    0.9935625,
    0.9935,
    0.9941875,
    0.99325,
    0.989875,
    0.99375,
    0.9924375
  ],
  "epoch_times_sec": [
    545.6500000953674,
    537.5626304149628,
    537.3578233718872,
    537.8019831180573,
    537.9880249500275,
    537.8430724143982,
    537.6668794155121,
    537.9141881465912,
    538.1693019866943,
    541.9512710571289,
    540.2296087741852,
    540.2097902297974,
    539.8982381820679,
    540.1984486579895,
    540.1385216712952,
    539.6071169376373,
    540.7154245376587,
    540.6077587604523,
    540.7279236316681,
    541.0901021957397,
    540.9822497367859,
    540.5451905727386,
    540.7276537418365
  ],
  "early_stop": {
    "enabled": true,
    "monitor": "val_loss",
    "best_epoch": 12,
    "best_value": 0.022104296100791544
  }
}