{
  "run_name": "fold_4",
  "train_losses": [
    0.17033209968544544,
    0.07609286956489086,
    0.060163311799056825,
    0.050544801594689485,
    0.046098861263599245,
    0.04329556012758985,
    0.039069561881944534,
    0.03373321819817647,
    0.03392712425487116,
    0.0320414688878227,
    0.028645770707982594,
    0.02682279447768815,
    0.027810454393969848,
    0.023983718485338614,
    0.02496691408776678
  ],
  "val_losses": [
    0.043961908981204036,
    0.039840788101777436,
    0.03394835881330073,
    0.035051064491271974,
    0.02236036217212677,
    0.031712113917805256,
    0.03136427753511816,
    0.026905136384069918,
    0.025623962240759284,
    0.027376877697650345,
    0.02270308955386281,
    0.02533428036235273,
    0.022314237497281283,
    0.023653427538927643,
    0.02458389377500862
  ],
  "val_accs": [
    0.9861875,
    0.988375,
    0.9900625,
    0.9888125,
    0.9933125,
    0.9910625,
    0.9906875,
    0.9915,
    0.9931875,
    0.9918125,
    0.993125,
    0.9916875,
    0.9935625,
    0.992375,
    0.9931875
  ],
  "epoch_times_sec": [
    549.6713213920593,
    541.5181727409363,
    539.6802358627319,
    539.4168016910553,
    539.297513961792,
    539.9059064388275,
    539.891768693924,
    539.9339354038239,
    540.2437207698822,
    539.8617227077484,
    539.9578657150269,
    540.1968944072723,
    539.9905760288239,
    540.5281631946564,
    540.4286196231842
  ],
  "early_stop": {
    "enabled": true,
    "monitor": "val_loss",
    "best_epoch": 4,
    "best_value": 0.02236036217212677
  }
}