{
  "run_name": "fold_3",
  "train_losses": [
    0.16827043580263853,
    0.07859137851372361,
    0.058460601998493074,
    0.05102225770428777,
    0.045716591894160954,
    0.042511234627570955,
    0.03727791431359947,
    0.033236456527840345,
    0.03563865768210962,
    0.03217801865958609,
    0.028457820222363806,
    0.02651972977409605,
    0.027396537595661356,
    0.02673369664128404,
    0.023850292817573063,
    0.022282435320666993,
    0.021663904096058104,
    0.02137617690267507,
    0.02034282422764227,
    0.019243862680508754,
    0.019882882615842392,
    0.018240993097424506,
    0.01890081287972862,
    0.016551937653101048,
    0.015457674938254059,
    0.018532343193830455,
    0.013117817265389022,
    0.014249221513135126,
    0.01493937912688125,
    0.0153140283813118,
    0.013498484285722952,
    0.01250201187444327,
    0.01179677417149651,
    0.010274492025971995,
    0.011381971578972298,
    0.011232393045836944,
    0.00995777233496483,
    0.008949088623136049,
    0.010165811607352224
  ],
  "val_losses": [
    0.0626480494812131,
    0.051735111564397813,
    0.034663924049586056,
    0.032550294162705544,
    0.0388753809183836,
    0.024942465838976205,
    0.025843475845176725,
    0.053406588385812935,
    0.029387862039729953,
    0.022577559572644533,
    0.02604392383340746,
    0.028845564788673072,
    0.030154514166526498,
    0.027598996504675597,
    0.02788067775312811,
    0.023228765403851867,
    0.031362646531080826,
    0.019153685803292318,
    0.038894914529286326,
    0.022080188868683764,
    0.021516632416052745,
    0.024570170080289246,
    0.021994260115548968,
    0.017299489621305838,
    0.019694525773753413,
    0.021088243782520295,
    0.02336368734005373,
    0.029967574095935562,
    0.014795902192825451,
    0.01908798766077962,
    0.022471324066165834,
    0.015804591772262937,
    0.017498853730852717,
    0.01915470142965205,
    0.021600037605618128,
    0.03020250897621736,
    0.017820661515375834,
    0.018206359320960472,
    0.02229799315374112
  ],
  "val_accs": [
    0.98175,
    0.98475,
    0.9894375,
    0.9891875,
    0.9873125,
    0.9921875,
    0.9916875,
    0.9815,
    0.9906875,
    0.99325,
    0.9926875,
    0.991125,
    0.99125,
    0.991375,
    0.991625,
    0.992375,
    0.9913125,
    0.9944375,
    0.986,
    0.9930625,
    0.993,
    0.993375,
    0.9944375,
    0.9948125,
    0.99325,
    0.9941875,
    0.993125,
    0.992,
    0.9955625,
    0.9939375,
    0.993625,
    0.99575,
    0.994875,
    0.99425,
    0.9949375,
    0.9909375,
    0.99525,
    0.994375,
    0.9945625
  ],
  "epoch_times_sec": [
    551.4185962677002,
    541.6806693077087,
    540.9396228790283,
    541.125118970871,
    541.0217363834381,
    541.0109956264496,
    540.8849892616272,
    540.9588117599487,
    540.9698843955994,
    541.1744310855865,
    540.9969487190247,
    541.1423199176788,
    541.1639053821564,
    541.075835943222,
    541.2600486278534,
    541.0116722583771,
    541.2283337116241,
    541.3314440250397,
    541.5973620414734,
    541.6942162513733,
    541.2801299095154,
    541.2268583774567,
    541.854718208313,
    541.7035658359528,
    541.5417230129242,
    541.5800952911377,
    541.5772635936737,
    541.3551425933838,
    541.8056468963623,
    541.5511844158173,
    541.2293009757996,
    541.6585853099823,
    541.4739861488342,
    540.7538194656372,
    540.4471228122711,
    540.3214528560638,
    540.8904092311859,
    541.3024833202362,
    541.4402515888214
  ],
  "early_stop": {
    "enabled": true,
    "monitor": "val_loss",
    "best_epoch": 28,
    "best_value": 0.014795902192825451
  }
}