{
  "data_flag": "pathmnist",
  "num_classes": 9,
  "class_names": [
    "adipose",
    "background",
    "debris",
    "lymphocytes",
    "mucus",
    "smooth muscle",
    "normal colon mucosa",
    "cancer-associated stroma",
    "colorectal adenocarcinoma epithelium"
  ],
  "is_ensemble": false,
  "metrics": {
    "accuracy": 0.9658774373259053,
    "balanced_accuracy": 0.954631107281189,
    "auc": 0.9983895136898204
  },
  "confusion_matrix": [
    [
      1327,
      0,
      0,
      0,
      7,
      2,
      1,
      0,
      1
    ],
    [
      20,
      827,
      0,
      0,
      0,
      0,
      0,
      0,
      0
    ],
    [
      0,
      0,
      339,
      0,
      0,
      0,
      0,
      0,
      0
    ],
    [
      0,
      0,
      6,
      625,
      0,
      0,
      2,
      1,
      0
    ],
    [
      22,
      0,
      0,
      0,
      991,
      0,
      21,
      0,
      1
    ],
    [
      0,
      0,
      0,
      0,
      0,
      571,
      0,
      20,
      1
    ],
    [
      0,
      0,
      0,
      0,
      0,
      0,
      726,
      0,
      15
    ],
    [
      0,
      0,
      5,
      1,
      8,
      78,
      2,
      317,
      10
    ],
    [
      0,
      0,
      2,
      0,
      0,
      0,
      18,
      1,
      1212
    ]
  ],
  "counts": {
    "n_samples": 7180
  },
  "timing": {
    "eval_wall_sec": 21.798064947128296,
    "throughput_img_per_s": 329.3870358408076,
    "latency_ms_per_img": 3.035942193193356
  }
}