{
  "data_flag": "pathmnist",
  "num_classes": 9,
  "class_names": [
    "adipose",
    "background",
    "debris",
    "lymphocytes",
    "mucus",
    "smooth muscle",
    "normal colon mucosa",
    "cancer-associated stroma",
    "colorectal adenocarcinoma epithelium"
  ],
  "is_ensemble": false,
  "metrics": {
    "accuracy": 0.9665738161559888,
    "balanced_accuracy": 0.9602747402929874,
    "auc": 0.9970023765579131
  },
  "confusion_matrix": [
    [
      1307,
      1,
      0,
      3,
      9,
      16,
      1,
      0,
      1
    ],
    [
      1,
      846,
      0,
      0,
      0,
      0,
      0,
      0,
      0
    ],
    [
      0,
      0,
      339,
      0,
      0,
      0,
      0,
      0,
      0
    ],
    [
      0,
      0,
      0,
      631,
      0,
      0,
      2,
      1,
      0
    ],
    [
      14,
      0,
      0,
      0,
      992,
      1,
      26,
      0,
      2
    ],
    [
      0,
      0,
      0,
      0,
      0,
      570,
      0,
      22,
      0
    ],
    [
      0,
      0,
      0,
      0,
      0,
      0,
      735,
      0,
      6
    ],
    [
      0,
      0,
      8,
      0,
      11,
      59,
      2,
      336,
      5
    ],
    [
      0,
      0,
      3,
      9,
      0,
      1,
      33,
      3,
      1184
    ]
  ],
  "counts": {
    "n_samples": 7180
  },
  "timing": {
    "eval_wall_sec": 17.695067167282104,
    "throughput_img_per_s": 405.7628000008785,
    "latency_ms_per_img": 2.4644940344404045
  }
}