{
  "data_flag": "pathmnist",
  "num_classes": 9,
  "class_names": [
    "adipose",
    "background",
    "debris",
    "lymphocytes",
    "mucus",
    "smooth muscle",
    "normal colon mucosa",
    "cancer-associated stroma",
    "colorectal adenocarcinoma epithelium"
  ],
  "is_ensemble": false,
  "metrics": {
    "accuracy": 0.9685236768802229,
    "balanced_accuracy": 0.9603034949689371,
    "auc": 0.9974833163029064
  },
  "confusion_matrix": [
    [
      1324,
      0,
      0,
      0,
      10,
      3,
      0,
      1,
      0
    ],
    [
      1,
      846,
      0,
      0,
      0,
      0,
      0,
      0,
      0
    ],
    [
      0,
      0,
      339,
      0,
      0,
      0,
      0,
      0,
      0
    ],
    [
      0,
      0,
      0,
      633,
      0,
      0,
      0,
      1,
      0
    ],
    [
      3,
      0,
      0,
      0,
      1022,
      0,
      9,
      0,
      1
    ],
    [
      0,
      0,
      2,
      0,
      1,
      526,
      0,
      63,
      0
    ],
    [
      0,
      0,
      0,
      1,
      0,
      0,
      736,
      0,
      4
    ],
    [
      0,
      0,
      4,
      0,
      12,
      52,
      1,
      350,
      2
    ],
    [
      0,
      0,
      8,
      1,
      1,
      0,
      45,
      0,
      1178
    ]
  ],
  "counts": {
    "n_samples": 7180
  },
  "timing": {
    "eval_wall_sec": 17.787654399871826,
    "throughput_img_per_s": 403.6507477934661,
    "latency_ms_per_img": 2.477389192182706
  }
}