{
  "data_flag": "pathmnist",
  "num_classes": 9,
  "class_names": [
    "adipose",
    "background",
    "debris",
    "lymphocytes",
    "mucus",
    "smooth muscle",
    "normal colon mucosa",
    "cancer-associated stroma",
    "colorectal adenocarcinoma epithelium"
  ],
  "is_ensemble": false,
  "metrics": {
    "accuracy": 0.9714484679665738,
    "balanced_accuracy": 0.9624451424453407,
    "auc": 0.9977954836234084
  },
  "confusion_matrix": [
    [
      1313,
      0,
      0,
      0,
      11,
      13,
      1,
      0,
      0
    ],
    [
      0,
      847,
      0,
      0,
      0,
      0,
      0,
      0,
      0
    ],
    [
      0,
      0,
      339,
      0,
      0,
      0,
      0,
      0,
      0
    ],
    [
      0,
      0,
      0,
      631,
      0,
      0,
      1,
      2,
      0
    ],
    [
      0,
      9,
      0,
      0,
      1025,
      0,
      0,
      0,
      1
    ],
    [
      0,
      0,
      0,
      0,
      0,
      552,
      0,
      40,
      0
    ],
    [
      0,
      0,
      0,
      2,
      1,
      0,
      721,
      0,
      17
    ],
    [
      0,
      0,
      4,
      0,
      4,
      53,
      2,
      342,
      16
    ],
    [
      0,
      0,
      4,
      1,
      0,
      0,
      23,
      0,
      1205
    ]
  ],
  "counts": {
    "n_samples": 7180
  },
  "timing": {
    "eval_wall_sec": 17.742358684539795,
    "throughput_img_per_s": 404.6812561768608,
    "latency_ms_per_img": 2.4710805967325618
  }
}