{
  "data_flag": "pathmnist",
  "num_classes": 9,
  "class_names": [
    "adipose",
    "background",
    "debris",
    "lymphocytes",
    "mucus",
    "smooth muscle",
    "normal colon mucosa",
    "cancer-associated stroma",
    "colorectal adenocarcinoma epithelium"
  ],
  "is_ensemble": true,
  "metrics": {
    "accuracy": 0.9785515320334262,
    "balanced_accuracy": 0.9707372774826024,
    "auc": 0.9982842437260042
  },
  "confusion_matrix": [
    [
      1329,
      0,
      0,
      0,
      6,
      3,
      0,
      0,
      0
    ],
    [
      0,
      847,
      0,
      0,
      0,
      0,
      0,
      0,
      0
    ],
    [
      0,
      0,
      339,
      0,
      0,
      0,
      0,
      0,
      0
    ],
    [
      0,
      0,
      0,
      633,
      0,
      0,
      0,
      1,
      0
    ],
    [
      5,
      1,
      0,
      0,
      1025,
      0,
      3,
      0,
      1
    ],
    [
      0,
      0,
      0,
      0,
      0,
      557,
      0,
      35,
      0
    ],
    [
      0,
      0,
      0,
      0,
      0,
      0,
      733,
      0,
      8
    ],
    [
      0,
      0,
      2,
      0,
      4,
      49,
      1,
      356,
      9
    ],
    [
      0,
      0,
      1,
      0,
      0,
      0,
      25,
      0,
      1207
    ]
  ],
  "counts": {
    "n_samples": 7180
  },
  "timing": {
    "eval_wall_sec": 85.22949075698853,
    "throughput_img_per_s": 84.24314091553181,
    "latency_ms_per_img": 11.870402612393946
  }
}