{
  "run_name": "fold_3",
  "train_losses": [
    0.19960170702132232,
    0.04816061895861126,
    0.05822589827756233,
    0.03848627895828994,
    0.04026811582940247,
    0.04038577902075999,
    0.01587509274523815,
    0.02366026458955329,
    0.009450317147318,
    0.017096855652840425,
    0.030846217291100937,
    0.014157525858643246,
    0.007330235822497771
  ],
  "val_losses": [
    0.4769982331328922,
    0.3593322154548433,
    0.07303159130323264,
    6.501837386025323,
    0.09477645407120387,
    0.5825877255863614,
    0.27569843316450715,
    0.08082445140462369,
    0.0744283809730809,
    0.17931410090790856,
    1.175484495030509,
    0.11298862557871164,
    0.11511569377034903
  ],
  "val_accs": [
    0.8280749885688158,
    0.9149519890260631,
    0.9721079103795153,
    0.35436671239140377,
    0.965249199817101,
    0.8747142203932328,
    0.9323273891175126,
    0.9670781893004116,
    0.9798811156835848,
    0.9428440786465477,
    0.8097850937357111,
    0.9698216735253772,
    0.9702789208962048
  ],
  "epoch_times_sec": [
    10.055689811706543,
    7.604989528656006,
    7.602323055267334,
    7.409588813781738,
    7.510159492492676,
    7.672739267349243,
    7.6940600872039795,
    7.646133184432983,
    7.410827875137329,
    7.416919708251953,
    7.619185447692871,
    7.698992013931274,
    7.700399398803711
  ],
  "total_train_sec": 101.81613850593567,
  "early_stop": {
    "enabled": true,
    "monitor": "val_loss",
    "best_epoch": 2,
    "best_value": 0.07303159130323264
  }
}