{
  "run_name": "fold_4",
  "train_losses": [
    0.20441506797557368,
    0.07149264705367386,
    0.055074407534180754,
    0.022857932748807156,
    0.042971488999148065,
    0.04289614126045147,
    0.028639835620518115,
    0.03631566535092562,
    0.015422213921898647,
    0.00815005945161615,
    0.04430187463602873,
    0.022118602216805276,
    0.0039008337433401987,
    0.0018864426347136032,
    0.001109747009436165,
    0.0005387530337055283,
    0.0003422231553914197,
    0.00015510044528020765,
    0.00018817411937026705,
    0.00011668073934475508,
    0.00011804948171094806,
    6.049169712027566e-05,
    5.3916265087269386e-05,
    4.901224102628903e-05
  ],
  "val_losses": [
    0.13333045210068425,
    2.253674864768982,
    0.2729077653752433,
    0.3467838890436623,
    0.160992917087343,
    0.08189984335977998,
    0.5812978131903542,
    0.09706385061144829,
    0.17737488303747442,
    0.06761643927246849,
    0.6365642464823194,
    0.04288555004232977,
    0.05506054214230163,
    0.0407894380954935,
    0.057089523413702006,
    0.0476061609523539,
    0.04119668875581636,
    0.04175479130976277,
    0.04649249692657678,
    0.04782900881734046,
    0.043406625704341825,
    0.04375920301269313,
    0.04586690189474515,
    0.04554142132999712
  ],
  "val_accs": [
    0.9506172839506173,
    0.6296296296296297,
    0.893461362597165,
    0.9263831732967536,
    0.9387288523090992,
    0.9743941472336534,
    0.8591678097850938,
    0.9707361682670325,
    0.9620484682213077,
    0.978509373571102,
    0.7540009144947416,
    0.9830818472793782,
    0.9835390946502057,
    0.9839963420210334,
    0.9830818472793782,
    0.9862825788751715,
    0.9862825788751715,
    0.9858253315043438,
    0.9876543209876543,
    0.9858253315043438,
    0.9867398262459991,
    0.9871970736168267,
    0.9862825788751715,
    0.9862825788751715
  ],
  "epoch_times_sec": [
    10.090687036514282,
    7.4886720180511475,
    7.592159271240234,
    7.678950309753418,
    7.542473554611206,
    7.567178249359131,
    7.618157625198364,
    7.694664001464844,
    7.561933279037476,
    7.6160523891448975,
    7.431833028793335,
    7.664392709732056,
    7.665188312530518,
    7.528866767883301,
    7.5677032470703125,
    7.53516697883606,
    7.547072172164917,
    7.590570688247681,
    7.454800844192505,
    7.587903261184692,
    7.449386119842529,
    7.456347942352295,
    7.460176706314087,
    7.430898427963257
  ],
  "total_train_sec": 211.37878441810608,
  "early_stop": {
    "enabled": true,
    "monitor": "val_loss",
    "best_epoch": 13,
    "best_value": 0.0407894380954935
  }
}