{
  "run_name": "fold_2",
  "train_losses": [
    0.20189260779058232,
    0.06585365555742208,
    0.06833858618184048,
    0.03935988553155981,
    0.03219394271111335,
    0.030024453228928476,
    0.016200737140025012,
    0.038899038255776223,
    0.02811848865616519,
    0.012388264732983182,
    0.004116142914854744,
    0.01397341036959808,
    0.00852633366273093,
    0.024622292110614258,
    0.01004080621565021,
    0.0072915016265623685,
    0.03255286885028267,
    0.030318958768689567,
    0.015138146558242357,
    0.0062100037507394415,
    0.0068840487096809636,
    0.0024166647534216547,
    0.007387234666245657,
    0.004834795197251986,
    0.006048007481160098,
    0.0026079078166089055,
    0.002585123955909426,
    0.0018708835458282386,
    0.030769395362500184,
    0.048553895831847674,
    0.018194234628240605,
    0.003681121112094843
  ],
  "val_losses": [
    5.054474102126227,
    0.13589129948781598,
    0.20872621631456745,
    0.21643148610989252,
    0.4933214634656906,
    0.16131170238885614,
    0.7228444251749251,
    0.5898782859245936,
    0.09137005611167599,
    0.13091153051290247,
    0.057166985999275416,
    0.10253100688310547,
    0.1478254474285576,
    0.09042153461551708,
    0.14079972439342076,
    0.0886451955884695,
    0.34243789977497524,
    0.09432395294101702,
    0.13985328895958243,
    0.04983563660829936,
    0.1368047747657531,
    0.04781382928715377,
    0.15915108541958034,
    0.09426994166440433,
    0.1315869166590144,
    0.06348449860464218,
    0.0479989087369985,
    0.05943666227782766,
    7.456594944000244,
    0.19355427473783493,
    0.08834309136081073,
    0.060159018787089735
  ],
  "val_accs": [
    0.3411065386374028,
    0.9465020576131687,
    0.9144947416552355,
    0.9368998628257887,
    0.8980338363054412,
    0.9561042524005487,
    0.850480109739369,
    0.8353909465020576,
    0.9661636945587563,
    0.9657064471879286,
    0.9817101051668953,
    0.9615912208504801,
    0.9556470050297211,
    0.9693644261545497,
    0.9519890260631001,
    0.9835390946502057,
    0.9026063100137174,
    0.9647919524462735,
    0.9643347050754458,
    0.9858253315043438,
    0.9583904892546868,
    0.9849108367626886,
    0.9469593049839964,
    0.9730224051211706,
    0.9542752629172382,
    0.9835390946502057,
    0.9858253315043438,
    0.9807956104252401,
    0.6657521719250115,
    0.9483310470964792,
    0.9721079103795153,
    0.9821673525377229
  ],
  "epoch_times_sec": [
    10.33456301689148,
    7.665263414382935,
    7.723825693130493,
    7.612525463104248,
    7.523027658462524,
    7.527005910873413,
    7.5092010498046875,
    7.684297561645508,
    7.723384618759155,
    7.722183465957642,
    7.690686464309692,
    7.636234521865845,
    7.572753190994263,
    7.647551536560059,
    7.520508527755737,
    7.52292013168335,
    7.528985023498535,
    7.793582916259766,
    7.567278146743774,
    7.571587800979614,
    7.50260066986084,
    7.543317556381226,
    7.556812763214111,
    7.674360036849976,
    7.4858198165893555,
    7.604212522506714,
    7.520017862319946,
    7.649242401123047,
    7.646698236465454,
    7.570235013961792,
    7.586238622665405,
    7.708030462265015
  ],
  "total_train_sec": 246.9843430519104,
  "early_stop": {
    "enabled": true,
    "monitor": "val_loss",
    "best_epoch": 21,
    "best_value": 0.04781382928715377
  }
}