{
  "run_name": "fold_1",
  "train_losses": [
    0.1991611257852877,
    0.07464466489139288,
    0.054570151013596094,
    0.04144474382594447,
    0.03845630621756701,
    0.015375240764971002,
    0.01793762090314618,
    0.05321090184888282,
    0.02472020168309374,
    0.018731430136968437,
    0.010122023638841175,
    0.012759721618803108,
    0.004843067762789467,
    0.0024276335081380883,
    0.002845441555216573,
    0.003313828019385897,
    0.007475241418219144,
    0.016277650751683668,
    0.02996925508384319,
    0.025830901672152858,
    0.031051635933930382,
    0.019019567728665768,
    0.010386826462362317,
    0.0015187127993853851,
    0.0010501499449781155,
    0.0005729072733950435,
    0.00038354182273745693,
    0.0001627283215170524,
    0.00019452066405446043,
    8.840681147483017e-05,
    6.100887717633775e-05,
    0.00018460254826844474,
    6.160329241859418e-05,
    5.450709597078137e-05,
    5.2546791293399804e-05,
    4.238980254874203e-05,
    4.258214230436779e-05,
    3.1687242907911935e-05,
    2.8501160928124807e-05,
    3.1830434696691076e-05,
    2.653642721216944e-05,
    2.988579138098109e-05,
    2.087086163689545e-05,
    2.9154060966367763e-05,
    2.130870623940449e-05,
    3.630570135810023e-05,
    0.00957908960361585,
    0.14675562201506076
  ],
  "val_losses": [
    0.20614030212163925,
    0.19403873487479156,
    0.09424178426464398,
    0.2057506067471372,
    0.05361988286798199,
    0.15160118157251012,
    0.3810910721206003,
    0.44693678948614335,
    0.3789748098287318,
    0.35117854012383354,
    0.1094331722415518,
    0.5195371955633163,
    0.050747644311438,
    0.0784264603862539,
    0.23462415486574173,
    0.0652505070514356,
    0.13235308954285252,
    0.1678619622770283,
    0.24594846450620228,
    0.483917273581028,
    0.12206791103300121,
    0.19237535633146763,
    0.04749257653020322,
    0.03636975931456416,
    0.03925845568301156,
    0.06426335071187673,
    0.04285073665151787,
    0.03858251445085949,
    0.0326819250993948,
    0.0328394718833604,
    0.03486120519745681,
    0.031764266967204295,
    0.032762353043330625,
    0.033313194554163296,
    0.03451675165221483,
    0.0319487863226742,
    0.03183676930105624,
    0.03146359265439161,
    0.031722039234915025,
    0.03240201930586611,
    0.03357551094086375,
    0.03125606295765869,
    0.03502962700198017,
    0.03770622680167435,
    0.036641360307435714,
    0.0364358554135025,
    4.66822432147132,
    0.7524303727679782
  ],
  "val_accs": [
    0.9524462734339277,
    0.9474165523548239,
    0.9702789208962048,
    0.9478737997256516,
    0.984453589391861,
    0.9753086419753086,
    0.9314128943758574,
    0.8683127572016461,
    0.9286694101508917,
    0.918609967992684,
    0.9657064471879286,
    0.8655692729766804,
    0.9862825788751715,
    0.9780521262002744,
    0.9510745313214449,
    0.9867398262459991,
    0.968907178783722,
    0.9455875628715135,
    0.9172382258802012,
    0.9154092363968908,
    0.9702789208962048,
    0.9570187471422039,
    0.9890260631001372,
    0.9908550525834476,
    0.9890260631001372,
    0.9858253315043438,
    0.9908550525834476,
    0.99039780521262,
    0.9913122999542753,
    0.9908550525834476,
    0.9913122999542753,
    0.9917695473251029,
    0.9913122999542753,
    0.9917695473251029,
    0.9913122999542753,
    0.9917695473251029,
    0.9917695473251029,
    0.9917695473251029,
    0.9917695473251029,
    0.9917695473251029,
    0.9917695473251029,
    0.9917695473251029,
    0.9913122999542753,
    0.9913122999542753,
    0.9913122999542753,
    0.9913122999542753,
    0.4156378600823045,
    0.772748056698674
  ],
  "epoch_times_sec": [
    9.870063066482544,
    7.546164512634277,
    7.381983995437622,
    7.565666437149048,
    7.401865005493164,
    7.331586599349976,
    7.5910868644714355,
    7.471523284912109,
    7.419284343719482,
    7.520240068435669,
    7.336924314498901,
    7.426425933837891,
    7.498030185699463,
    7.4744884967803955,
    7.461080074310303,
    7.299447536468506,
    7.66916561126709,
    7.555756568908691,
    7.5728020668029785,
    7.461328029632568,
    7.547279357910156,
    7.495966672897339,
    7.459886312484741,
    7.535553455352783,
    7.5112693309783936,
    7.535314321517944,
    7.59208083152771,
    7.502413511276245,
    7.342922687530518,
    7.583533048629761,
    7.504377841949463,
    7.424051523208618,
    7.550314664840698,
    7.491194009780884,
    7.528555870056152,
    7.535099983215332,
    7.549693584442139,
    7.527323246002197,
    7.499312877655029,
    7.6331236362457275,
    7.572521924972534,
    7.444079160690308,
    7.447831869125366,
    7.504493474960327,
    7.371793746948242,
    7.345191478729248,
    7.465587377548218,
    7.411437749862671
  ],
  "total_train_sec": 395.9736864566803,
  "early_stop": {
    "enabled": true,
    "monitor": "val_loss",
    "best_epoch": 37,
    "best_value": 0.03146359265439161
  }
}