{
  "run_name": "fold_0",
  "train_losses": [
    0.1984106919673436,
    0.0616739556494662,
    0.04947265852516627,
    0.027207523820620468,
    0.03732641662046423,
    0.022914137619355804,
    0.020287421412135968,
    0.022956563060527995,
    0.042890829014461763,
    0.01893559945764376,
    0.007351182410596213,
    0.006735570431427571
  ],
  "val_losses": [
    0.19454672642880017,
    0.06278081972979838,
    2.45913866493437,
    0.4294351860880852,
    0.11286667599860165,
    0.13564387015584442,
    0.06900279653362101,
    1.8504544960127935,
    0.14560088929202822,
    0.1578957742700974,
    0.06267002894552813,
    0.11166743287402722
  ],
  "val_accs": [
    0.9255027422303473,
    0.9808043875685558,
    0.6595063985374772,
    0.9104204753199269,
    0.976691042047532,
    0.9670932358318098,
    0.9803473491773309,
    0.7938756855575868,
    0.9611517367458866,
    0.9643510054844607,
    0.9803473491773309,
    0.9716636197440585
  ],
  "epoch_times_sec": [
    10.714313745498657,
    7.592627286911011,
    7.3716723918914795,
    7.471700429916382,
    7.2305238246917725,
    7.374337196350098,
    7.29030966758728,
    7.318529367446899,
    7.460616588592529,
    7.487773180007935,
    7.569149494171143,
    7.368495464324951
  ],
  "total_train_sec": 92.7999210357666,
  "early_stop": {
    "enabled": true,
    "monitor": "val_loss",
    "best_epoch": 1,
    "best_value": 0.06278081972979838
  }
}