{
  "data_flag": "bloodmnist",
  "num_classes": 8,
  "class_names": [
    "basophil",
    "eosinophil",
    "erythroblast",
    "immature granulocytes(myelocytes, metamyelocytes and promyelocytes)",
    "lymphocyte",
    "monocyte",
    "neutrophil",
    "platelet"
  ],
  "is_ensemble": false,
  "metrics": {
    "accuracy": 0.9783688979830459,
    "balanced_accuracy": 0.9786083512409625,
    "auc": 0.9991923209016541
  },
  "confusion_matrix": [
    [
      240,
      1,
      0,
      2,
      0,
      0,
      1,
      0
    ],
    [
      1,
      621,
      0,
      1,
      0,
      0,
      1,
      0
    ],
    [
      0,
      0,
      301,
      3,
      2,
      2,
      3,
      0
    ],
    [
      6,
      1,
      0,
      549,
      0,
      6,
      17,
      0
    ],
    [
      0,
      0,
      0,
      0,
      241,
      2,
      0,
      0
    ],
    [
      0,
      0,
      0,
      8,
      2,
      274,
      0,
      0
    ],
    [
      0,
      1,
      0,
      13,
      0,
      1,
      651,
      0
    ],
    [
      0,
      0,
      0,
      0,
      0,
      0,
      0,
      470
    ]
  ],
  "counts": {
    "n_samples": 3421
  },
  "timing": {
    "eval_wall_sec": 3.457225799560547,
    "throughput_img_per_s": 989.5217143279586,
    "latency_ms_per_img": 1.010589242782972
  }
}