{
  "data_flag": "bloodmnist",
  "num_classes": 8,
  "class_names": [
    "basophil",
    "eosinophil",
    "erythroblast",
    "immature granulocytes(myelocytes, metamyelocytes and promyelocytes)",
    "lymphocyte",
    "monocyte",
    "neutrophil",
    "platelet"
  ],
  "is_ensemble": false,
  "metrics": {
    "accuracy": 0.9894767611809413,
    "balanced_accuracy": 0.9908637576147661,
    "auc": 0.9993022302987961
  },
  "confusion_matrix": [
    [
      243,
      1,
      0,
      0,
      0,
      0,
      0,
      0
    ],
    [
      0,
      624,
      0,
      0,
      0,
      0,
      0,
      0
    ],
    [
      1,
      0,
      308,
      0,
      1,
      1,
      0,
      0
    ],
    [
      0,
      0,
      0,
      570,
      0,
      0,
      9,
      0
    ],
    [
      0,
      0,
      0,
      1,
      241,
      1,
      0,
      0
    ],
    [
      0,
      0,
      0,
      1,
      1,
      282,
      0,
      0
    ],
    [
      0,
      1,
      0,
      17,
      0,
      1,
      647,
      0
    ],
    [
      0,
      0,
      0,
      0,
      0,
      0,
      0,
      470
    ]
  ],
  "counts": {
    "n_samples": 3421
  },
  "timing": {
    "eval_wall_sec": 1.3121140003204346,
    "throughput_img_per_s": 2607.2429675809794,
    "latency_ms_per_img": 0.3835469162000686
  }
}