{
  "data_flag": "bloodmnist",
  "num_classes": 8,
  "class_names": [
    "basophil",
    "eosinophil",
    "erythroblast",
    "immature granulocytes(myelocytes, metamyelocytes and promyelocytes)",
    "lymphocyte",
    "monocyte",
    "neutrophil",
    "platelet"
  ],
  "is_ensemble": false,
  "metrics": {
    "accuracy": 0.9751534638994446,
    "balanced_accuracy": 0.9757372410371686,
    "auc": 0.9991977862934152
  },
  "confusion_matrix": [
    [
      235,
      0,
      0,
      1,
      4,
      1,
      3,
      0
    ],
    [
      0,
      622,
      2,
      0,
      0,
      0,
      0,
      0
    ],
    [
      0,
      0,
      309,
      1,
      1,
      0,
      0,
      0
    ],
    [
      4,
      0,
      6,
      532,
      1,
      5,
      31,
      0
    ],
    [
      0,
      0,
      1,
      0,
      242,
      0,
      0,
      0
    ],
    [
      0,
      0,
      2,
      3,
      8,
      271,
      0,
      0
    ],
    [
      0,
      1,
      1,
      8,
      1,
      0,
      655,
      0
    ],
    [
      0,
      0,
      0,
      0,
      0,
      0,
      0,
      470
    ]
  ],
  "counts": {
    "n_samples": 3421
  },
  "timing": {
    "eval_wall_sec": 1.418562889099121,
    "throughput_img_per_s": 2411.5955847206433,
    "latency_ms_per_img": 0.4146632239401114
  }
}