{
  "data_flag": "bloodmnist",
  "num_classes": 8,
  "class_names": [
    "basophil",
    "eosinophil",
    "erythroblast",
    "immature granulocytes(myelocytes, metamyelocytes and promyelocytes)",
    "lymphocyte",
    "monocyte",
    "neutrophil",
    "platelet"
  ],
  "is_ensemble": false,
  "metrics": {
    "accuracy": 0.9859690149079217,
    "balanced_accuracy": 0.9874728505588315,
    "auc": 0.9994105619332316
  },
  "confusion_matrix": [
    [
      241,
      1,
      0,
      2,
      0,
      0,
      0,
      0
    ],
    [
      0,
      624,
      0,
      0,
      0,
      0,
      0,
      0
    ],
    [
      0,
      0,
      309,
      0,
      0,
      1,
      1,
      0
    ],
    [
      1,
      0,
      3,
      554,
      0,
      4,
      17,
      0
    ],
    [
      0,
      0,
      2,
      0,
      241,
      0,
      0,
      0
    ],
    [
      0,
      0,
      0,
      2,
      1,
      281,
      0,
      0
    ],
    [
      0,
      1,
      0,
      11,
      0,
      1,
      653,
      0
    ],
    [
      0,
      0,
      0,
      0,
      0,
      0,
      0,
      470
    ]
  ],
  "counts": {
    "n_samples": 3421
  },
  "timing": {
    "eval_wall_sec": 1.3958466053009033,
    "throughput_img_per_s": 2450.8423683578994,
    "latency_ms_per_img": 0.40802297728760695
  }
}