{
  "run_name": "fold_0",
  "train_losses": [
    0.22301227728569364,
    0.1278093678822934,
    0.1011334724636907,
    0.08109568636534711,
    0.06745484825894664,
    0.06344513091921045,
    0.05000192421776969,
    0.04723419934794517,
    0.04402698627592005,
    0.04048617241838923,
    0.03651160923637411,
    0.03836406996592146
  ],
  "val_losses": [
    0.19360717424958412,
    0.14561950540652663,
    0.14697878059801586,
    0.19531231392895082,
    0.15592513426974958,
    0.16861744785473928,
    0.1807105957877065,
    0.20872068664481444,
    0.19685065885258768,
    0.189495220744259,
    0.18159159937141536,
    0.2329662790445668
  ],
  "val_accs": [
    0.9588574725908828,
    0.9603577611079054,
    0.958395845354876,
    0.963531448355453,
    0.9515291402192729,
    0.9693017888055395,
    0.9649163300634738,
    0.9596076168493941,
    0.9671667628390075,
    0.9561454125793422,
    0.9603577611079054,
    0.9664166185804962
  ],
  "epoch_times_sec": [
    569.4272041320801,
    561.3606884479523,
    560.8041834831238,
    561.0628232955933,
    561.336549282074,
    561.0592188835144,
    561.0622346401215,
    560.8229506015778,
    560.9153757095337,
    560.9455018043518,
    560.8316164016724,
    561.0206837654114
  ],
  "early_stop": {
    "enabled": true,
    "monitor": "val_loss",
    "best_epoch": 1,
    "best_value": 0.14561950540652663
  }
}