{
  "run_name": "fold_1",
  "train_losses": [
    0.22166919542466135,
    0.13310544181977932,
    0.10108327048193956,
    0.07819768843569713,
    0.06833555130973898,
    0.05922769401852065,
    0.05317015400378901,
    0.050831014944797574,
    0.044652887206467484,
    0.038163117160556974,
    0.03544374230259098,
    0.040575834615527016,
    0.029130865350026628,
    0.03192238315020041
  ],
  "val_losses": [
    0.17196920705078933,
    0.16104220518798273,
    0.15871409025501118,
    0.15350281870819144,
    0.17566617063477213,
    0.16513430501984092,
    0.18849928633358803,
    0.2665364245218276,
    0.1702205125979791,
    0.17257718326415344,
    0.18963517773997488,
    0.2240952001165532,
    0.22879150087133143,
    0.21546653215931938
  ],
  "val_accs": [
    0.9614541257934218,
    0.9620888632429313,
    0.9628390075014426,
    0.958395845354876,
    0.9493941142527409,
    0.958799769186382,
    0.9619734564339296,
    0.9668782458165032,
    0.9502596653202539,
    0.9644547028274668,
    0.9633006347374495,
    0.9618580496249278,
    0.9660126947489902,
    0.9690132717830352
  ],
  "epoch_times_sec": [
    567.0857665538788,
    560.7446348667145,
    560.7188019752502,
    560.5504987239838,
    560.3153049945831,
    560.6764512062073,
    560.5522224903107,
    560.4655184745789,
    560.5927169322968,
    559.9428293704987,
    558.6290440559387,
    558.6856894493103,
    558.8912255764008,
    559.0337662696838
  ],
  "early_stop": {
    "enabled": true,
    "monitor": "val_loss",
    "best_epoch": 3,
    "best_value": 0.15350281870819144
  }
}