{
  "run_name": "fold_3",
  "train_losses": [
    0.23137088947224052,
    0.12755538577412137,
    0.10226016045614152,
    0.0839635370234031,
    0.06755838970812762,
    0.06139209405202124,
    0.05324107576800616,
    0.04720879487086885,
    0.04899587259055553,
    0.03973080551726795,
    0.036271808256071014,
    0.03574286404324368,
    0.034481569842050544
  ],
  "val_losses": [
    0.18869020815873574,
    0.16396755095485505,
    0.14664564607345168,
    0.15116966645881966,
    0.15695454173361453,
    0.16304857457873867,
    0.1699997344916275,
    0.19587156150770157,
    0.1800007591246217,
    0.1802196376366626,
    0.21962308074245615,
    0.27359704925842104,
    0.2175890106618167
  ],
  "val_accs": [
    0.9371573662646431,
    0.9509492757804836,
    0.9679150556869986,
    0.9604708869525074,
    0.9679727624213745,
    0.9637601708119338,
    0.9531421316867679,
    0.9617404351087772,
    0.9664723873276011,
    0.9589705118587339,
    0.9653182526400831,
    0.9701079115932829,
    0.9660107334525939
  ],
  "epoch_times_sec": [
    568.7134921550751,
    560.5867521762848,
    560.1956422328949,
    560.5497622489929,
    560.2415885925293,
    560.4422960281372,
    560.3701486587524,
    560.567807674408,
    560.503406047821,
    560.1327383518219,
    560.6696739196777,
    560.440749168396,
    560.3592350482941
  ],
  "early_stop": {
    "enabled": true,
    "monitor": "val_loss",
    "best_epoch": 2,
    "best_value": 0.14664564607345168
  }
}