{
  "run_name": "fold_4",
  "train_losses": [
    0.23472477834675068,
    0.13165206690634482,
    0.10359892834250625,
    0.08243296208750779,
    0.07226195674160767,
    0.0602440002462676,
    0.056593359506836347,
    0.046147234608247295,
    0.04581494135579784,
    0.03579686156817009,
    0.039607567031806776
  ],
  "val_losses": [
    0.14951824656494683,
    0.1590595495668848,
    0.15516980217596796,
    0.16692109912645933,
    0.1634752263368067,
    0.17888785435501747,
    0.20328745351313954,
    0.19046086076017382,
    0.21561680544249232,
    0.2146062173946365,
    0.18763583116553662
  ],
  "val_accs": [
    0.9546425067805413,
    0.9354838709677419,
    0.9634716371400542,
    0.9593744589993652,
    0.963644757343182,
    0.9688383634370131,
    0.9687229499682612,
    0.9671648681401119,
    0.967741935483871,
    0.9721853540308154,
    0.9556235212649317
  ],
  "epoch_times_sec": [
    570.0610091686249,
    560.5319123268127,
    560.1227555274963,
    560.2727463245392,
    560.2581925392151,
    560.1892175674438,
    560.1319994926453,
    560.0293507575989,
    559.78027510643,
    560.2192125320435,
    559.9500730037689
  ],
  "early_stop": {
    "enabled": true,
    "monitor": "val_loss",
    "best_epoch": 0,
    "best_value": 0.14951824656494683
  }
}