{
  "run_name": "fold_2",
  "train_losses": [
    0.22703380050082447,
    0.13063071925206937,
    0.10338727598075566,
    0.08182875913733609,
    0.07212159591519918,
    0.0595513971038181,
    0.054691803830386194,
    0.051002770829982884,
    0.04336365213817979,
    0.041371650433832015,
    0.03842576149143946,
    0.03527228155437047,
    0.030371511331987126,
    0.031792878943065705,
    0.03304606579355275,
    0.029378828243517056,
    0.024003672924587837,
    0.023075476605228566,
    0.025132758645596345,
    0.027342897476467464
  ],
  "val_losses": [
    0.15800097351004327,
    0.16670528440245286,
    0.1427550538473609,
    0.15084004603806572,
    0.16555665246035198,
    0.13991988499775865,
    0.15739708283530343,
    0.13732188498576917,
    0.13932762199172147,
    0.13156699146470263,
    0.1714058079552517,
    0.21290351130862417,
    0.20854495306545467,
    0.2099673511174494,
    0.18739098698133805,
    0.1941980216616684,
    0.281994392883087,
    0.2578142464757043,
    0.21568241037359157,
    0.20038624798937177
  ],
  "val_accs": [
    0.9525073576086329,
    0.9521034104680016,
    0.960124646546252,
    0.9683767095620058,
    0.9608748340931387,
    0.966587800796353,
    0.9525073576086329,
    0.9650297189682036,
    0.9663569738588493,
    0.9598938196087483,
    0.968896070171389,
    0.966530094061977,
    0.954815626983669,
    0.9721276472964395,
    0.960124646546252,
    0.9627791563275434,
    0.9723584742339431,
    0.9646834785619481,
    0.9709735126089215,
    0.9682612960932541
  ],
  "epoch_times_sec": [
    568.3088610172272,
    560.872171163559,
    560.3873240947723,
    560.4219582080841,
    560.3523244857788,
    560.22350025177,
    560.6002473831177,
    560.1845479011536,
    560.1959338188171,
    560.0177464485168,
    560.413078546524,
    560.1226263046265,
    560.3003458976746,
    560.4353969097137,
    560.6966910362244,
    560.2783510684967,
    560.3236613273621,
    560.2202534675598,
    560.2845103740692,
    560.2976653575897
  ],
  "early_stop": {
    "enabled": true,
    "monitor": "val_loss",
    "best_epoch": 9,
    "best_value": 0.13156699146470263
  }
}