{
  "data_flag": "octmnist",
  "num_classes": 4,
  "class_names": [
    "choroidal neovascularization",
    "diabetic macular edema",
    "drusen",
    "normal"
  ],
  "is_ensemble": false,
  "metrics": {
    "accuracy": 0.909,
    "balanced_accuracy": 0.9089999999999999,
    "auc": 0.9908186666666667
  },
  "confusion_matrix": [
    [
      245,
      4,
      1,
      0
    ],
    [
      7,
      243,
      0,
      0
    ],
    [
      62,
      1,
      182,
      5
    ],
    [
      0,
      8,
      3,
      239
    ]
  ],
  "counts": {
    "n_samples": 1000
  },
  "timing": {
    "eval_wall_sec": 2.6313164234161377,
    "throughput_img_per_s": 380.03791224080084,
    "latency_ms_per_img": 2.6313164234161377
  }
}