{
  "data_flag": "octmnist",
  "num_classes": 4,
  "class_names": [
    "choroidal neovascularization",
    "diabetic macular edema",
    "drusen",
    "normal"
  ],
  "is_ensemble": false,
  "metrics": {
    "accuracy": 0.899,
    "balanced_accuracy": 0.8989999999999999,
    "auc": 0.9888033333333334
  },
  "confusion_matrix": [
    [
      248,
      1,
      1,
      0
    ],
    [
      12,
      238,
      0,
      0
    ],
    [
      61,
      0,
      184,
      5
    ],
    [
      3,
      5,
      13,
      229
    ]
  ],
  "counts": {
    "n_samples": 1000
  },
  "timing": {
    "eval_wall_sec": 2.7105400562286377,
    "throughput_img_per_s": 368.93016862158805,
    "latency_ms_per_img": 2.7105400562286377
  }
}