{
  "data_flag": "octmnist",
  "num_classes": 4,
  "class_names": [
    "choroidal neovascularization",
    "diabetic macular edema",
    "drusen",
    "normal"
  ],
  "is_ensemble": false,
  "metrics": {
    "accuracy": 0.929,
    "balanced_accuracy": 0.9289999999999999,
    "auc": 0.9951706666666666
  },
  "confusion_matrix": [
    [
      249,
      0,
      1,
      0
    ],
    [
      11,
      239,
      0,
      0
    ],
    [
      54,
      0,
      192,
      4
    ],
    [
      0,
      0,
      1,
      249
    ]
  ],
  "counts": {
    "n_samples": 1000
  },
  "timing": {
    "eval_wall_sec": 2.6917498111724854,
    "throughput_img_per_s": 371.5055522059887,
    "latency_ms_per_img": 2.6917498111724854
  }
}