{
  "run_name": "fold_2",
  "train_losses": [
    0.4756594397370379,
    0.35127197112654684,
    0.3568414578162937,
    0.3332259386105645,
    0.2984692088344641,
    0.3187973863797678,
    0.26930825752124454,
    0.25075619441823555,
    0.22565041448836937,
    0.17830759301819002,
    0.151144558325746,
    0.12980016072591147,
    0.11343611571424288,
    0.07264390147120732,
    0.10397047745554071,
    0.09437740775278039,
    0.08039854044902295,
    0.11811238243466332,
    0.08987327805139068,
    0.053373719815323524,
    0.04164130227607593,
    0.03302620287825888,
    0.025662512707531004,
    0.02045888858929015,
    0.04920061728111783,
    0.02414730855994356,
    0.08890612083568908,
    0.05312164803794153,
    0.028786295338680868
  ],
  "val_losses": [
    0.37021735310554504,
    0.36290064454078674,
    0.3461682200431824,
    0.3354170024394989,
    0.2877900004386902,
    0.2603827714920044,
    0.27698227763175964,
    0.23060153424739838,
    0.20709578692913055,
    0.19493503868579865,
    0.1861678659915924,
    0.1868915557861328,
    0.15990237891674042,
    0.21765899658203125,
    0.1704079806804657,
    0.15600037574768066,
    0.21803000569343567,
    0.16457559168338776,
    0.14298130571842194,
    0.18667003512382507,
    0.23319895565509796,
    0.198780819773674,
    0.2226102203130722,
    0.22396689653396606,
    0.18135255575180054,
    0.3617168366909027,
    0.19765017926692963,
    0.295052170753479,
    0.21416796743869781
  ],
  "val_accs": [
    0.55,
    0.27,
    0.48,
    0.79,
    0.79,
    0.76,
    0.65,
    0.89,
    0.84,
    0.89,
    0.9,
    0.86,
    0.9,
    0.91,
    0.91,
    0.89,
    0.89,
    0.9,
    0.92,
    0.87,
    0.89,
    0.88,
    0.9,
    0.93,
    0.89,
    0.91,
    0.83,
    0.92,
    0.86
  ],
  "epoch_times_sec": [
    4.21199107170105,
    3.7826194763183594,
    3.790308952331543,
    3.724989414215088,
    3.7133758068084717,
    3.7189247608184814,
    3.747608184814453,
    3.8432424068450928,
    3.7962186336517334,
    3.7619314193725586,
    3.792036533355713,
    3.7335045337677,
    3.8563966751098633,
    3.741446018218994,
    3.8087618350982666,
    3.792975425720215,
    3.8401198387145996,
    3.799037456512451,
    3.842773675918579,
    3.824321985244751,
    3.803966522216797,
    3.805842399597168,
    3.8342788219451904,
    3.843287467956543,
    3.8315305709838867,
    3.7961151599884033,
    3.7494845390319824,
    3.7546045780181885,
    3.7921345233917236
  ],
  "early_stop": {
    "enabled": true,
    "monitor": "val_loss",
    "best_epoch": 18,
    "best_value": 0.14298130571842194
  }
}