{
  "run_name": "fold_3",
  "train_losses": [
    0.542822605983954,
    0.3812979408971648,
    0.34627836987488253,
    0.29058886649913357,
    0.25930027495649527,
    0.2829547681306538,
    0.21398903313734777,
    0.19484941104898476,
    0.17818025001009605,
    0.13479240914633997,
    0.1115331052239975,
    0.09389908391431459,
    0.08296006663998864,
    0.07147342638861864,
    0.055196597163838554,
    0.044680803341973094,
    0.031223432163248088,
    0.07256910376680226,
    0.03884792805913098,
    0.042836417530413555
  ],
  "val_losses": [
    0.4377647936344147,
    0.3696708083152771,
    0.31019866466522217,
    0.2399468570947647,
    0.3607749342918396,
    0.2110041379928589,
    0.21566972136497498,
    0.1937929093837738,
    0.18300564587116241,
    0.14705920219421387,
    0.1732194423675537,
    0.1561964750289917,
    0.17878897488117218,
    0.2152273952960968,
    0.19915854930877686,
    0.186939537525177,
    0.22858282923698425,
    0.26463618874549866,
    0.26982566714286804,
    0.23354634642601013
  ],
  "val_accs": [
    0.27,
    0.71,
    0.54,
    0.86,
    0.8,
    0.83,
    0.89,
    0.85,
    0.91,
    0.88,
    0.94,
    0.95,
    0.89,
    0.92,
    0.92,
    0.91,
    0.86,
    0.87,
    0.87,
    0.88
  ],
  "epoch_times_sec": [
    4.270483732223511,
    3.8356881141662598,
    3.7461469173431396,
    3.725224018096924,
    3.765202283859253,
    3.8194544315338135,
    3.7037243843078613,
    3.7086544036865234,
    3.735278844833374,
    3.7204225063323975,
    3.7324869632720947,
    3.7595479488372803,
    3.807032585144043,
    3.763578176498413,
    3.842211961746216,
    3.7982735633850098,
    3.809478521347046,
    3.737403631210327,
    3.7437903881073,
    3.846538782119751
  ],
  "early_stop": {
    "enabled": true,
    "monitor": "val_loss",
    "best_epoch": 9,
    "best_value": 0.14705920219421387
  }
}