{
  "run_name": "fold_1",
  "train_losses": [
    0.4573365500696321,
    0.35062435217071,
    0.3195910824271372,
    0.26655041783077077,
    0.21303523453255943,
    0.18001064979342887,
    0.1537774021464183,
    0.13591232395411135,
    0.14047348051142872,
    0.08265747462298936,
    0.09197913913200971,
    0.09544814021366282,
    0.06419235960881513,
    0.06291835349902772,
    0.05451601788513642,
    0.025455908369002186
  ],
  "val_losses": [
    0.37110915780067444,
    0.3305748701095581,
    0.2861916422843933,
    0.2174443006515503,
    0.2189788818359375,
    0.20679272711277008,
    0.3278305232524872,
    0.23640164732933044,
    0.22841636836528778,
    0.3433052897453308,
    0.2623545825481415,
    0.27278923988342285,
    0.3408483862876892,
    0.29558923840522766,
    0.4400276839733124,
    0.3239615857601166
  ],
  "val_accs": [
    0.29,
    0.84,
    0.9,
    0.83,
    0.74,
    0.88,
    0.88,
    0.9,
    0.87,
    0.82,
    0.86,
    0.87,
    0.86,
    0.88,
    0.85,
    0.87
  ],
  "epoch_times_sec": [
    4.225207805633545,
    3.6933891773223877,
    3.7412898540496826,
    3.7508232593536377,
    3.775219440460205,
    3.750523090362549,
    3.731741189956665,
    3.7502856254577637,
    3.7204596996307373,
    3.764197587966919,
    3.7960116863250732,
    3.7747840881347656,
    3.8305625915527344,
    3.8189821243286133,
    3.8140616416931152,
    3.8062973022460938
  ],
  "early_stop": {
    "enabled": true,
    "monitor": "val_loss",
    "best_epoch": 5,
    "best_value": 0.20679272711277008
  }
}