{
  "run_name": "fold_0",
  "train_losses": [
    0.45128296969229714,
    0.2750600274642906,
    0.17740205176790855,
    0.1361334138645564,
    0.09920492387355719,
    0.08197418729165443,
    0.062236371195704715,
    0.06830652614583946,
    0.037707701661532984,
    0.046779803464884744,
    0.034249430611020044,
    0.053845053029837164,
    0.02148031471367169,
    0.04045301869997106,
    0.03000828078516145,
    0.02273924010140555,
    0.047037429080571146
  ],
  "val_losses": [
    0.3390597403049469,
    0.2924889028072357,
    0.27479544281959534,
    0.26469337940216064,
    0.338561087846756,
    0.3147651255130768,
    0.23934638500213623,
    0.49541833996772766,
    0.32708311080932617,
    0.3574667274951935,
    0.36919334530830383,
    0.37534889578819275,
    0.45620977878570557,
    0.28995656967163086,
    0.6013477444648743,
    0.3594692051410675,
    0.5864213109016418
  ],
  "val_accs": [
    0.46,
    0.76,
    0.8,
    0.79,
    0.81,
    0.84,
    0.82,
    0.83,
    0.85,
    0.86,
    0.85,
    0.85,
    0.82,
    0.88,
    0.83,
    0.83,
    0.83
  ],
  "epoch_times_sec": [
    4.334392786026001,
    3.6644809246063232,
    3.680720567703247,
    3.675426721572876,
    3.680722713470459,
    3.763244390487671,
    3.730616807937622,
    3.742780923843384,
    3.8412749767303467,
    3.7492690086364746,
    3.783329486846924,
    3.747652530670166,
    3.7439866065979004,
    3.752880334854126,
    3.8115265369415283,
    3.747840642929077,
    3.7585690021514893
  ],
  "early_stop": {
    "enabled": true,
    "monitor": "val_loss",
    "best_epoch": 6,
    "best_value": 0.23934638500213623
  }
}