{
  "run_name": "fold_4",
  "train_losses": [
    0.4794133758544922,
    0.35476393699645997,
    0.3202706241607666,
    0.274212121963501,
    0.20380950450897217,
    0.1945536184310913,
    0.1736436414718628,
    0.1410059881210327,
    0.11214165687561035,
    0.10283447265625,
    0.06994901180267334,
    0.05547170400619507,
    0.0571957528591156,
    0.08894617795944214,
    0.07789599299430847,
    0.047929784059524534,
    0.04887545347213745,
    0.044541293382644655
  ],
  "val_losses": [
    0.3962889313697815,
    0.33803752064704895,
    0.31280192732810974,
    0.2469159960746765,
    0.2107395976781845,
    0.22319616377353668,
    0.22541755437850952,
    0.1730615645647049,
    0.215333491563797,
    0.25303760170936584,
    0.23161303997039795,
    0.2540457248687744,
    0.3646112382411957,
    0.2765999138355255,
    0.25111809372901917,
    0.17560946941375732,
    0.1930849552154541,
    0.20617617666721344
  ],
  "val_accs": [
    0.2727272727272727,
    0.4444444444444444,
    0.8282828282828283,
    0.7171717171717171,
    0.8383838383838383,
    0.8888888888888888,
    0.7878787878787878,
    0.9090909090909091,
    0.8686868686868687,
    0.8686868686868687,
    0.8585858585858586,
    0.8484848484848485,
    0.8181818181818182,
    0.8383838383838383,
    0.8686868686868687,
    0.898989898989899,
    0.8787878787878788,
    0.8383838383838383
  ],
  "epoch_times_sec": [
    4.345276832580566,
    3.7729732990264893,
    3.7039270401000977,
    3.7448763847351074,
    3.786879539489746,
    3.7011003494262695,
    3.7145068645477295,
    3.730402946472168,
    3.7166502475738525,
    3.833411931991577,
    3.752321481704712,
    3.738072156906128,
    3.732173204421997,
    3.7702043056488037,
    3.752734661102295,
    3.7307467460632324,
    3.8289899826049805,
    3.769632577896118
  ],
  "early_stop": {
    "enabled": true,
    "monitor": "val_loss",
    "best_epoch": 7,
    "best_value": 0.1730615645647049
  }
}