{
  "data_flag": "breastmnist",
  "num_classes": 2,
  "class_names": [
    "malignant",
    "normal, benign"
  ],
  "is_ensemble": false,
  "metrics": {
    "accuracy": 0.7692307692307693,
    "balanced_accuracy": 0.7894736842105263,
    "auc": 0.8744778613199665
  },
  "confusion_matrix": [
    [
      35,
      7
    ],
    [
      29,
      85
    ]
  ],
  "counts": {
    "n_samples": 156
  },
  "timing": {
    "eval_wall_sec": 0.7977268695831299,
    "throughput_img_per_s": 195.55565438271034,
    "latency_ms_per_img": 5.113633779379038
  }
}