{
  "data_flag": "breastmnist",
  "num_classes": 2,
  "class_names": [
    "malignant",
    "normal, benign"
  ],
  "is_ensemble": false,
  "metrics": {
    "accuracy": 0.8846153846153846,
    "balanced_accuracy": 0.868421052631579,
    "auc": 0.8742690058479533
  },
  "confusion_matrix": [
    [
      35,
      7
    ],
    [
      11,
      103
    ]
  ],
  "counts": {
    "n_samples": 156
  },
  "timing": {
    "eval_wall_sec": 0.5725967884063721,
    "throughput_img_per_s": 272.44302301131097,
    "latency_ms_per_img": 3.67049223337418
  }
}