{
  "data_flag": "breastmnist",
  "num_classes": 2,
  "class_names": [
    "malignant",
    "normal, benign"
  ],
  "is_ensemble": false,
  "metrics": {
    "accuracy": 0.8589743589743589,
    "balanced_accuracy": 0.8358395989974937,
    "auc": 0.8909774436090225
  },
  "confusion_matrix": [
    [
      33,
      9
    ],
    [
      13,
      101
    ]
  ],
  "counts": {
    "n_samples": 156
  },
  "timing": {
    "eval_wall_sec": 0.5618126392364502,
    "throughput_img_per_s": 277.6726422745079,
    "latency_ms_per_img": 3.601363072028527
  }
}