{
  "data_flag": "breastmnist",
  "num_classes": 2,
  "class_names": [
    "malignant",
    "normal, benign"
  ],
  "is_ensemble": false,
  "metrics": {
    "accuracy": 0.8205128205128205,
    "balanced_accuracy": 0.786967418546366,
    "auc": 0.9131161236424395
  },
  "confusion_matrix": [
    [
      30,
      12
    ],
    [
      16,
      98
    ]
  ],
  "counts": {
    "n_samples": 156
  },
  "timing": {
    "eval_wall_sec": 0.5703370571136475,
    "throughput_img_per_s": 273.5224689580619,
    "latency_ms_per_img": 3.656006776369535
  }
}