{
  "data_flag": "breastmnist",
  "num_classes": 2,
  "class_names": [
    "malignant",
    "normal, benign"
  ],
  "is_ensemble": false,
  "metrics": {
    "accuracy": 0.8589743589743589,
    "balanced_accuracy": 0.7982456140350878,
    "auc": 0.9058061821219715
  },
  "confusion_matrix": [
    [
      28,
      14
    ],
    [
      8,
      106
    ]
  ],
  "counts": {
    "n_samples": 156
  },
  "timing": {
    "eval_wall_sec": 0.5531005859375,
    "throughput_img_per_s": 282.0463473846833,
    "latency_ms_per_img": 3.5455165765224357
  }
}