{
  "run_name": "fold_1",
  "train_losses": [
    0.18515324991378876,
    0.06268786650547133,
    0.03103342570426786,
    0.021178510516276637,
    0.015283136607427038,
    0.012783833068384919,
    0.016881799794902654,
    0.05384340574308393,
    0.009490148715114081,
    0.002087322824824882,
    0.0027910486022800457,
    0.003367563490972831,
    0.003424360407928056,
    0.0038139890293004334,
    0.009212845048489965,
    0.0076939986402273465,
    0.007235409777607043,
    0.0038470817733168815,
    0.006910434172443128,
    0.00929746509105715,
    0.0005472055263594772,
    0.00022810250198025716,
    0.0002567382760817717,
    0.00010444640096837795,
    7.474549969251011e-05,
    7.391152689244549e-05,
    7.846379714373726e-05,
    5.8866713920401205e-05,
    5.586920742817855e-05,
    0.00012239164159841292,
    7.072936581044927e-05
  ],
  "val_losses": [
    0.13894172733829868,
    0.07210932984467476,
    0.053975048008749846,
    0.027052821199829147,
    0.05813181935281024,
    0.03592803472543988,
    0.3236445090605509,
    0.0633427643816887,
    0.031083707830099793,
    0.04147491478133088,
    0.043518563347513674,
    0.024176089834141476,
    0.05135139935564254,
    0.0638645517783353,
    0.02092273500408608,
    0.11377186602339807,
    0.03649666705118713,
    0.0471967712685626,
    0.15254309232232105,
    0.03007780932771262,
    0.01974046903271829,
    0.024365099874662243,
    0.02211311635346538,
    0.025887549969422205,
    0.025540459478271764,
    0.02693091713452852,
    0.02438217721291981,
    0.02438187310327481,
    0.02515186665617508,
    0.038567270847702825,
    0.028080473784157026
  ],
  "val_accs": [
    0.8494623655913979,
    0.931899641577061,
    0.9522102747909199,
    0.983273596176822,
    0.9522102747909199,
    0.970131421744325,
    0.8124253285543608,
    0.945041816009558,
    0.977299880525687,
    0.974910394265233,
    0.970131421744325,
    0.98805256869773,
    0.970131421744325,
    0.965352449223417,
    0.985663082437276,
    0.9307048984468339,
    0.977299880525687,
    0.972520908004779,
    0.9139784946236559,
    0.977299880525687,
    0.98805256869773,
    0.98805256869773,
    0.989247311827957,
    0.985663082437276,
    0.98805256869773,
    0.985663082437276,
    0.98805256869773,
    0.989247311827957,
    0.989247311827957,
    0.977299880525687,
    0.986857825567503
  ],
  "epoch_times_sec": [
    29.992064952850342,
    28.665608882904053,
    28.755067110061646,
    28.927685260772705,
    28.64085102081299,
    28.568856716156006,
    28.6859188079834,
    28.603731632232666,
    28.737256288528442,
    28.77380633354187,
    28.848533153533936,
    28.667327404022217,
    28.76661491394043,
    28.936262845993042,
    28.952966928482056,
    28.852999210357666,
    28.92398953437805,
    28.63237738609314,
    28.99052405357361,
    28.60887837409973,
    28.793464183807373,
    28.786524295806885,
    28.750675916671753,
    28.797407865524292,
    28.733683586120605,
    28.798523664474487,
    28.94567322731018,
    28.669888973236084,
    28.80653738975525,
    28.53999423980713,
    28.994269609451294
  ],
  "early_stop": {
    "enabled": true,
    "monitor": "val_loss",
    "best_epoch": 20,
    "best_value": 0.01974046903271829
  }
}