{
  "run_name": "fold_2",
  "train_losses": [
    0.15748123961679966,
    0.05115642549031667,
    0.03379938919698038,
    0.01554689407704694,
    0.024631752575811093,
    0.013046381160563466,
    0.042660547346944876,
    0.02339381820287471,
    0.003124100121634978,
    0.003965158344846188,
    0.00289203632476082,
    0.0018368339268412784,
    0.007029290449012209
  ],
  "val_losses": [
    0.09557386620355193,
    0.06261853236380159,
    0.03891664528006436,
    0.057117038997270726,
    0.12454238282950549,
    0.05102129868958301,
    0.05607240361338448,
    0.04352202429352695,
    0.05787087874564931,
    0.07771809153445733,
    0.06425693925812823,
    0.08356869240317008,
    0.07901333895564222
  ],
  "val_accs": [
    0.9020310633213859,
    0.9307048984468339,
    0.974910394265233,
    0.961768219832736,
    0.8888888888888888,
    0.9713261648745519,
    0.970131421744325,
    0.970131421744325,
    0.970131421744325,
    0.953405017921147,
    0.965352449223417,
    0.966547192353644,
    0.9713261648745519
  ],
  "epoch_times_sec": [
    30.121176958084106,
    28.73048424720764,
    28.889474868774414,
    28.8161678314209,
    28.744478464126587,
    28.73448133468628,
    28.860227584838867,
    28.64253330230713,
    28.714169025421143,
    28.802106857299805,
    28.68208146095276,
    28.530195951461792,
    28.790498733520508
  ],
  "early_stop": {
    "enabled": true,
    "monitor": "val_loss",
    "best_epoch": 2,
    "best_value": 0.03891664528006436
  }
}