{
  "run_name": "fold_4",
  "train_losses": [
    0.16508660663983016,
    0.04639718897881046,
    0.026152311829825598,
    0.024137783114628126,
    0.01679297728884605,
    0.015310959692425768,
    0.013930685355315784,
    0.006716204573497123,
    0.009741662165846592,
    0.00871386026057861,
    0.003488497687292284,
    0.0030903715672018174,
    0.007882914033005173,
    0.005192674081127205
  ],
  "val_losses": [
    0.07158174942578038,
    0.03982514316569947,
    0.07520788099300761,
    0.03616492560616246,
    0.05036818797799136,
    0.099300538784999,
    0.050292584052578665,
    0.06778266269762599,
    0.052190059651325824,
    0.08580105336051404,
    0.04335128418932109,
    0.12620753457540537,
    0.05574088521399663,
    0.055550697287422214
  ],
  "val_accs": [
    0.929510155316607,
    0.966547192353644,
    0.94026284348865,
    0.974910394265233,
    0.970131421744325,
    0.931899641577061,
    0.970131421744325,
    0.959378733572282,
    0.970131421744325,
    0.972520908004779,
    0.978494623655914,
    0.931899641577061,
    0.973715651135006,
    0.9796893667861409
  ],
  "epoch_times_sec": [
    30.186760187149048,
    28.74967360496521,
    28.825740814208984,
    28.795496940612793,
    28.697300910949707,
    28.649184226989746,
    28.745203018188477,
    28.722719430923462,
    28.814188718795776,
    28.73746657371521,
    28.702547073364258,
    28.709172248840332,
    28.73507809638977,
    28.738309144973755
  ],
  "early_stop": {
    "enabled": true,
    "monitor": "val_loss",
    "best_epoch": 3,
    "best_value": 0.03616492560616246
  }
}