{
  "run_name": "fold_3",
  "train_losses": [
    0.16497541271515076,
    0.07599486715050154,
    0.04070373817726418,
    0.040189372702738715,
    0.01559396394335953,
    0.008527670514056618,
    0.009499828723952476,
    0.010817810149781023,
    0.014851100947552114,
    0.0042373419660304895,
    0.0048995882733374515,
    0.007455497510562091,
    0.0053298510232742255,
    0.003934244181862904,
    0.001464476605561276,
    0.0013959586301544769,
    0.0005497427706205004,
    0.0030898522395638385,
    0.006451413285191946
  ],
  "val_losses": [
    0.11249522220347802,
    0.047987319001640896,
    0.04479610148189743,
    0.08024538688922442,
    0.046790418847382796,
    0.051227348488466225,
    0.054586782790008344,
    0.05112742901231154,
    0.043349235437659096,
    0.053677717168128906,
    0.048014776098008936,
    0.07057707222415581,
    0.053544455895527504,
    0.06698957745657884,
    0.0693012962516691,
    0.06955595441891955,
    0.06921575304783943,
    0.08840847736961134,
    0.05960922637263651
  ],
  "val_accs": [
    0.8876941457586619,
    0.951015531660693,
    0.978494623655914,
    0.9199522102747909,
    0.970131421744325,
    0.970131421744325,
    0.967741935483871,
    0.980884109916368,
    0.973715651135006,
    0.9796893667861409,
    0.9713261648745519,
    0.9498207885304659,
    0.977299880525687,
    0.965352449223417,
    0.984468339307049,
    0.967741935483871,
    0.9713261648745519,
    0.959378733572282,
    0.973715651135006
  ],
  "epoch_times_sec": [
    30.711572408676147,
    28.638928174972534,
    28.773386240005493,
    28.878762245178223,
    28.826581716537476,
    28.949015617370605,
    29.019753456115723,
    28.711362838745117,
    28.87045168876648,
    28.688884735107422,
    28.86570167541504,
    28.90449595451355,
    28.903147220611572,
    28.992893934249878,
    28.747652769088745,
    28.697084426879883,
    28.870535135269165,
    28.728349924087524,
    28.862098455429077
  ],
  "early_stop": {
    "enabled": true,
    "monitor": "val_loss",
    "best_epoch": 8,
    "best_value": 0.043349235437659096
  }
}