{
  "run_name": "fold_0",
  "train_losses": [
    0.15829506156834794,
    0.05437710998733411,
    0.03460981665688746,
    0.018822365141114312,
    0.03851204530170172,
    0.03342741047752089,
    0.011210536288282207,
    0.0034810201339468163,
    0.026021635653885034,
    0.016903139722033927,
    0.004223007018919344,
    0.0015490708701321443,
    0.0006615252021517663,
    0.00025154309699995046
  ],
  "val_losses": [
    0.06692935693719766,
    0.0928670033865932,
    0.0308546470233385,
    0.027214012119870103,
    0.1333172077239628,
    0.044056924315906056,
    0.06364774532179963,
    0.0564241014518903,
    0.06443945732826685,
    0.041112154802327515,
    0.05057477734742626,
    0.050826116826656755,
    0.047986685637754066,
    0.051055837747515175
  ],
  "val_accs": [
    0.9330943847072879,
    0.9080047789725209,
    0.9713261648745519,
    0.973715651135006,
    0.8888888888888888,
    0.9689366786140979,
    0.961768219832736,
    0.967741935483871,
    0.9366786140979689,
    0.9713261648745519,
    0.96415770609319,
    0.980884109916368,
    0.985663082437276,
    0.977299880525687
  ],
  "epoch_times_sec": [
    29.973097562789917,
    28.43245220184326,
    28.516138553619385,
    28.501192092895508,
    28.56474995613098,
    28.830137968063354,
    28.95303201675415,
    28.899747133255005,
    28.811115026474,
    28.963099002838135,
    28.814552545547485,
    28.918750762939453,
    28.935932397842407,
    28.712888717651367
  ],
  "early_stop": {
    "enabled": true,
    "monitor": "val_loss",
    "best_epoch": 3,
    "best_value": 0.027214012119870103
  }
}