{
  "data_flag": "pneumoniamnist",
  "num_classes": 2,
  "class_names": [
    "normal",
    "pneumonia"
  ],
  "is_ensemble": false,
  "metrics": {
    "accuracy": 0.9326923076923077,
    "balanced_accuracy": 0.9145299145299146,
    "auc": 0.9861275476660092
  },
  "confusion_matrix": [
    [
      197,
      37
    ],
    [
      5,
      385
    ]
  ],
  "counts": {
    "n_samples": 624
  },
  "timing": {
    "eval_wall_sec": 1.7795367240905762,
    "throughput_img_per_s": 350.6530613010486,
    "latency_ms_per_img": 2.8518216732220774
  }
}