{
  "data_flag": "pneumoniamnist",
  "num_classes": 2,
  "class_names": [
    "normal",
    "pneumonia"
  ],
  "is_ensemble": false,
  "metrics": {
    "accuracy": 0.9294871794871795,
    "balanced_accuracy": 0.9076923076923077,
    "auc": 0.992077580539119
  },
  "confusion_matrix": [
    [
      192,
      42
    ],
    [
      2,
      388
    ]
  ],
  "counts": {
    "n_samples": 624
  },
  "timing": {
    "eval_wall_sec": 1.7666380405426025,
    "throughput_img_per_s": 353.2132704491892,
    "latency_ms_per_img": 2.8311507059977603
  }
}