{
  "data_flag": "pneumoniamnist",
  "num_classes": 2,
  "class_names": [
    "normal",
    "pneumonia"
  ],
  "is_ensemble": false,
  "metrics": {
    "accuracy": 0.8958333333333334,
    "balanced_accuracy": 0.8636752136752137,
    "auc": 0.9849057637519176
  },
  "confusion_matrix": [
    [
      172,
      62
    ],
    [
      3,
      387
    ]
  ],
  "counts": {
    "n_samples": 624
  },
  "timing": {
    "eval_wall_sec": 1.7450752258300781,
    "throughput_img_per_s": 357.57770826365527,
    "latency_ms_per_img": 2.7965949131892276
  }
}