{
  "data_flag": "pneumoniamnist",
  "num_classes": 2,
  "class_names": [
    "normal",
    "pneumonia"
  ],
  "is_ensemble": false,
  "metrics": {
    "accuracy": 0.9310897435897436,
    "balanced_accuracy": 0.9115384615384616,
    "auc": 0.9852947622178391
  },
  "confusion_matrix": [
    [
      195,
      39
    ],
    [
      4,
      386
    ]
  ],
  "counts": {
    "n_samples": 624
  },
  "timing": {
    "eval_wall_sec": 2.347384214401245,
    "throughput_img_per_s": 265.8278078943143,
    "latency_ms_per_img": 3.761833676925072
  }
}