{
  "data_flag": "pneumoniamnist",
  "num_classes": 2,
  "class_names": [
    "normal",
    "pneumonia"
  ],
  "is_ensemble": true,
  "metrics": {
    "accuracy": 0.9262820512820513,
    "balanced_accuracy": 0.9042735042735043,
    "auc": 0.9893819855358317
  },
  "confusion_matrix": [
    [
      191,
      43
    ],
    [
      3,
      387
    ]
  ],
  "counts": {
    "n_samples": 624
  },
  "timing": {
    "eval_wall_sec": 7.660878896713257,
    "throughput_img_per_s": 81.45279522271451,
    "latency_ms_per_img": 12.277049513963552
  }
}