{
  "run_name": "fold_0",
  "train_losses": [
    0.41151741811804904,
    0.3451270865916011,
    0.280808412939086,
    0.23360681653321536,
    0.19053194337620175,
    0.1612623353351029,
    0.1472704655544501,
    0.1107230772051895,
    0.10713218746328712,
    0.06897778140572378,
    0.09547006755245659,
    0.0688604412222267,
    0.062204128518737946,
    0.09922634210801662,
    0.10664146466362745,
    0.08617806494385377,
    0.0812887117677464,
    0.05649454790846746,
    0.046008368183795674
  ],
  "val_losses": [
    0.3410707712173462,
    0.289173424243927,
    0.3178514540195465,
    0.29920488595962524,
    0.2902180850505829,
    0.24785250425338745,
    0.20501670241355896,
    0.20462137460708618,
    0.20371411740779877,
    0.2354295700788498,
    0.23387134075164795,
    0.22153915464878082,
    0.6440455317497253,
    0.38369056582450867,
    0.4981108605861664,
    0.3043866753578186,
    0.4199875593185425,
    0.34345027804374695,
    0.2831963002681732
  ],
  "val_accs": [
    0.4,
    0.8,
    0.79,
    0.62,
    0.83,
    0.76,
    0.85,
    0.88,
    0.85,
    0.86,
    0.87,
    0.79,
    0.86,
    0.79,
    0.85,
    0.76,
    0.83,
    0.85,
    0.85
  ],
  "epoch_times_sec": [
    4.506852626800537,
    3.7266101837158203,
    3.7340216636657715,
    3.71462345123291,
    3.719322443008423,
    3.744635581970215,
    3.7182397842407227,
    3.7369775772094727,
    3.7517142295837402,
    3.7630996704101562,
    3.7619500160217285,
    3.773472547531128,
    3.7861275672912598,
    3.813476324081421,
    3.816375255584717,
    3.776693820953369,
    3.791778087615967,
    3.792374610900879,
    3.7838611602783203
  ],
  "early_stop": {
    "enabled": true,
    "monitor": "val_loss",
    "best_epoch": 8,
    "best_value": 0.20371411740779877
  }
}