{
  "run_name": "fold_3",
  "train_losses": [
    0.46678582289463894,
    0.3543843051843476,
    0.3384459359305246,
    0.29799329905880423,
    0.2758885911831581,
    0.2543639754292959,
    0.2111063123048099,
    0.18087085446618253,
    0.16966710293800907,
    0.13350582600834973,
    0.11643075823485104,
    0.10059745568679389,
    0.10293019564826984,
    0.07225858478020307,
    0.08029620808766301,
    0.06259419386249437,
    0.09759341027204853,
    0.12614210984461888,
    0.0819703725943888,
    0.08033907323851622,
    0.05856527839985706,
    0.06125247448608093,
    0.05335640728025508
  ],
  "val_losses": [
    0.35197019577026367,
    0.33983150124549866,
    0.2904539704322815,
    0.23900580406188965,
    0.19932331144809723,
    0.191482812166214,
    0.19605857133865356,
    0.19725558161735535,
    0.19325701892375946,
    0.2032167762517929,
    0.18564845621585846,
    0.18221236765384674,
    0.17500177025794983,
    0.2197793573141098,
    0.20789891481399536,
    0.24216510355472565,
    0.17802633345127106,
    0.1909673660993576,
    0.19495466351509094,
    0.25584280490875244,
    0.23597896099090576,
    0.2529185712337494,
    0.2502100169658661
  ],
  "val_accs": [
    0.31,
    0.78,
    0.66,
    0.81,
    0.85,
    0.84,
    0.85,
    0.89,
    0.88,
    0.89,
    0.86,
    0.93,
    0.87,
    0.83,
    0.86,
    0.88,
    0.89,
    0.88,
    0.87,
    0.93,
    0.85,
    0.89,
    0.88
  ],
  "epoch_times_sec": [
    4.313557863235474,
    3.7931156158447266,
    3.9054853916168213,
    3.876293659210205,
    3.922433376312256,
    3.785876989364624,
    3.797008514404297,
    3.806591749191284,
    3.8028225898742676,
    3.908940553665161,
    3.9108803272247314,
    3.799745798110962,
    3.817500352859497,
    3.862412214279175,
    3.879432201385498,
    3.877509355545044,
    3.805701732635498,
    3.8190605640411377,
    3.892686605453491,
    3.9648025035858154,
    3.9813904762268066,
    3.9822564125061035,
    3.837848663330078
  ],
  "early_stop": {
    "enabled": true,
    "monitor": "val_loss",
    "best_epoch": 12,
    "best_value": 0.17500177025794983
  }
}