{
  "run_name": "fold_4",
  "train_losses": [
    0.4223730754852295,
    0.3380470848083496,
    0.3029024314880371,
    0.25360095024108886,
    0.2203379440307617,
    0.19856513023376465,
    0.1610296869277954,
    0.12086183786392211,
    0.14594817876815797,
    0.11626436233520508,
    0.10266196250915527,
    0.0756470513343811,
    0.08390313267707825,
    0.08002099752426148,
    0.05145235657691956,
    0.06985378384590149,
    0.050463097095489504
  ],
  "val_losses": [
    0.3435189723968506,
    0.2756620943546295,
    0.23610416054725647,
    0.24760985374450684,
    0.2343437820672989,
    0.24202211201190948,
    0.20316268503665924,
    0.22360214591026306,
    0.21061258018016815,
    0.20553669333457947,
    0.2590389847755432,
    0.32864436507225037,
    0.27308738231658936,
    0.25289902091026306,
    0.26413410902023315,
    0.29502299427986145,
    0.2589574456214905
  ],
  "val_accs": [
    0.3333333333333333,
    0.7777777777777778,
    0.8282828282828283,
    0.7373737373737373,
    0.898989898989899,
    0.7878787878787878,
    0.8181818181818182,
    0.8686868686868687,
    0.8585858585858586,
    0.9090909090909091,
    0.7676767676767676,
    0.8181818181818182,
    0.8585858585858586,
    0.8383838383838383,
    0.8888888888888888,
    0.797979797979798,
    0.8787878787878788
  ],
  "epoch_times_sec": [
    4.677609443664551,
    3.8897480964660645,
    3.9612324237823486,
    3.8175840377807617,
    3.8810088634490967,
    3.795307159423828,
    3.797212600708008,
    3.8084521293640137,
    3.9065473079681396,
    3.813760280609131,
    3.857609272003174,
    3.904425621032715,
    3.8073196411132812,
    3.8622844219207764,
    3.8522281646728516,
    3.802988290786743,
    3.81125545501709
  ],
  "early_stop": {
    "enabled": true,
    "monitor": "val_loss",
    "best_epoch": 6,
    "best_value": 0.20316268503665924
  }
}