{
  "run_name": "fold_2",
  "train_losses": [
    0.42933334503556253,
    0.3107854035265165,
    0.27915833169655097,
    0.21490225158538437,
    0.19817160603994116,
    0.1869316005467771,
    0.155241724841278,
    0.1446487073013956,
    0.13147206892047011,
    0.08904406898900082,
    0.07313171902993568,
    0.07142239047172375,
    0.06663213696396142,
    0.05115425616577454,
    0.08657969807024886,
    0.04095334695992912,
    0.059920054031792735,
    0.059153250883097634,
    0.057201891017139406,
    0.04157727165030955,
    0.0509281803790788,
    0.05301934196835473
  ],
  "val_losses": [
    0.3100292980670929,
    0.2997020184993744,
    0.2178380787372589,
    0.1994045227766037,
    0.16654819250106812,
    0.24503539502620697,
    0.1690235435962677,
    0.16089105606079102,
    0.150889590382576,
    0.1438007652759552,
    0.13977541029453278,
    0.13233324885368347,
    0.17305131256580353,
    0.16756869852542877,
    0.24975772202014923,
    0.14778345823287964,
    0.2630123794078827,
    0.15844671428203583,
    0.2420041561126709,
    0.17854133248329163,
    0.3955424726009369,
    0.2146090269088745
  ],
  "val_accs": [
    0.77,
    0.6,
    0.79,
    0.79,
    0.89,
    0.74,
    0.91,
    0.86,
    0.92,
    0.89,
    0.92,
    0.93,
    0.91,
    0.92,
    0.88,
    0.93,
    0.87,
    0.93,
    0.91,
    0.89,
    0.88,
    0.88
  ],
  "epoch_times_sec": [
    4.463015556335449,
    3.8803768157958984,
    3.8973352909088135,
    3.8969168663024902,
    3.838728427886963,
    3.8947553634643555,
    3.850137948989868,
    3.907942295074463,
    3.891751527786255,
    3.815382957458496,
    3.8674991130828857,
    3.9076197147369385,
    3.869377613067627,
    3.8274128437042236,
    3.8921751976013184,
    3.856391429901123,
    3.865571975708008,
    3.828613042831421,
    3.901496648788452,
    3.8761348724365234,
    3.8722574710845947,
    3.895951509475708
  ],
  "early_stop": {
    "enabled": true,
    "monitor": "val_loss",
    "best_epoch": 11,
    "best_value": 0.13233324885368347
  }
}