{
  "run_name": "fold_1",
  "train_losses": [
    0.4266285334613389,
    0.36746864032028315,
    0.3112057277134487,
    0.2855563343019414,
    0.23788178713996908,
    0.2346029162108151,
    0.20509838400628036,
    0.1808872031687495,
    0.1623076149694304,
    0.13012959425311937,
    0.13276756496955278,
    0.10332386475756652,
    0.11321072351364862,
    0.07635881906762756,
    0.057257517238607385,
    0.041472327440304865,
    0.09062120490205616,
    0.039192202097192444
  ],
  "val_losses": [
    0.3321417272090912,
    0.2879931628704071,
    0.28530001640319824,
    0.23146094381809235,
    0.2111903727054596,
    0.20002330839633942,
    0.19776175916194916,
    0.18527640402317047,
    0.18749696016311646,
    0.20307773351669312,
    0.1862233728170395,
    0.1874246597290039,
    0.1970219910144806,
    0.236565962433815,
    0.2770135700702667,
    0.2987401783466339,
    0.3000304102897644,
    0.20630550384521484
  ],
  "val_accs": [
    0.36,
    0.88,
    0.76,
    0.86,
    0.91,
    0.78,
    0.89,
    0.88,
    0.88,
    0.88,
    0.88,
    0.87,
    0.88,
    0.86,
    0.86,
    0.88,
    0.89,
    0.88
  ],
  "epoch_times_sec": [
    4.276618719100952,
    3.8030788898468018,
    3.727196216583252,
    3.7772014141082764,
    3.781700611114502,
    3.749929666519165,
    3.7551846504211426,
    3.8330235481262207,
    3.777116298675537,
    3.849330186843872,
    3.8540680408477783,
    3.886943817138672,
    3.8344438076019287,
    3.797852039337158,
    3.8608078956604004,
    3.8404905796051025,
    3.8456289768218994,
    3.8452134132385254
  ],
  "early_stop": {
    "enabled": true,
    "monitor": "val_loss",
    "best_epoch": 7,
    "best_value": 0.18527640402317047
  }
}