{
  "data_flag": "breastmnist",
  "num_classes": 2,
  "class_names": [
    "malignant",
    "normal, benign"
  ],
  "is_ensemble": false,
  "metrics": {
    "accuracy": 0.7948717948717948,
    "balanced_accuracy": 0.7994987468671679,
    "auc": 0.8984962406015038
  },
  "confusion_matrix": [
    [
      34,
      8
    ],
    [
      24,
      90
    ]
  ],
  "counts": {
    "n_samples": 156
  },
  "timing": {
    "eval_wall_sec": 0.5591824054718018,
    "throughput_img_per_s": 278.9787347983121,
    "latency_ms_per_img": 3.5845025991782165
  }
}