{
  "data_flag": "breastmnist",
  "num_classes": 2,
  "class_names": [
    "malignant",
    "normal, benign"
  ],
  "is_ensemble": false,
  "metrics": {
    "accuracy": 0.8974358974358975,
    "balanced_accuracy": 0.8847117794486214,
    "auc": 0.943609022556391
  },
  "confusion_matrix": [
    [
      36,
      6
    ],
    [
      10,
      104
    ]
  ],
  "counts": {
    "n_samples": 156
  },
  "timing": {
    "eval_wall_sec": 0.5189957618713379,
    "throughput_img_per_s": 300.5804892076813,
    "latency_ms_per_img": 3.326895909431653
  }
}