{
  "data_flag": "breastmnist",
  "num_classes": 2,
  "class_names": [
    "malignant",
    "normal, benign"
  ],
  "is_ensemble": false,
  "metrics": {
    "accuracy": 0.8205128205128205,
    "balanced_accuracy": 0.8020050125313283,
    "auc": 0.9078947368421053
  },
  "confusion_matrix": [
    [
      32,
      10
    ],
    [
      18,
      96
    ]
  ],
  "counts": {
    "n_samples": 156
  },
  "timing": {
    "eval_wall_sec": 1.2246568202972412,
    "throughput_img_per_s": 127.38262459693536,
    "latency_ms_per_img": 7.8503642326746235
  }
}