{
  "data_flag": "breastmnist",
  "num_classes": 2,
  "class_names": [
    "malignant",
    "normal, benign"
  ],
  "is_ensemble": false,
  "metrics": {
    "accuracy": 0.8269230769230769,
    "balanced_accuracy": 0.8214285714285714,
    "auc": 0.903717627401838
  },
  "confusion_matrix": [
    [
      34,
      8
    ],
    [
      19,
      95
    ]
  ],
  "counts": {
    "n_samples": 156
  },
  "timing": {
    "eval_wall_sec": 0.5921533107757568,
    "throughput_img_per_s": 263.4452888486438,
    "latency_ms_per_img": 3.7958545562548514
  }
}