{
  "run_name": "fold_2",
  "train_losses": [
    0.16712875306392655,
    0.06991900081702886,
    0.037148384602123975,
    0.029992173222230755,
    0.02416695186171765,
    0.022555115064127614,
    0.013546563765054108,
    0.0566268601013056,
    0.024452355778203073,
    0.030141488763558252,
    0.012974786457551138,
    0.012777809476482114,
    0.013184241477618153
  ],
  "val_losses": [
    0.05782118323064335,
    0.05494593363366532,
    0.04017918692231891,
    0.03939247764246438,
    0.07196444318392799,
    0.040509394246510705,
    0.05130950704199154,
    0.07338408808910434,
    0.07357596358998703,
    0.04759674194394616,
    0.04360555817363083,
    0.07155276230550867,
    0.05666060301084672
  ],
  "val_accs": [
    0.96415770609319,
    0.948626045400239,
    0.966547192353644,
    0.973715651135006,
    0.974910394265233,
    0.9796893667861409,
    0.9796893667861409,
    0.927120669056153,
    0.978494623655914,
    0.977299880525687,
    0.961768219832736,
    0.978494623655914,
    0.978494623655914
  ],
  "epoch_times_sec": [
    29.432461500167847,
    28.178292751312256,
    28.099460124969482,
    28.355989456176758,
    28.25937056541443,
    28.2113299369812,
    28.222739934921265,
    28.232001304626465,
    28.46604037284851,
    28.381706714630127,
    28.51604151725769,
    28.2384192943573,
    28.39608120918274
  ],
  "early_stop": {
    "enabled": true,
    "monitor": "val_loss",
    "best_epoch": 2,
    "best_value": 0.04017918692231891
  }
}