{
  "run_name": "fold_3",
  "train_losses": [
    0.20149023302139774,
    0.09340226607510693,
    0.049830990773375314,
    0.03640808316399405,
    0.028659694973855607,
    0.025903316773251677,
    0.03341718044759552,
    0.019898793158280522,
    0.017404936138304617,
    0.019856199684464945,
    0.0750822821540787,
    0.017750553946982148,
    0.013540359825928437,
    0.011569870682600151,
    0.013248626294066259,
    0.009608928701676775,
    0.013362896616438242,
    0.007928120346212472,
    0.015797145540070504,
    0.012631104990902269,
    0.010926656244743255,
    0.008424982940388695,
    0.016927524328481054,
    0.024696353943117203,
    0.010030873720684359,
    0.011888774897426973,
    0.009695213561790818
  ],
  "val_losses": [
    0.07772315380785486,
    0.04758394983115304,
    0.05438231557091362,
    0.050610841892263544,
    0.047189032648920375,
    0.051868975810648754,
    0.04650902894093002,
    0.05015634438924251,
    0.058171558831434524,
    0.05654534271594444,
    0.04489547690085114,
    0.045420055129657654,
    0.05545683760583187,
    0.05376046546484514,
    0.047178457830470664,
    0.05400496458950738,
    0.042241246842588946,
    0.04950459211315902,
    0.07551273670862012,
    0.05098195326291448,
    0.04846287356731854,
    0.08968495671929994,
    0.0792332202521027,
    0.0596513620943828,
    0.057039878165333784,
    0.06787701827455023,
    0.05986725759281907
  ],
  "val_accs": [
    0.9199522102747909,
    0.965352449223417,
    0.954599761051374,
    0.96415770609319,
    0.956989247311828,
    0.965352449223417,
    0.985663082437276,
    0.9605734767025089,
    0.9796893667861409,
    0.9689366786140979,
    0.974910394265233,
    0.972520908004779,
    0.978494623655914,
    0.974910394265233,
    0.965352449223417,
    0.97610513739546,
    0.967741935483871,
    0.980884109916368,
    0.931899641577061,
    0.9689366786140979,
    0.9796893667861409,
    0.977299880525687,
    0.9438470728793309,
    0.9796893667861409,
    0.980884109916368,
    0.980884109916368,
    0.978494623655914
  ],
  "epoch_times_sec": [
    29.71777892112732,
    28.16447401046753,
    28.26492953300476,
    28.172648429870605,
    28.247515439987183,
    28.28441023826599,
    28.261939525604248,
    28.359431743621826,
    28.523563385009766,
    28.297924041748047,
    28.42129945755005,
    28.18772053718567,
    28.223073482513428,
    28.154192447662354,
    28.17750382423401,
    28.247604846954346,
    28.220601081848145,
    28.188103437423706,
    28.229889392852783,
    28.21232581138611,
    28.21255850791931,
    28.289835453033447,
    28.4337477684021,
    28.258938550949097,
    28.281726837158203,
    28.164357900619507,
    28.072543382644653
  ],
  "early_stop": {
    "enabled": true,
    "monitor": "val_loss",
    "best_epoch": 16,
    "best_value": 0.042241246842588946
  }
}