{
  "run_name": "fold_1",
  "train_losses": [
    0.19749782475661776,
    0.08387056694520702,
    0.057870373646133406,
    0.03222307824533045,
    0.037612368698758177,
    0.030616228512111102,
    0.029462925974043753,
    0.024981633451819564,
    0.028397732791507542,
    0.01956622928309754,
    0.022568096855172404,
    0.028202410996529932,
    0.029488442850654127,
    0.017240188848961637,
    0.009717475469340988,
    0.018637201629730392,
    0.010192914370763402,
    0.008294113113888703,
    0.011610750197972591,
    0.0108928220934071,
    0.011811449309296933,
    0.007794687904978311,
    0.007820296846775243,
    0.009204307680097248,
    0.006854730767276908,
    0.005944173339100081
  ],
  "val_losses": [
    0.05358415911488208,
    0.06465537045840863,
    0.03881552571535395,
    0.0250400188406807,
    0.025236211645916513,
    0.024036963903117065,
    0.02545733730728196,
    0.06720655774219204,
    0.028571072365007093,
    0.034338732671744795,
    0.02312578308076699,
    0.0332538887475625,
    0.020581234584750526,
    0.022560021867853195,
    0.025858899812117274,
    0.017932709590214767,
    0.030199744439324456,
    0.023165493785195595,
    0.029987688079529767,
    0.03852181622631661,
    0.026168503000744782,
    0.029092236338550473,
    0.029554710504259545,
    0.047175694119047235,
    0.03144131743281261,
    0.049595711096284495
  ],
  "val_accs": [
    0.9581839904420549,
    0.9354838709677419,
    0.965352449223417,
    0.978494623655914,
    0.986857825567503,
    0.980884109916368,
    0.983273596176822,
    0.9390681003584229,
    0.970131421744325,
    0.9689366786140979,
    0.978494623655914,
    0.965352449223417,
    0.98805256869773,
    0.983273596176822,
    0.983273596176822,
    0.986857825567503,
    0.98805256869773,
    0.985663082437276,
    0.980884109916368,
    0.9689366786140979,
    0.978494623655914,
    0.9796893667861409,
    0.9904420549581839,
    0.9605734767025089,
    0.977299880525687,
    0.984468339307049
  ],
  "epoch_times_sec": [
    29.440298795700073,
    27.859812021255493,
    28.03378987312317,
    28.452510356903076,
    28.082626581192017,
    27.991661310195923,
    28.174322605133057,
    28.140365839004517,
    28.088823795318604,
    28.39917492866516,
    28.24092173576355,
    28.147789001464844,
    28.399000883102417,
    28.633058071136475,
    28.66891884803772,
    28.272766590118408,
    28.28452706336975,
    28.26120901107788,
    28.2326717376709,
    28.46307921409607,
    28.38461923599243,
    28.186197757720947,
    28.253187894821167,
    28.34192943572998,
    28.27709984779358,
    28.29847550392151
  ],
  "early_stop": {
    "enabled": true,
    "monitor": "val_loss",
    "best_epoch": 15,
    "best_value": 0.017932709590214767
  }
}