{
  "run_name": "fold_0",
  "train_losses": [
    0.184642903408839,
    0.06963909712031466,
    0.056406211824542446,
    0.03769219434389504,
    0.027530928043339273,
    0.03419590863346911,
    0.021860148504002547,
    0.03581345663489407,
    0.01688918372529382,
    0.02149995228580534,
    0.017944367324294726,
    0.014231139173110327,
    0.013002975226303155,
    0.024542923567186833,
    0.013386448829689618,
    0.009168879121203719,
    0.023518211454188667,
    0.008011178566385483,
    0.00803431060294239,
    0.015252879069697472,
    0.018096090978725835
  ],
  "val_losses": [
    0.05438721744319159,
    0.03917055379648291,
    0.032685613426576804,
    0.02774146097192592,
    0.03633336669886696,
    0.025050177103133255,
    0.03324226195408808,
    0.03889057285896766,
    0.02695930769985259,
    0.031107942383455975,
    0.016816487192569063,
    0.018171990156761207,
    0.029033675437109944,
    0.05473002859946505,
    0.02280889417121594,
    0.027137223833653377,
    0.01930836077474654,
    0.029556337385710993,
    0.027134762779256527,
    0.028965099534440424,
    0.02986272363595246
  ],
  "val_accs": [
    0.972520908004779,
    0.9629629629629629,
    0.966547192353644,
    0.973715651135006,
    0.9629629629629629,
    0.983273596176822,
    0.98805256869773,
    0.984468339307049,
    0.980884109916368,
    0.973715651135006,
    0.98805256869773,
    0.985663082437276,
    0.989247311827957,
    0.9796893667861409,
    0.989247311827957,
    0.984468339307049,
    0.989247311827957,
    0.982078853046595,
    0.986857825567503,
    0.982078853046595,
    0.978494623655914
  ],
  "epoch_times_sec": [
    29.50184655189514,
    27.819352626800537,
    27.89119863510132,
    28.113305807113647,
    28.082435607910156,
    28.130005359649658,
    28.04630398750305,
    28.09839963912964,
    28.07762122154236,
    27.94580101966858,
    28.177380323410034,
    28.20193099975586,
    28.065025091171265,
    27.970189094543457,
    28.235605478286743,
    28.24928045272827,
    28.05278992652893,
    28.045869827270508,
    28.02569031715393,
    27.967491149902344,
    28.16441035270691
  ],
  "early_stop": {
    "enabled": true,
    "monitor": "val_loss",
    "best_epoch": 10,
    "best_value": 0.016816487192569063
  }
}