{
  "run_name": "fold_4",
  "train_losses": [
    0.22681450644416765,
    0.07324991744621395,
    0.05329177036365158,
    0.06938115869656543,
    0.0828659606378708,
    0.02991094708157839,
    0.029445966939345057,
    0.023843155468379014,
    0.017560831134250943,
    0.014296113296435297,
    0.020553016534415623,
    0.019149485864234796,
    0.012521338870519663,
    0.03697212493512223,
    0.02899754458644484,
    0.018212376048915273,
    0.01810522396629287,
    0.013210373922844229,
    0.005469689793270549,
    0.0038537803977247206,
    0.013594857686874651,
    0.01687791846523433,
    0.01612179692981491,
    0.007798479560633571,
    0.00804935809416227,
    0.005370377393811051,
    0.011732538868289268,
    0.007694725054032486
  ],
  "val_losses": [
    0.06422703716739246,
    0.06032639530041169,
    0.03935697096151833,
    0.0402953830528715,
    0.036202256504352805,
    0.057053181437359345,
    0.03162163341575911,
    0.04415261010186504,
    0.036661797455704484,
    0.0452564714149335,
    0.03244913084568231,
    0.026084085309982585,
    0.035492078956381255,
    0.06456528554182041,
    0.048986954358601086,
    0.0399952635097817,
    0.02907373826937436,
    0.02450984357683747,
    0.03770993699808132,
    0.035215960564080676,
    0.03879729147862505,
    0.03818151261323669,
    0.03937610014471957,
    0.03827081575295404,
    0.050486212518408874,
    0.04552085648692494,
    0.047962564236196284,
    0.034103804622891414
  ],
  "val_accs": [
    0.948626045400239,
    0.967741935483871,
    0.977299880525687,
    0.972520908004779,
    0.973715651135006,
    0.951015531660693,
    0.970131421744325,
    0.97610513739546,
    0.978494623655914,
    0.97610513739546,
    0.977299880525687,
    0.978494623655914,
    0.97610513739546,
    0.9689366786140979,
    0.96415770609319,
    0.9796893667861409,
    0.980884109916368,
    0.978494623655914,
    0.972520908004779,
    0.980884109916368,
    0.967741935483871,
    0.974910394265233,
    0.970131421744325,
    0.978494623655914,
    0.978494623655914,
    0.967741935483871,
    0.96415770609319,
    0.977299880525687
  ],
  "epoch_times_sec": [
    29.407965898513794,
    27.82909083366394,
    28.144649028778076,
    28.28391146659851,
    28.183789253234863,
    28.10175919532776,
    28.06548261642456,
    28.106788873672485,
    28.061388969421387,
    28.18927550315857,
    28.294321537017822,
    28.286473751068115,
    27.937259674072266,
    27.972029447555542,
    28.02770495414734,
    28.41531753540039,
    28.20790934562683,
    28.184585332870483,
    28.077327728271484,
    28.102025508880615,
    28.248992204666138,
    28.113163709640503,
    28.11046838760376,
    27.98724389076233,
    28.08068323135376,
    28.064199924468994,
    28.153823137283325,
    28.211071491241455
  ],
  "early_stop": {
    "enabled": true,
    "monitor": "val_loss",
    "best_epoch": 17,
    "best_value": 0.02450984357683747
  }
}