{
  "data_flag": "pneumoniamnist",
  "num_classes": 2,
  "class_names": [
    "normal",
    "pneumonia"
  ],
  "is_ensemble": false,
  "metrics": {
    "accuracy": 0.9487179487179487,
    "balanced_accuracy": 0.9341880341880342,
    "auc": 0.9917598071444225
  },
  "confusion_matrix": [
    [
      205,
      29
    ],
    [
      3,
      387
    ]
  ],
  "counts": {
    "n_samples": 624
  },
  "timing": {
    "eval_wall_sec": 1.735217809677124,
    "throughput_img_per_s": 359.609033816976,
    "latency_ms_per_img": 2.780797771918468
  }
}