{
  "data_flag": "pneumoniamnist",
  "num_classes": 2,
  "class_names": [
    "normal",
    "pneumonia"
  ],
  "is_ensemble": false,
  "metrics": {
    "accuracy": 0.9230769230769231,
    "balanced_accuracy": 0.9,
    "auc": 0.9909598948060487
  },
  "confusion_matrix": [
    [
      189,
      45
    ],
    [
      3,
      387
    ]
  ],
  "counts": {
    "n_samples": 624
  },
  "timing": {
    "eval_wall_sec": 1.7388782501220703,
    "throughput_img_per_s": 358.8520357628229,
    "latency_ms_per_img": 2.7866638623751125
  }
}