{
  "data_flag": "pneumoniamnist",
  "num_classes": 2,
  "class_names": [
    "normal",
    "pneumonia"
  ],
  "is_ensemble": false,
  "metrics": {
    "accuracy": 0.9375,
    "balanced_accuracy": 0.9175213675213676,
    "auc": 0.9945321060705676
  },
  "confusion_matrix": [
    [
      196,
      38
    ],
    [
      1,
      389
    ]
  ],
  "counts": {
    "n_samples": 624
  },
  "timing": {
    "eval_wall_sec": 2.281890630722046,
    "throughput_img_per_s": 273.45745304302824,
    "latency_ms_per_img": 3.6568760107725096
  }
}