{
  "data_flag": "pneumoniamnist",
  "num_classes": 2,
  "class_names": [
    "normal",
    "pneumonia"
  ],
  "is_ensemble": false,
  "metrics": {
    "accuracy": 0.9182692307692307,
    "balanced_accuracy": 0.8927350427350427,
    "auc": 0.9891080429541969
  },
  "confusion_matrix": [
    [
      185,
      49
    ],
    [
      2,
      388
    ]
  ],
  "counts": {
    "n_samples": 624
  },
  "timing": {
    "eval_wall_sec": 1.7467920780181885,
    "throughput_img_per_s": 357.22625941145503,
    "latency_ms_per_img": 2.799346278875302
  }
}