{
  "data_flag": "pneumoniamnist",
  "num_classes": 2,
  "class_names": [
    "normal",
    "pneumonia"
  ],
  "is_ensemble": false,
  "metrics": {
    "accuracy": 0.9551282051282052,
    "balanced_accuracy": 0.9435897435897436,
    "auc": 0.9897107166337935
  },
  "confusion_matrix": [
    [
      210,
      24
    ],
    [
      4,
      386
    ]
  ],
  "counts": {
    "n_samples": 624
  },
  "timing": {
    "eval_wall_sec": 1.765845537185669,
    "throughput_img_per_s": 353.3717909407327,
    "latency_ms_per_img": 2.8298806685667772
  }
}