{
  "run_name": "fold_0",
  "train_losses": [
    0.08464156818361236,
    0.030447422043205455,
    0.016214715401964404,
    0.015633269857901793,
    0.020468271816543374,
    0.01559964654286607,
    0.005646655404304441,
    0.010946502523998229,
    0.017644749990162942,
    0.011961390586713186,
    0.007766399122864151,
    0.013614942488717273,
    0.00924103045074914,
    0.005050794611004396,
    0.004351321869762614,
    0.007106375484279572,
    0.002064305024060349,
    0.0019595130109407296,
    0.007378304604152128,
    0.005325900703050697,
    0.0045675573553755665,
    0.0034488592651681616,
    0.0016726717266675013
  ],
  "val_losses": [
    0.047448488750628064,
    0.06415882653423718,
    0.038537590498370786,
    0.04253407674176352,
    0.23417737654277257,
    0.029973930147077357,
    0.029946648382714817,
    0.07662031480244227,
    0.36745066727910725,
    0.03606872719579509,
    0.11684098307575498,
    0.0635041851949479,
    0.027193788305989335,
    0.048424065578728914,
    0.076400845178536,
    0.05624999717942306,
    0.029257757855313166,
    0.07186845211046082,
    0.04659130357738052,
    0.06690924375184945,
    0.11325515061616898,
    0.05625419345285211,
    0.09296017406242234
  ],
  "val_accs": [
    0.961768219832736,
    0.942652329749104,
    0.970131421744325,
    0.973715651135006,
    0.8470728793309439,
    0.980884109916368,
    0.9796893667861409,
    0.973715651135006,
    0.9020310633213859,
    0.970131421744325,
    0.9689366786140979,
    0.973715651135006,
    0.982078853046595,
    0.980884109916368,
    0.9390681003584229,
    0.9629629629629629,
    0.983273596176822,
    0.954599761051374,
    0.977299880525687,
    0.980884109916368,
    0.982078853046595,
    0.984468339307049,
    0.973715651135006
  ],
  "epoch_times_sec": [
    5.608998537063599,
    3.2139394283294678,
    3.149603843688965,
    3.2560536861419678,
    3.1390063762664795,
    3.170119047164917,
    3.122732639312744,
    3.298628568649292,
    3.0599875450134277,
    3.02775502204895,
    3.293825626373291,
    3.295274257659912,
    3.259669780731201,
    3.066378355026245,
    3.379056453704834,
    3.1263864040374756,
    3.139847993850708,
    3.0319035053253174,
    3.051785945892334,
    3.10819935798645,
    3.1888186931610107,
    3.2172768115997314,
    3.1088435649871826
  ],
  "total_train_sec": 75.95726442337036,
  "early_stop": {
    "enabled": true,
    "monitor": "val_loss",
    "best_epoch": 12,
    "best_value": 0.027193788305989335
  }
}