{
  "run_name": "fold_1",
  "train_losses": [
    0.07880368857429577,
    0.03450052905827761,
    0.020321518881246448,
    0.01636928567985216,
    0.02528541791252792,
    0.020394498106235497,
    0.01321817463926541,
    0.008854700821057822,
    0.006924462371478932,
    0.006970614418745614,
    0.0033304918290993487,
    0.003662607677912232,
    0.004838797257644518,
    0.009560583867893841,
    0.015206762029825209,
    0.011590506247907447,
    0.0039062405031962464,
    0.0024085359618766233,
    0.001078226362341621
  ],
  "val_losses": [
    0.16072065915380204,
    0.04140518066872444,
    0.028196533609713827,
    0.0895990931562015,
    0.38355516110147747,
    0.10850325067128454,
    0.062477568962744305,
    0.0916251465678215,
    0.019175926888627664,
    0.0975333782179015,
    0.03143552517784493,
    0.08581750015062946,
    0.10447655032788004,
    0.03687075831528221,
    0.057938136626034975,
    0.027694667955594405,
    0.02854098958362426,
    0.04052170665402498,
    0.0232484034578582
  ],
  "val_accs": [
    0.945041816009558,
    0.984468339307049,
    0.9796893667861409,
    0.9330943847072879,
    0.7395459976105138,
    0.970131421744325,
    0.9581839904420549,
    0.9689366786140979,
    0.989247311827957,
    0.965352449223417,
    0.978494623655914,
    0.977299880525687,
    0.970131421744325,
    0.980884109916368,
    0.951015531660693,
    0.977299880525687,
    0.978494623655914,
    0.967741935483871,
    0.986857825567503
  ],
  "epoch_times_sec": [
    4.448716878890991,
    3.161813974380493,
    3.2328858375549316,
    3.1008315086364746,
    3.1363308429718018,
    3.1469180583953857,
    3.107717514038086,
    3.2446470260620117,
    3.260969638824463,
    3.1145071983337402,
    3.2511134147644043,
    3.1339731216430664,
    3.1580021381378174,
    3.2056477069854736,
    3.332308292388916,
    3.211629867553711,
    3.2486624717712402,
    3.127352237701416,
    3.1725096702575684
  ],
  "total_train_sec": 62.54662537574768,
  "early_stop": {
    "enabled": true,
    "monitor": "val_loss",
    "best_epoch": 8,
    "best_value": 0.019175926888627664
  }
}