{
  "run_name": "fold_4",
  "train_losses": [
    0.07708905959645143,
    0.03310701648633067,
    0.032503445632755756,
    0.01633503929210397,
    0.01037914533382998,
    0.01192327994459237,
    0.010605992489637664,
    0.017962218387625538,
    0.014349632703949912,
    0.016183891320207085,
    0.009038470284744667,
    0.004628566237023244,
    0.006741072178276506
  ],
  "val_losses": [
    0.35844571036951883,
    0.05888155182557447,
    0.035284229421189854,
    0.03639281115361622,
    0.12842557579278946,
    0.0624319530491318,
    0.18467559133257186,
    0.052936406806111336,
    0.09113500373704093,
    0.056062022490160804,
    0.5083505766732352,
    0.06578056088515691,
    0.038774250873497555
  ],
  "val_accs": [
    0.7168458781362007,
    0.966547192353644,
    0.9713261648745519,
    0.9796893667861409,
    0.9605734767025089,
    0.977299880525687,
    0.8864994026284349,
    0.978494623655914,
    0.959378733572282,
    0.959378733572282,
    0.8578255675029869,
    0.9629629629629629,
    0.9713261648745519
  ],
  "epoch_times_sec": [
    4.460578918457031,
    3.1121177673339844,
    3.235933542251587,
    3.250542640686035,
    3.274721622467041,
    3.20999813079834,
    3.280819892883301,
    3.3765485286712646,
    3.328077554702759,
    3.2791337966918945,
    3.08548903465271,
    3.271829843521118,
    3.1028919219970703
  ],
  "total_train_sec": 43.81041216850281,
  "early_stop": {
    "enabled": true,
    "monitor": "val_loss",
    "best_epoch": 2,
    "best_value": 0.035284229421189854
  }
}