{
  "run_name": "fold_2",
  "train_losses": [
    0.08399367368278596,
    0.026114358423421018,
    0.020531481490112267,
    0.011560615805837397,
    0.010981008119415492,
    0.01008980257364993,
    0.013735913837221093,
    0.010715168515721766,
    0.006070840190379665,
    0.007480401236814662,
    0.011940305083184145,
    0.005084356645686337,
    0.00820881997844061,
    0.005051186435873835
  ],
  "val_losses": [
    0.13666636177471705,
    0.056226237011807303,
    0.18224293845040457,
    0.03089660406112671,
    0.06206605476992471,
    0.04315387617264475,
    0.0891982125384467,
    0.08768442911761147,
    0.04005236817257745,
    0.04290096169071538,
    0.06993995340807098,
    0.08696213151727404,
    0.059762394321816306,
    0.04524848556944302
  ],
  "val_accs": [
    0.9115890083632019,
    0.965352449223417,
    0.9330943847072879,
    0.982078853046595,
    0.965352449223417,
    0.970131421744325,
    0.9354838709677419,
    0.9689366786140979,
    0.973715651135006,
    0.97610513739546,
    0.9629629629629629,
    0.9689366786140979,
    0.9605734767025089,
    0.9689366786140979
  ],
  "epoch_times_sec": [
    4.586573362350464,
    3.267871618270874,
    3.258742094039917,
    3.161395311355591,
    3.2387402057647705,
    3.1813509464263916,
    3.1188340187072754,
    3.310840606689453,
    3.321747303009033,
    3.3447275161743164,
    3.333148956298828,
    3.327528953552246,
    3.115476369857788,
    3.288982629776001
  ],
  "total_train_sec": 47.425392389297485,
  "early_stop": {
    "enabled": true,
    "monitor": "val_loss",
    "best_epoch": 3,
    "best_value": 0.03089660406112671
  }
}