{
  "run_name": "fold_3",
  "train_losses": [
    0.09173398479246177,
    0.0332135226076039,
    0.024144681510873713,
    0.017106433399021626,
    0.015059715539861757,
    0.014898488512979103,
    0.0155407831681749,
    0.010190624251173666,
    0.007344752044166223,
    0.005719231408595358,
    0.005298723702883133,
    0.001171030485868239
  ],
  "val_losses": [
    0.10451164841651917,
    0.027263839995222434,
    0.034361355538879125,
    0.10841386871678489,
    0.03824317501857877,
    0.07478434486048562,
    0.07274643810732025,
    0.03410622876669679,
    0.0501702904834279,
    0.02651816446866308,
    0.030462591775826046,
    0.033023563612784655
  ],
  "val_accs": [
    0.927120669056153,
    0.983273596176822,
    0.970131421744325,
    0.927120669056153,
    0.982078853046595,
    0.942652329749104,
    0.946236559139785,
    0.97610513739546,
    0.974910394265233,
    0.9796893667861409,
    0.983273596176822,
    0.980884109916368
  ],
  "epoch_times_sec": [
    4.305117130279541,
    3.071280002593994,
    3.133700370788574,
    3.1492984294891357,
    3.1057510375976562,
    3.1846730709075928,
    3.1707801818847656,
    3.351269245147705,
    3.3526077270507812,
    3.1593339443206787,
    3.3005974292755127,
    3.2619643211364746
  ],
  "total_train_sec": 40.01469898223877,
  "early_stop": {
    "enabled": true,
    "monitor": "val_loss",
    "best_epoch": 1,
    "best_value": 0.027263839995222434
  }
}