{
  "data_flag": "pneumoniamnist",
  "num_classes": 2,
  "class_names": [
    "normal",
    "pneumonia"
  ],
  "is_ensemble": false,
  "metrics": {
    "accuracy": 0.8958333333333334,
    "balanced_accuracy": 0.861965811965812,
    "auc": 0.9794652640806487
  },
  "confusion_matrix": [
    [
      170,
      64
    ],
    [
      1,
      389
    ]
  ],
  "counts": {
    "n_samples": 624
  },
  "timing": {
    "eval_wall_sec": 0.41150522232055664,
    "throughput_img_per_s": 1516.3841578513748,
    "latency_ms_per_img": 0.6594634973085843
  }
}