{
  "data_flag": "pneumoniamnist",
  "num_classes": 2,
  "class_names": [
    "normal",
    "pneumonia"
  ],
  "is_ensemble": false,
  "metrics": {
    "accuracy": 0.9150641025641025,
    "balanced_accuracy": 0.8884615384615384,
    "auc": 0.9823033092263862
  },
  "confusion_matrix": [
    [
      183,
      51
    ],
    [
      2,
      388
    ]
  ],
  "counts": {
    "n_samples": 624
  },
  "timing": {
    "eval_wall_sec": 0.4388749599456787,
    "throughput_img_per_s": 1421.8172758756502,
    "latency_ms_per_img": 0.7033252563232031
  }
}