{
  "data_flag": "pneumoniamnist",
  "num_classes": 2,
  "class_names": [
    "normal",
    "pneumonia"
  ],
  "is_ensemble": false,
  "metrics": {
    "accuracy": 0.9294871794871795,
    "balanced_accuracy": 0.9076923076923077,
    "auc": 0.9818102125794433
  },
  "confusion_matrix": [
    [
      192,
      42
    ],
    [
      2,
      388
    ]
  ],
  "counts": {
    "n_samples": 624
  },
  "timing": {
    "eval_wall_sec": 0.9482591152191162,
    "throughput_img_per_s": 658.0479849706596,
    "latency_ms_per_img": 1.519646017979353
  }
}