{
  "data_flag": "pneumoniamnist",
  "num_classes": 2,
  "class_names": [
    "normal",
    "pneumonia"
  ],
  "is_ensemble": false,
  "metrics": {
    "accuracy": 0.8878205128205128,
    "balanced_accuracy": 0.8512820512820514,
    "auc": 0.9733234714003945
  },
  "confusion_matrix": [
    [
      165,
      69
    ],
    [
      1,
      389
    ]
  ],
  "counts": {
    "n_samples": 624
  },
  "timing": {
    "eval_wall_sec": 0.41387009620666504,
    "throughput_img_per_s": 1507.71946492217,
    "latency_ms_per_img": 0.663253359305553
  }
}