{
  "run_name": "fold_3",
  "train_losses": [
    0.1681175045630795,
    0.032772222087674836,
    0.020910979873565175,
    0.011809074906313628,
    0.016356860959969546,
    0.01198452158004734,
    0.007299560405810522,
    0.011989907775988374,
    0.006228198648433207,
    0.005224411239239893,
    0.0037405841817214213,
    0.00026589472316716236,
    0.00013169407631430705,
    0.00010116120648091776,
    9.764767080092827e-05,
    7.720130709442428e-05,
    0.03437803362924443,
    0.011774022543991937,
    0.007100336178847975,
    0.005108025682798638,
    0.0038494285842564633,
    0.001303298928266677
  ],
  "val_losses": [
    0.04369232071230095,
    0.029893061270921444,
    0.03512224339796106,
    0.04962254548799836,
    0.02265661358084625,
    0.04032522146869394,
    0.023379436073121165,
    0.025033818597419825,
    0.02073088866168884,
    0.013640580483174562,
    0.006231586430574161,
    0.003374434969818728,
    0.003340886983033281,
    0.003343512638772524,
    0.003362071841681552,
    0.00351264194209036,
    0.03770212469175549,
    0.015463425405635459,
    0.006936748510015471,
    0.03447519820777645,
    0.03327039306767537,
    0.007999110630401166
  ],
  "val_accs": [
    0.9881242387332522,
    0.9901035322777101,
    0.9870584652862363,
    0.982795371498173,
    0.9933008526187577,
    0.9867539585870889,
    0.9939098660170523,
    0.993148599269184,
    0.9961936662606578,
    0.9963459196102314,
    0.9978684531059683,
    0.9995432399512789,
    0.9996954933008526,
    0.9996954933008526,
    0.9996954933008526,
    0.9996954933008526,
    0.9879719853836785,
    0.995584652862363,
    0.9986297198538368,
    0.9876674786845311,
    0.9910170523751523,
    0.9984774665042631
  ],
  "epoch_times_sec": [
    229.4582600593567,
    223.0565996170044,
    223.40227603912354,
    223.44662070274353,
    223.1628613471985,
    223.1797435283661,
    222.94750809669495,
    222.89145159721375,
    222.77981090545654,
    222.6526780128479,
    223.02629399299622,
    222.7981824874878,
    222.88550758361816,
    222.9038302898407,
    223.1122214794159,
    222.6004068851471,
    222.95782113075256,
    223.00162744522095,
    222.91016387939453,
    223.0761013031006,
    223.19083499908447,
    222.88130950927734
  ],
  "early_stop": {
    "enabled": true,
    "monitor": "val_loss",
    "best_epoch": 11,
    "best_value": 0.003374434969818728
  }
}