{
  "run_name": "fold_0",
  "train_losses": [
    0.17487785703844042,
    0.030519537329356142,
    0.020521399578653576,
    0.011360355833234508,
    0.015458974988119229,
    0.0090115228680617,
    0.005945656379263952,
    0.01826602179073841,
    0.0071004231664012945,
    0.0057898285828789425,
    0.004795130497654594,
    0.011363141713851107,
    0.005672545387876423,
    0.0012371547774119068,
    0.00030472241291020803,
    0.0008242261674650462,
    0.00014729536605766894,
    7.135211635436568e-05,
    6.323600834562816e-05,
    5.1575200671208715e-05,
    4.5910969443350404e-05,
    4.1588882777210885e-05,
    3.707713759677251e-05,
    3.410312534463348e-05,
    3.120340326956635e-05,
    2.8391138719035773e-05,
    2.7286032165557228e-05
  ],
  "val_losses": [
    0.056403893505291576,
    0.050522546210673744,
    0.01175113406708876,
    0.02072081638862756,
    0.010284094966306924,
    0.01741511584298558,
    0.021145629666066274,
    0.015351034913604495,
    0.012580734819800212,
    0.019907038238209745,
    0.028686075542450833,
    0.015334303502301354,
    0.01201207698251236,
    0.006716393131600605,
    0.0044064555065941894,
    0.004915963608634191,
    0.0028458676930728033,
    0.0026380204843125367,
    0.001987255250239938,
    0.001985721815237639,
    0.0020115250068884214,
    0.002114805158363824,
    0.002153822511087223,
    0.002147767738341375,
    0.0021507822755049595,
    0.002094721175244424,
    0.0026287376036719956
  ],
  "val_accs": [
    0.9797533871213274,
    0.98386360176587,
    0.9961942456994977,
    0.9942152534632364,
    0.9966509362155579,
    0.9949764043233369,
    0.9943674836352565,
    0.9946719439792967,
    0.9974120870756584,
    0.9936063327751561,
    0.9925407215710154,
    0.9960420155274775,
    0.9954330948393971,
    0.998325468107779,
    0.9987821586238392,
    0.9986299284518192,
    0.9992388491398996,
    0.9993910793119196,
    0.9992388491398996,
    0.9993910793119196,
    0.9993910793119196,
    0.9993910793119196,
    0.9993910793119196,
    0.9993910793119196,
    0.9993910793119196,
    0.9993910793119196,
    0.9992388491398996
  ],
  "epoch_times_sec": [
    229.73536729812622,
    222.8550362586975,
    223.14096879959106,
    222.28705310821533,
    222.0227973461151,
    222.31210136413574,
    223.09641003608704,
    222.93714594841003,
    222.73725581169128,
    222.74604058265686,
    222.99604177474976,
    222.95185804367065,
    223.07701587677002,
    223.1211428642273,
    222.87181568145752,
    222.9787356853485,
    222.80157470703125,
    223.25011324882507,
    222.86879467964172,
    222.55734944343567,
    222.8065996170044,
    222.8408944606781,
    222.51027011871338,
    222.47860264778137,
    222.5273997783661,
    222.61296033859253,
    222.6910376548767
  ],
  "early_stop": {
    "enabled": true,
    "monitor": "val_loss",
    "best_epoch": 16,
    "best_value": 0.0028458676930728033
  }
}