{
  "run_name": "fold_2",
  "train_losses": [
    0.1664129609008622,
    0.030162956226594838,
    0.023104671177736846,
    0.02080539407655418,
    0.017354466379793654,
    0.005517341108909819,
    0.0007736470229282544,
    0.01123967446681457,
    0.014614430811408313,
    0.011786873752431839,
    0.006400779272564241,
    0.01096758843981178,
    0.0024874614408383,
    0.010736867484713846,
    0.004450065981484268,
    0.0004148354817445416,
    0.01001799102762438
  ],
  "val_losses": [
    0.03293400161971092,
    0.03467558338630141,
    0.02640881234650635,
    0.025629251462126086,
    0.020038417917245206,
    0.00780676166659128,
    0.004040084241603838,
    0.014646710487882053,
    0.03345145067425096,
    0.01046709180662443,
    0.018270616700158688,
    0.010385402402168153,
    0.014028461272692156,
    0.017963110581726678,
    0.008676502540296093,
    0.004072658084765778,
    0.03953191568214564
  ],
  "val_accs": [
    0.9894945188794153,
    0.9890377588306942,
    0.9925395858708892,
    0.993605359317905,
    0.9937576126674786,
    0.9981729598051157,
    0.9990864799025578,
    0.9945188794153471,
    0.9926918392204629,
    0.9968026796589525,
    0.9948233861144945,
    0.9969549330085262,
    0.998020706455542,
    0.9949756394640682,
    0.997563946406821,
    0.9990864799025578,
    0.9888855054811205
  ],
  "epoch_times_sec": [
    229.07130360603333,
    223.16691946983337,
    223.01148796081543,
    222.7181007862091,
    223.1065800189972,
    223.07030510902405,
    223.24793004989624,
    223.35299396514893,
    223.40513944625854,
    223.40370678901672,
    223.18304896354675,
    223.37754678726196,
    223.20789861679077,
    223.44596147537231,
    223.2680699825287,
    223.2143669128418,
    223.21465802192688
  ],
  "early_stop": {
    "enabled": true,
    "monitor": "val_loss",
    "best_epoch": 6,
    "best_value": 0.004040084241603838
  }
}