{
  "run_name": "fold_1",
  "train_losses": [
    0.17985567382123116,
    0.03271792969750681,
    0.017683905475154953,
    0.024747090717529546,
    0.008535790160347691,
    0.0048119961569988295,
    0.0243622964232535,
    0.006826146611443246,
    0.004514258736676108,
    0.010843881291641419,
    0.003763059263048807,
    0.00495418286093448,
    0.008323804059598696,
    0.0040405184196854365,
    0.0015552905151916213
  ],
  "val_losses": [
    0.037260106679939196,
    0.021682356797747458,
    0.02540094687368882,
    0.0497513788266745,
    0.007807355548330865,
    0.01348795271356648,
    0.017599706843735855,
    0.014976042302714742,
    0.0168467107519335,
    0.009314430464688977,
    0.019173637956422532,
    0.01931052488079476,
    0.023580128190319773,
    0.007180186721405392,
    0.01591592403835601
  ],
  "val_accs": [
    0.9876674786845311,
    0.9928440925700366,
    0.993148599269184,
    0.9844701583434835,
    0.9983252131546894,
    0.9961936662606578,
    0.9942143727161997,
    0.9946711327649208,
    0.9957369062119367,
    0.9977161997563947,
    0.993605359317905,
    0.9929963459196103,
    0.9905602923264312,
    0.9974116930572473,
    0.9949756394640682
  ],
  "epoch_times_sec": [
    228.34498000144958,
    223.90744018554688,
    222.4793119430542,
    222.56843733787537,
    222.83579874038696,
    222.9792845249176,
    223.019446849823,
    222.93992590904236,
    223.14365124702454,
    222.9518702030182,
    223.10610365867615,
    222.7468822002411,
    223.28446292877197,
    222.87817478179932,
    222.89377212524414
  ],
  "early_stop": {
    "enabled": true,
    "monitor": "val_loss",
    "best_epoch": 4,
    "best_value": 0.007807355548330865
  }
}