{
  "run_name": "fold_4",
  "train_losses": [
    0.16329488982999302,
    0.03326530587422273,
    0.018954520167469756,
    0.013221087336826073,
    0.012242852466057774,
    0.012271357409201464,
    0.019534910767328998,
    0.02597119497883303,
    0.002241517482605119,
    0.001480874655706525,
    0.00020992130730796704,
    0.00013967050394067502,
    0.00011182268134660045,
    9.761931053440241e-05,
    8.318787010320157e-05,
    7.470184233478747e-05,
    6.793076561334466e-05,
    6.112157471138536e-05,
    5.29226481383369e-05,
    4.8155933036491075e-05,
    4.303939165165716e-05,
    4.048444845324847e-05
  ],
  "val_losses": [
    0.043505825537362396,
    0.013215486414349966,
    0.013635978927020773,
    0.029015530038686826,
    0.008008721565893521,
    0.018078301085120048,
    0.12242644135562315,
    0.004870689765598549,
    0.002437645035631241,
    0.0021001894714745514,
    0.0015045849363088872,
    0.0011037855964965368,
    0.0010204514326690001,
    0.0009815175912298159,
    0.0008912080133602649,
    0.0008672982430353961,
    0.0007693862831678389,
    0.0009522416323980506,
    0.0007518142937155545,
    0.0007299849067293864,
    0.0006705358802107775,
    0.0006748545175900119
  ],
  "val_accs": [
    0.9881242387332522,
    0.9951278928136419,
    0.9966504263093788,
    0.9920828258221681,
    0.9977161997563947,
    0.9961936662606578,
    0.9663520097442144,
    0.9981729598051157,
    0.9989342265529841,
    0.9993909866017052,
    0.9993909866017052,
    0.9995432399512789,
    0.9996954933008526,
    0.9996954933008526,
    0.9996954933008526,
    0.9996954933008526,
    0.9996954933008526,
    0.9996954933008526,
    0.9996954933008526,
    0.9996954933008526,
    0.9996954933008526,
    0.9996954933008526
  ],
  "epoch_times_sec": [
    228.86646938323975,
    222.54084634780884,
    223.6227788925171,
    222.97680854797363,
    222.86436939239502,
    222.88504576683044,
    222.7826693058014,
    222.8095760345459,
    222.88377857208252,
    223.2145755290985,
    222.949116230011,
    224.40151405334473,
    222.94117879867554,
    222.5661325454712,
    222.41080141067505,
    222.4502124786377,
    222.41297340393066,
    222.36429619789124,
    222.52727031707764,
    222.5120267868042,
    222.28517127037048,
    222.46915364265442
  ],
  "early_stop": {
    "enabled": true,
    "monitor": "val_loss",
    "best_epoch": 11,
    "best_value": 0.0011037855964965368
  }
}