{
  "data_flag": "organamnist",
  "num_classes": 11,
  "class_names": [
    "bladder",
    "femur-left",
    "femur-right",
    "heart",
    "kidney-left",
    "kidney-right",
    "liver",
    "lung-left",
    "lung-right",
    "pancreas",
    "spleen"
  ],
  "is_ensemble": false,
  "metrics": {
    "accuracy": 0.9735065811677354,
    "balanced_accuracy": 0.9712374311332342,
    "auc": 0.9993855614768705
  },
  "confusion_matrix": [
    [
      1009,
      2,
      2,
      0,
      3,
      8,
      0,
      0,
      0,
      12,
      0
    ],
    [
      20,
      729,
      20,
      0,
      5,
      10,
      0,
      0,
      0,
      0,
      0
    ],
    [
      4,
      1,
      783,
      0,
      0,
      5,
      0,
      0,
      0,
      0,
      0
    ],
    [
      0,
      0,
      0,
      755,
      1,
      0,
      0,
      16,
      0,
      0,
      13
    ],
    [
      41,
      38,
      1,
      0,
      1816,
      39,
      0,
      0,
      0,
      40,
      89
    ],
    [
      18,
      0,
      3,
      0,
      44,
      1895,
      0,
      0,
      0,
      0,
      5
    ],
    [
      0,
      0,
      0,
      0,
      0,
      0,
      3270,
      0,
      15,
      0,
      0
    ],
    [
      0,
      0,
      0,
      0,
      0,
      0,
      0,
      1746,
      0,
      0,
      1
    ],
    [
      0,
      0,
      0,
      0,
      0,
      0,
      6,
      0,
      1807,
      0,
      0
    ],
    [
      0,
      0,
      0,
      0,
      0,
      0,
      0,
      0,
      0,
      1618,
      4
    ],
    [
      0,
      0,
      0,
      0,
      3,
      0,
      0,
      0,
      0,
      2,
      1879
    ]
  ],
  "counts": {
    "n_samples": 17778
  },
  "timing": {
    "eval_wall_sec": 43.76567578315735,
    "throughput_img_per_s": 406.20873965441274,
    "latency_ms_per_img": 2.4617884904464704
  }
}