{
  "data_flag": "organamnist",
  "num_classes": 11,
  "class_names": [
    "bladder",
    "femur-left",
    "femur-right",
    "heart",
    "kidney-left",
    "kidney-right",
    "liver",
    "lung-left",
    "lung-right",
    "pancreas",
    "spleen"
  ],
  "is_ensemble": false,
  "metrics": {
    "accuracy": 0.9758128023399707,
    "balanced_accuracy": 0.9754185473263188,
    "auc": 0.9993797741556117
  },
  "confusion_matrix": [
    [
      987,
      1,
      2,
      0,
      4,
      10,
      0,
      0,
      0,
      32,
      0
    ],
    [
      2,
      752,
      15,
      0,
      8,
      7,
      0,
      0,
      0,
      0,
      0
    ],
    [
      0,
      2,
      780,
      0,
      0,
      11,
      0,
      0,
      0,
      0,
      0
    ],
    [
      0,
      0,
      0,
      783,
      0,
      0,
      0,
      0,
      0,
      1,
      1
    ],
    [
      20,
      4,
      2,
      0,
      1821,
      32,
      0,
      0,
      0,
      32,
      153
    ],
    [
      8,
      0,
      3,
      0,
      35,
      1915,
      0,
      0,
      1,
      1,
      2
    ],
    [
      0,
      0,
      0,
      0,
      0,
      0,
      3274,
      0,
      11,
      0,
      0
    ],
    [
      0,
      0,
      0,
      0,
      0,
      0,
      0,
      1747,
      0,
      0,
      0
    ],
    [
      0,
      0,
      0,
      0,
      0,
      0,
      14,
      0,
      1799,
      0,
      0
    ],
    [
      1,
      0,
      0,
      0,
      0,
      0,
      0,
      0,
      0,
      1615,
      6
    ],
    [
      0,
      0,
      0,
      0,
      5,
      0,
      0,
      2,
      0,
      2,
      1875
    ]
  ],
  "counts": {
    "n_samples": 17778
  },
  "timing": {
    "eval_wall_sec": 47.06371808052063,
    "throughput_img_per_s": 377.74321122661576,
    "latency_ms_per_img": 2.647301050766151
  }
}