{
  "data_flag": "organamnist",
  "num_classes": 11,
  "class_names": [
    "bladder",
    "femur-left",
    "femur-right",
    "heart",
    "kidney-left",
    "kidney-right",
    "liver",
    "lung-left",
    "lung-right",
    "pancreas",
    "spleen"
  ],
  "is_ensemble": false,
  "metrics": {
    "accuracy": 0.9759815502306222,
    "balanced_accuracy": 0.9740204076163637,
    "auc": 0.9993844505827933
  },
  "confusion_matrix": [
    [
      1012,
      0,
      1,
      0,
      6,
      11,
      0,
      0,
      0,
      4,
      2
    ],
    [
      4,
      746,
      15,
      0,
      15,
      4,
      0,
      0,
      0,
      0,
      0
    ],
    [
      12,
      1,
      764,
      0,
      8,
      8,
      0,
      0,
      0,
      0,
      0
    ],
    [
      0,
      0,
      0,
      769,
      0,
      1,
      0,
      12,
      0,
      0,
      3
    ],
    [
      21,
      3,
      6,
      0,
      1829,
      27,
      0,
      0,
      0,
      42,
      136
    ],
    [
      3,
      0,
      5,
      0,
      44,
      1912,
      0,
      0,
      0,
      1,
      0
    ],
    [
      0,
      0,
      0,
      0,
      0,
      0,
      3278,
      0,
      7,
      0,
      0
    ],
    [
      0,
      0,
      0,
      0,
      0,
      0,
      0,
      1745,
      0,
      0,
      2
    ],
    [
      0,
      0,
      0,
      0,
      0,
      1,
      4,
      0,
      1808,
      0,
      0
    ],
    [
      0,
      0,
      0,
      1,
      1,
      0,
      0,
      0,
      0,
      1613,
      7
    ],
    [
      1,
      0,
      0,
      0,
      5,
      0,
      0,
      1,
      0,
      2,
      1875
    ]
  ],
  "counts": {
    "n_samples": 17778
  },
  "timing": {
    "eval_wall_sec": 43.610854148864746,
    "throughput_img_per_s": 407.65080957403785,
    "latency_ms_per_img": 2.4530798823751123
  }
}