{
  "data_flag": "organamnist",
  "num_classes": 11,
  "class_names": [
    "bladder",
    "femur-left",
    "femur-right",
    "heart",
    "kidney-left",
    "kidney-right",
    "liver",
    "lung-left",
    "lung-right",
    "pancreas",
    "spleen"
  ],
  "is_ensemble": false,
  "metrics": {
    "accuracy": 0.9743503206209922,
    "balanced_accuracy": 0.9719678348334315,
    "auc": 0.9992973492275848
  },
  "confusion_matrix": [
    [
      993,
      2,
      5,
      0,
      3,
      11,
      0,
      0,
      0,
      22,
      0
    ],
    [
      1,
      732,
      38,
      0,
      5,
      8,
      0,
      0,
      0,
      0,
      0
    ],
    [
      0,
      1,
      788,
      0,
      0,
      4,
      0,
      0,
      0,
      0,
      0
    ],
    [
      3,
      0,
      0,
      763,
      0,
      0,
      0,
      8,
      0,
      4,
      7
    ],
    [
      28,
      12,
      4,
      0,
      1849,
      48,
      0,
      0,
      0,
      17,
      106
    ],
    [
      9,
      0,
      17,
      0,
      44,
      1895,
      0,
      0,
      0,
      0,
      0
    ],
    [
      0,
      0,
      0,
      0,
      0,
      0,
      3277,
      0,
      8,
      0,
      0
    ],
    [
      0,
      0,
      0,
      0,
      0,
      0,
      0,
      1746,
      0,
      0,
      1
    ],
    [
      0,
      0,
      0,
      0,
      0,
      0,
      3,
      0,
      1808,
      0,
      2
    ],
    [
      16,
      0,
      0,
      0,
      3,
      1,
      0,
      0,
      0,
      1598,
      4
    ],
    [
      1,
      0,
      0,
      0,
      9,
      0,
      0,
      0,
      0,
      1,
      1873
    ]
  ],
  "counts": {
    "n_samples": 17778
  },
  "timing": {
    "eval_wall_sec": 43.788196325302124,
    "throughput_img_per_s": 405.99982396916727,
    "latency_ms_per_img": 2.4630552551075557
  }
}