{
  "data_flag": "organamnist",
  "num_classes": 11,
  "class_names": [
    "bladder",
    "femur-left",
    "femur-right",
    "heart",
    "kidney-left",
    "kidney-right",
    "liver",
    "lung-left",
    "lung-right",
    "pancreas",
    "spleen"
  ],
  "is_ensemble": false,
  "metrics": {
    "accuracy": 0.9748565642929463,
    "balanced_accuracy": 0.9708895859192648,
    "auc": 0.9993384926308074
  },
  "confusion_matrix": [
    [
      991,
      2,
      0,
      0,
      3,
      17,
      0,
      0,
      0,
      21,
      2
    ],
    [
      0,
      723,
      42,
      0,
      8,
      11,
      0,
      0,
      0,
      0,
      0
    ],
    [
      0,
      3,
      776,
      0,
      4,
      10,
      0,
      0,
      0,
      0,
      0
    ],
    [
      0,
      0,
      0,
      762,
      0,
      0,
      0,
      22,
      0,
      1,
      0
    ],
    [
      27,
      3,
      2,
      0,
      1857,
      28,
      0,
      0,
      0,
      30,
      117
    ],
    [
      4,
      0,
      6,
      0,
      37,
      1916,
      0,
      0,
      0,
      0,
      2
    ],
    [
      0,
      0,
      0,
      0,
      0,
      0,
      3280,
      0,
      5,
      0,
      0
    ],
    [
      0,
      0,
      0,
      0,
      0,
      0,
      0,
      1747,
      0,
      0,
      0
    ],
    [
      0,
      0,
      0,
      0,
      0,
      0,
      4,
      0,
      1809,
      0,
      0
    ],
    [
      0,
      0,
      0,
      0,
      0,
      1,
      0,
      0,
      0,
      1620,
      1
    ],
    [
      7,
      0,
      0,
      1,
      6,
      0,
      0,
      19,
      0,
      1,
      1850
    ]
  ],
  "counts": {
    "n_samples": 17778
  },
  "timing": {
    "eval_wall_sec": 43.83317470550537,
    "throughput_img_per_s": 405.58321680877737,
    "latency_ms_per_img": 2.46558525736896
  }
}