{
  "data_flag": "organamnist",
  "num_classes": 11,
  "class_names": [
    "bladder",
    "femur-left",
    "femur-right",
    "heart",
    "kidney-left",
    "kidney-right",
    "liver",
    "lung-left",
    "lung-right",
    "pancreas",
    "spleen"
  ],
  "is_ensemble": true,
  "metrics": {
    "accuracy": 0.9804252446844415,
    "balanced_accuracy": 0.9790136906305638,
    "auc": 0.9994935045650309
  },
  "confusion_matrix": [
    [
      1007,
      2,
      1,
      0,
      3,
      10,
      0,
      0,
      0,
      13,
      0
    ],
    [
      3,
      743,
      23,
      0,
      7,
      8,
      0,
      0,
      0,
      0,
      0
    ],
    [
      1,
      1,
      786,
      0,
      0,
      5,
      0,
      0,
      0,
      0,
      0
    ],
    [
      0,
      0,
      0,
      773,
      0,
      0,
      0,
      8,
      0,
      0,
      4
    ],
    [
      20,
      2,
      2,
      0,
      1863,
      28,
      0,
      0,
      0,
      27,
      122
    ],
    [
      3,
      0,
      4,
      0,
      30,
      1927,
      0,
      0,
      0,
      0,
      1
    ],
    [
      0,
      0,
      0,
      0,
      0,
      0,
      3279,
      0,
      6,
      0,
      0
    ],
    [
      0,
      0,
      0,
      0,
      0,
      0,
      0,
      1746,
      0,
      0,
      1
    ],
    [
      0,
      0,
      0,
      0,
      0,
      0,
      4,
      0,
      1809,
      0,
      0
    ],
    [
      0,
      0,
      0,
      0,
      0,
      0,
      0,
      0,
      0,
      1618,
      4
    ],
    [
      0,
      0,
      0,
      0,
      3,
      0,
      0,
      1,
      0,
      1,
      1879
    ]
  ],
  "counts": {
    "n_samples": 17778
  },
  "timing": {
    "eval_wall_sec": 213.21302247047424,
    "throughput_img_per_s": 83.38139853752084,
    "latency_ms_per_img": 11.99308260043167
  }
}