{
  "run_name": "fold_4",
  "train_losses": [
    1.39112694276073,
    1.2255856761856685,
    1.155737266023323,
    1.1041526798218015,
    1.057964221258012,
    1.0169790255329596,
    0.980069935511029,
    0.9391150556544148,
    0.8970319401019464,
    0.8522057128331018,
    0.8101853433109465,
    0.7636891207997761,
    0.708531149827614,
    0.6590262328190778,
    0.6171305957610014,
    0.5754403076789997,
    0.5434785402010358,
    0.507837617460382
  ],
  "val_losses": [
    1.5143767298525397,
    1.3965338745197666,
    1.4699201764939707,
    1.1320761510088473,
    1.5257037289534943,
    1.4676120950199885,
    1.5647903620442258,
    1.0161486675467672,
    1.1330363994409263,
    1.5574345045451876,
    1.1287331711893847,
    2.760095458493454,
    1.6784483873391454,
    1.8996635821298204,
    1.135789242726338,
    1.2678535731532905,
    1.8142209581181974,
    1.9943814861120555
  ],
  "val_accs": [
    0.43964833421470123,
    0.4942490745637229,
    0.5145756213643575,
    0.5735060814383924,
    0.5574431517715495,
    0.45131544156530934,
    0.4087123215230037,
    0.6407985193019566,
    0.6328992596509783,
    0.620174510840825,
    0.6217609730301428,
    0.28943019566367,
    0.6088048651507139,
    0.4613299841353781,
    0.6739159175039662,
    0.655076679005817,
    0.548486250661026,
    0.4641393442622951
  ],
  "epoch_times_sec": [
    118.51576352119446,
    95.6604974269867,
    96.82435512542725,
    96.68705940246582,
    97.31393551826477,
    95.84516334533691,
    96.91340398788452,
    95.82235407829285,
    95.98962473869324,
    96.08381915092468,
    95.98100733757019,
    96.22570753097534,
    96.0816810131073,
    95.90250253677368,
    96.21395802497864,
    96.86635732650757,
    95.77862620353699,
    97.2371199131012
  ],
  "total_train_sec": 1756.5193371772766,
  "early_stop": {
    "enabled": true,
    "monitor": "val_loss",
    "best_epoch": 7,
    "best_value": 1.0161486675467672
  }
}