{
  "run_name": "fold_3",
  "train_losses": [
    1.3854381962428017,
    1.2198871600564825,
    1.1526308330278547,
    1.1040135762678882,
    1.0591481354501513,
    1.0167279167150063,
    0.9752031758979515,
    0.9395147022116122,
    0.8972812586991245,
    0.8558600068723083,
    0.8133479400286598,
    0.7606804307175692,
    0.7121688669320767,
    0.6705916746898933,
    0.6199623145754375,
    0.5759255828996184,
    0.5451436845398454,
    0.503058131945827
  ],
  "val_losses": [
    1.3468244950982589,
    1.4889952246146867,
    2.02997200851199,
    1.1396351476761861,
    1.129755123758115,
    1.0861572195709004,
    1.0482648334422695,
    1.0394536412717923,
    2.095479724779411,
    1.0860301072587444,
    1.738783899238844,
    1.5853074582820201,
    1.469499253019502,
    1.1606918015057528,
    1.3899725720852236,
    1.643566775422559,
    1.30342666735629,
    2.1192301099310447
  ],
  "val_accs": [
    0.5327692765310507,
    0.5194830948210332,
    0.31691839904815416,
    0.5953002610966057,
    0.6332418944376508,
    0.6283835145586145,
    0.6496678454572495,
    0.6281852133390621,
    0.5671745381234095,
    0.5756684403609083,
    0.5358759956373732,
    0.5603000958455895,
    0.5239118220577057,
    0.6689691641603596,
    0.6158244373202896,
    0.595531612519417,
    0.6540635224906634,
    0.44763195293651054
  ],
  "epoch_times_sec": [
    119.13535642623901,
    95.93966698646545,
    96.2229266166687,
    96.16359400749207,
    96.52479290962219,
    96.38770151138306,
    96.44898009300232,
    96.25416469573975,
    96.27936863899231,
    96.5530776977539,
    96.49739980697632,
    96.71831035614014,
    95.97996354103088,
    96.32812237739563,
    95.76851725578308,
    96.23473501205444,
    96.64093518257141,
    96.21737957000732
  ],
  "total_train_sec": 1756.9291105270386,
  "early_stop": {
    "enabled": true,
    "monitor": "val_loss",
    "best_epoch": 7,
    "best_value": 1.0394536412717923
  }
}