{
  "run_name": "fold_1",
  "train_losses": [
    1.3859729389034252,
    1.2201188004836834,
    1.1604205958426945,
    1.1077871462655446,
    1.0664558342524937,
    1.0292039097301544,
    0.9858306062284601,
    0.944848280482822,
    0.903980681252858,
    0.8607183921274054,
    0.8175786112351392,
    0.7683786643560602,
    0.7216617508855446,
    0.6677281919610564,
    0.6230772572535056,
    0.5809453424007174,
    0.5468851895244033,
    0.5138415374137737,
    0.4852392411105847,
    0.4575648201205743,
    0.4341651416487164
  ],
  "val_losses": [
    1.4654862307295013,
    1.2777019643582372,
    1.5081122540220429,
    1.7799848499177378,
    1.3770999189167585,
    1.0613737398059055,
    1.2414166663266435,
    2.215288199955904,
    1.349993854886872,
    1.14903909999107,
    1.0526004277704135,
    1.8963623685675834,
    2.9012496084100587,
    2.441795315420577,
    1.3721075666604665,
    2.444436863001892,
    1.6980630964166505,
    1.446801050554348,
    1.473443981464402,
    1.764918065272303,
    1.6712375381324864
  ],
  "val_accs": [
    0.4395346531381168,
    0.4836236242852894,
    0.5570611759262319,
    0.3374756254750967,
    0.5658194797898007,
    0.623293783256767,
    0.6054797237003008,
    0.3225038833988829,
    0.6330105430148395,
    0.6638463826552533,
    0.6421654493175133,
    0.5593085897478269,
    0.4057573454076743,
    0.41045047427041675,
    0.6380341739101696,
    0.4829626202201144,
    0.5871038106884358,
    0.6205836665895496,
    0.6888323363188683,
    0.6209472188253958,
    0.6172786462636746
  ],
  "epoch_times_sec": [
    117.25142478942871,
    96.28604245185852,
    96.71086573600769,
    96.86118793487549,
    96.81885266304016,
    96.90083265304565,
    96.91936111450195,
    97.06984043121338,
    97.24320983886719,
    96.77365207672119,
    97.17117762565613,
    97.25781631469727,
    97.27296137809753,
    96.67500853538513,
    97.04989457130432,
    97.2795877456665,
    97.32640957832336,
    96.9772424697876,
    97.03821849822998,
    97.35779523849487,
    97.53912115097046
  ],
  "total_train_sec": 2058.3458364009857,
  "early_stop": {
    "enabled": true,
    "monitor": "val_loss",
    "best_epoch": 10,
    "best_value": 1.0526004277704135
  }
}