{
  "run_name": "fold_0",
  "train_losses": [
    1.3971970949223433,
    1.2239321763553317,
    1.1598385780576677,
    1.1072423828341973,
    1.0653620361651062,
    1.0275379155047988,
    0.9845641119139535,
    0.9450353699386436,
    0.9047742619085564,
    0.8623502933789813,
    0.8188914534276125,
    0.7721504823240654,
    0.7279293668333184,
    0.6803900888041844,
    0.6354657157388314,
    0.591816562477243,
    0.5625571899313144,
    0.5227890319609768
  ],
  "val_losses": [
    1.3334879643806425,
    1.2914904054207137,
    1.4309176930898353,
    1.1792800263010499,
    1.580530432206166,
    2.094369555324442,
    1.0838803525715437,
    1.0332829801342156,
    2.612342392342,
    1.0661460525878874,
    1.3185947552511963,
    1.332323722447021,
    1.1900643819495091,
    1.2613342537658627,
    1.4363526958453505,
    1.419426761096037,
    2.105516177189501,
    1.6131860186279072
  ],
  "val_accs": [
    0.5136001586409756,
    0.5188551409591169,
    0.4854413854645206,
    0.5761972436130482,
    0.3670225071884192,
    0.38814158707076046,
    0.6308622798030208,
    0.6598142578576858,
    0.43434577122649304,
    0.6581617476947483,
    0.5971841226823545,
    0.5216644082361106,
    0.6470568793998083,
    0.6767359619261658,
    0.6066034306110982,
    0.633341045047427,
    0.4155402055722643,
    0.6452060680173183
  ],
  "epoch_times_sec": [
    115.72084784507751,
    95.7713725566864,
    95.4984040260315,
    95.2806670665741,
    95.8600926399231,
    96.04160952568054,
    95.5317599773407,
    95.99605107307434,
    95.7750449180603,
    96.31806373596191,
    95.68557786941528,
    95.4119553565979,
    95.35535168647766,
    95.37462615966797,
    95.32898378372192,
    95.3432228565216,
    95.67615604400635,
    95.49342775344849
  ],
  "total_train_sec": 1742.0596425533295,
  "early_stop": {
    "enabled": true,
    "monitor": "val_loss",
    "best_epoch": 7,
    "best_value": 1.0332829801342156
  }
}