{
  "run_name": "fold_2",
  "train_losses": [
    1.3947102155634965,
    1.2299115242781462,
    1.1622546827351605,
    1.1145590613758753,
    1.0726256246289247,
    1.022851135743358,
    0.9888452531799438,
    0.9473325994910387,
    0.9074112195817251,
    0.8602318689936683,
    0.8151916785214944,
    0.7677932955915966,
    0.721481323336798,
    0.669590582639452,
    0.624508352380581,
    0.5824406295857102,
    0.543731163450019
  ],
  "val_losses": [
    1.3556100824211217,
    1.3148542416246631,
    1.722467838460383,
    1.5169777316886162,
    1.4413885622587888,
    1.4939340725226744,
    1.064928189611636,
    1.5112226970085112,
    2.1839123536765825,
    1.208578773440188,
    1.1226197840795236,
    1.3385720205206408,
    1.1267389748166885,
    1.440092249258661,
    1.2050569444769041,
    1.3497458731574852,
    1.5084622590350703
  ],
  "val_accs": [
    0.4613147370856331,
    0.47767458769871435,
    0.4171266153286843,
    0.45321743728723934,
    0.5353141421819744,
    0.5607297484879532,
    0.6249462934197045,
    0.5049079551839244,
    0.5197805466503619,
    0.609809300327197,
    0.6418349472849258,
    0.6468916283835145,
    0.6659946458670721,
    0.6068347820339095,
    0.6643751859073933,
    0.5978451267475295,
    0.6339028985028258
  ],
  "epoch_times_sec": [
    118.95299959182739,
    96.06434726715088,
    96.9380235671997,
    97.02939176559448,
    97.56764554977417,
    97.2322027683258,
    96.68219923973083,
    96.66077899932861,
    96.6703929901123,
    96.84542298316956,
    96.44234728813171,
    96.45912575721741,
    96.3599898815155,
    96.52656888961792,
    96.60649609565735,
    96.3122239112854,
    96.34972643852234
  ],
  "total_train_sec": 1666.1818923950195,
  "early_stop": {
    "enabled": true,
    "monitor": "val_loss",
    "best_epoch": 6,
    "best_value": 1.064928189611636
  }
}