{
  "data_flag": "tissuemnist",
  "num_classes": 8,
  "class_names": [
    "Collecting Duct, Connecting Tubule",
    "Distal Convoluted Tubule",
    "Glomerular endothelial cells",
    "Interstitial endothelial cells",
    "Leukocytes",
    "Podocytes",
    "Proximal Tubule Segments",
    "Thick Ascending Limb"
  ],
  "is_ensemble": false,
  "metrics": {
    "accuracy": 0.6274746192893401,
    "balanced_accuracy": 0.6135606473462247,
    "auc": 0.923571314326413
  },
  "confusion_matrix": [
    [
      9469,
      1280,
      136,
      431,
      413,
      382,
      1040,
      2014
    ],
    [
      359,
      1010,
      49,
      62,
      63,
      50,
      159,
      481
    ],
    [
      0,
      4,
      1119,
      98,
      78,
      372,
      0,
      6
    ],
    [
      43,
      32,
      373,
      2903,
      492,
      446,
      63,
      50
    ],
    [
      48,
      46,
      436,
      476,
      1839,
      358,
      86,
      80
    ],
    [
      18,
      12,
      562,
      111,
      69,
      1358,
      30,
      42
    ],
    [
      566,
      337,
      60,
      338,
      305,
      403,
      6796,
      2396
    ],
    [
      441,
      341,
      21,
      148,
      173,
      254,
      480,
      5173
    ]
  ],
  "counts": {
    "n_samples": 47280
  },
  "timing": {
    "eval_wall_sec": 15.421989917755127,
    "throughput_img_per_s": 3065.752231206375,
    "latency_ms_per_img": 0.32618421991867863
  }
}