{
  "data_flag": "tissuemnist",
  "num_classes": 8,
  "class_names": [
    "Collecting Duct, Connecting Tubule",
    "Distal Convoluted Tubule",
    "Glomerular endothelial cells",
    "Interstitial endothelial cells",
    "Leukocytes",
    "Podocytes",
    "Proximal Tubule Segments",
    "Thick Ascending Limb"
  ],
  "is_ensemble": false,
  "metrics": {
    "accuracy": 0.6228214890016921,
    "balanced_accuracy": 0.6073265603328619,
    "auc": 0.9219449333741461
  },
  "confusion_matrix": [
    [
      10136,
      2421,
      68,
      405,
      187,
      237,
      845,
      866
    ],
    [
      373,
      1294,
      28,
      69,
      46,
      36,
      189,
      198
    ],
    [
      6,
      6,
      1208,
      122,
      78,
      235,
      4,
      18
    ],
    [
      120,
      39,
      380,
      3036,
      414,
      288,
      50,
      75
    ],
    [
      123,
      67,
      415,
      608,
      1786,
      222,
      81,
      67
    ],
    [
      60,
      18,
      702,
      146,
      62,
      1129,
      38,
      47
    ],
    [
      1551,
      470,
      74,
      421,
      272,
      363,
      7298,
      752
    ],
    [
      974,
      988,
      25,
      181,
      135,
      167,
      1001,
      3560
    ]
  ],
  "counts": {
    "n_samples": 47280
  },
  "timing": {
    "eval_wall_sec": 16.40893292427063,
    "throughput_img_per_s": 2881.3573812632044,
    "latency_ms_per_img": 0.34705864899049554
  }
}