{
  "run_name": "fold_0",
  "train_losses": [
    0.19195595912687066,
    0.04748648763375564,
    0.03664459837104746,
    0.026388249718972173,
    0.028478060459342994,
    0.02167052510183701,
    0.012017926045599679,
    0.0147362087596708,
    0.015511438754334382,
    0.015139123894186923,
    0.016919128877850232,
    0.009029096509308417,
    0.017914527027608495,
    0.016270604470466625,
    0.011518708003509178,
    0.008294282727648452,
    0.014530017348011758,
    0.0038942857975564913,
    0.013166872854021171,
    0.00960288356266877,
    0.012751158875660083,
    0.007652333579042331,
    0.008526237659343341,
    0.008351563128599082,
    0.009003169853477393,
    0.0030424577046317238,
    0.005076714941996788,
    0.006014941495609323,
    0.006852731189071535,
    0.010259821314691551,
    0.012087098387888141
  ],
  "val_losses": [
    0.031550338309689056,
    0.025671673042126256,
    0.01324703530862029,
    0.022057327165841564,
    0.010074917555970866,
    0.006787867033611293,
    0.00608463674096165,
    0.009349137264335505,
    0.014870672618997969,
    0.010339566664875623,
    0.009382531168934637,
    0.005710902609064547,
    0.007690719452496724,
    0.009957906066000444,
    0.016536248259517945,
    0.004268241643151255,
    0.003281988101311653,
    0.005872715173713783,
    0.008162635263300676,
    0.013104950799772142,
    0.0031260957365465045,
    0.010646874830460985,
    0.009195600363390285,
    0.00555682082347769,
    0.0043653980927716215,
    0.0033453796231215677,
    0.014781521919642326,
    0.006067110570299662,
    0.0026423082567403125,
    0.012034829530809362,
    0.00705729822289317
  ],
  "val_accs": [
    0.9894401851583973,
    0.9914653551280197,
    0.9959496600607551,
    0.9923332851150007,
    0.9976855200347172,
    0.9985534500216983,
    0.9981194850282077,
    0.9972515550412266,
    0.9946477650802835,
    0.9956603500650948,
    0.9968175900477362,
    0.9988427600173586,
    0.9979748300303776,
    0.9973962100390569,
    0.9949370750759439,
    0.9986981050195284,
    0.9992767250108491,
    0.9982641400260379,
    0.9976855200347172,
    0.9953710400694344,
    0.999132070013019,
    0.9978301750325473,
    0.9971069000433965,
    0.9979748300303776,
    0.9989874150151887,
    0.9986981050195284,
    0.9968175900477362,
    0.9989874150151887,
    0.9995660350065094,
    0.996672935049906,
    0.9973962100390569
  ],
  "epoch_times_sec": [
    240.55237007141113,
    242.22078609466553,
    242.14840078353882,
    242.7843837738037,
    240.99589085578918,
    240.17706274986267,
    240.91070652008057,
    241.25028538703918,
    241.22258234024048,
    241.91879439353943,
    242.0669445991516,
    242.53458309173584,
    241.47190499305725,
    241.65359115600586,
    241.73028802871704,
    241.43664503097534,
    241.08769369125366,
    241.14032196998596,
    241.0015733242035,
    241.11456108093262,
    241.2314395904541,
    241.42022728919983,
    243.21290469169617,
    243.11649346351624,
    243.78151106834412,
    243.33826422691345,
    243.5609860420227,
    243.79133081436157,
    243.7985143661499,
    243.70929646492004,
    243.33060932159424
  ],
  "early_stop": {
    "enabled": true,
    "monitor": "val_loss",
    "best_epoch": 20,
    "best_value": 0.0031260957365465045
  }
}