{
  "run_name": "fold_2",
  "train_losses": [
    0.19255989153797604,
    0.053491060223052195,
    0.027006826935083838,
    0.030465349757657127,
    0.02310973393738802,
    0.023038406813074407,
    0.013374009671088451,
    0.010332497217206008,
    0.012280032050545347,
    0.016041942889858374,
    0.015398366806225697,
    0.014194818106535017,
    0.010654026556278664,
    0.01452592984240712,
    0.016264521776864556,
    0.004191372874752212,
    0.005535051286539334,
    0.013907328121777215,
    0.015235997593769557,
    0.009132835399640387,
    0.008187889232124022
  ],
  "val_losses": [
    0.04697336513480103,
    0.028033844178059587,
    0.017948312995334465,
    0.013565462561220758,
    0.016606194376773027,
    0.011732118856377417,
    0.014542269709636457,
    0.011555828856890675,
    0.012773497509274253,
    0.02530908385287384,
    0.008900156972770303,
    0.011884617011000282,
    0.00959608001910426,
    0.010288458291109203,
    0.01220473624966366,
    0.008295242015096679,
    0.012575320547680516,
    0.008508333214666453,
    0.018518070687369565,
    0.009411586166674236,
    0.011426148495552802
  ],
  "val_accs": [
    0.9879918981481481,
    0.9933449074074074,
    0.9946469907407407,
    0.9963831018518519,
    0.9952256944444444,
    0.9966724537037037,
    0.9959490740740741,
    0.9965277777777778,
    0.9973958333333334,
    0.9926215277777778,
    0.9969618055555556,
    0.9969618055555556,
    0.9979745370370371,
    0.9966724537037037,
    0.9969618055555556,
    0.9976851851851852,
    0.9976851851851852,
    0.9979745370370371,
    0.9953703703703703,
    0.9986979166666666,
    0.99609375
  ],
  "epoch_times_sec": [
    240.69692969322205,
    241.14687824249268,
    241.06178545951843,
    241.65918159484863,
    241.56411170959473,
    241.6478991508484,
    241.60324263572693,
    241.37500619888306,
    241.13998794555664,
    240.7267963886261,
    241.13895964622498,
    241.02104258537292,
    240.96548986434937,
    241.09840297698975,
    241.2381854057312,
    240.98516416549683,
    241.6198399066925,
    241.54151153564453,
    240.3648910522461,
    240.63044953346252,
    241.5129783153534
  ],
  "early_stop": {
    "enabled": true,
    "monitor": "val_loss",
    "best_epoch": 10,
    "best_value": 0.008900156972770303
  }
}