{
  "run_name": "fold_3",
  "train_losses": [
    0.19314149183245516,
    0.04669508240426348,
    0.03967283657888093,
    0.025533754953741272,
    0.020933208290603803,
    0.017904896451735427,
    0.01894728140553504,
    0.018538129612247812,
    0.015112643605031098,
    0.016116123927420373,
    0.009444713995387193,
    0.01553904246315891,
    0.013136298537266191,
    0.01709015872693932,
    0.009859054844682698,
    0.011649372172066134,
    0.009523970516849035,
    0.009838855611573697,
    0.007539854539331465,
    0.009514172828680046,
    0.005242411294459107,
    0.010677422612987422,
    0.010046552133266889,
    0.006373879640262139,
    0.01900512804056107,
    0.009136405089815057
  ],
  "val_losses": [
    0.04160347023840855,
    0.06256940410713907,
    0.032103987203703985,
    0.010257601997754709,
    0.01655656306926782,
    0.011381643134410735,
    0.007686789087192328,
    0.016057915749519855,
    0.0054372680158983845,
    0.007761133537213836,
    0.005870575646339502,
    0.006146364360541123,
    0.004977164998881226,
    0.006607749088154243,
    0.004926661558177632,
    0.002766809251355611,
    0.005826047620589465,
    0.005543958872698972,
    0.005712220187113552,
    0.008971407355905589,
    0.008616497439948877,
    0.02369028244720539,
    0.004824951589937511,
    0.003919862617799986,
    0.004405793233201149,
    0.004123864432147928
  ],
  "val_accs": [
    0.9881365740740741,
    0.9890046296296297,
    0.9891493055555556,
    0.9959490740740741,
    0.9942129629629629,
    0.9971064814814815,
    0.9975405092592593,
    0.9945023148148148,
    0.9985532407407407,
    0.9989872685185185,
    0.9981192129629629,
    0.9984085648148148,
    0.9984085648148148,
    0.9986979166666666,
    0.9994212962962963,
    0.9992766203703703,
    0.9982638888888888,
    0.9986979166666666,
    0.9989872685185185,
    0.9979745370370371,
    0.9982638888888888,
    0.9936342592592593,
    0.9985532407407407,
    0.9991319444444444,
    0.9985532407407407,
    0.9989872685185185
  ],
  "epoch_times_sec": [
    241.938072681427,
    242.36828923225403,
    240.8464674949646,
    241.53652834892273,
    241.13348865509033,
    240.4852933883667,
    240.96885323524475,
    240.93832802772522,
    240.61119508743286,
    240.07197427749634,
    241.2359676361084,
    241.1067144870758,
    241.11990118026733,
    241.19449758529663,
    241.08366560935974,
    240.74599289894104,
    241.0772213935852,
    241.16565346717834,
    241.2308316230774,
    240.91855692863464,
    240.87322688102722,
    240.5453064441681,
    242.1462230682373,
    242.4852213859558,
    241.88385844230652,
    241.461767911911
  ],
  "early_stop": {
    "enabled": true,
    "monitor": "val_loss",
    "best_epoch": 15,
    "best_value": 0.002766809251355611
  }
}