{
  "run_name": "fold_1",
  "train_losses": [
    0.19220499105231706,
    0.053524555312845175,
    0.03526089205470774,
    0.03552982592521048,
    0.019220144104697166,
    0.021495509612048925,
    0.018963403806056402,
    0.01565455200292822,
    0.0194382434472716,
    0.014093295429836299,
    0.015532484315471834,
    0.01236921113952221,
    0.013282411970765929,
    0.008988923642887699,
    0.021371568812817886,
    0.008875783604604327,
    0.00554236385573435,
    0.01552825999485657,
    0.010283716049106897,
    0.003214615819212931,
    0.003290528454574466,
    0.017613358316390163,
    0.004403279629261484
  ],
  "val_losses": [
    0.03258855107964741,
    0.05481876736437833,
    0.04758214157212664,
    0.02032648968829394,
    0.019326659879880026,
    0.014222673836802304,
    0.010875716638380524,
    0.01733397221283263,
    0.013058330478896905,
    0.0062307942167131435,
    0.007459173459210433,
    0.010558535923741551,
    0.00389270460841039,
    0.0068886681948680676,
    0.008880894757263983,
    0.006746543967757908,
    0.006574765439533318,
    0.011035804483711857,
    0.004591671838877826,
    0.005519104129133565,
    0.007618743478815304,
    0.004986973663444924,
    0.003092110572685703
  ],
  "val_accs": [
    0.9913194444444444,
    0.9822048611111112,
    0.9871238425925926,
    0.9921875,
    0.9950810185185185,
    0.9952256944444444,
    0.9966724537037037,
    0.99609375,
    0.9962384259259259,
    0.9978298611111112,
    0.9973958333333334,
    0.9975405092592593,
    0.9986979166666666,
    0.9978298611111112,
    0.9975405092592593,
    0.9979745370370371,
    0.9986979166666666,
    0.99609375,
    0.9982638888888888,
    0.9979745370370371,
    0.9978298611111112,
    0.9989872685185185,
    0.9992766203703703
  ],
  "epoch_times_sec": [
    240.8318383693695,
    241.48599481582642,
    240.94493913650513,
    240.51800346374512,
    239.6388759613037,
    240.28802490234375,
    240.11936163902283,
    240.58319306373596,
    240.51848578453064,
    240.69345450401306,
    240.30612921714783,
    240.1278793811798,
    240.42685985565186,
    240.09050679206848,
    241.8575804233551,
    240.8893449306488,
    242.3034222126007,
    241.63099026679993,
    241.53040289878845,
    240.92765402793884,
    239.4804847240448,
    240.51097345352173,
    241.18305468559265
  ],
  "early_stop": {
    "enabled": true,
    "monitor": "val_loss",
    "best_epoch": 12,
    "best_value": 0.00389270460841039
  }
}