{
  "run_name": "fold_4",
  "train_losses": [
    0.19250992022740646,
    0.05210195096812113,
    0.03500140433527211,
    0.026766718676186903,
    0.01927510144140428,
    0.02250572418330345,
    0.017291030003128226,
    0.014428263618184532,
    0.024821201927819524,
    0.01901787430624116,
    0.009258644866207274,
    0.016790674899180735,
    0.012963876820600306,
    0.010197596570397463,
    0.005380729082327104,
    0.007971191057744235,
    0.007448638516483529,
    0.018306572017468027,
    0.0050919329965626375,
    0.013935056463670263,
    0.007885385878256653
  ],
  "val_losses": [
    0.029547423542546178,
    0.03485172368258376,
    0.027588325613005844,
    0.023634388146025163,
    0.013436663715832832,
    0.015531511049226133,
    0.010329190675057125,
    0.007124154954066465,
    0.01866456119589404,
    0.012368460128157123,
    0.002702325904802247,
    0.012420333475111638,
    0.009992022575008579,
    0.006836485227352198,
    0.010860700313599038,
    0.010754193860824065,
    0.008966624138540484,
    0.006692304338179788,
    0.00905064264710139,
    0.005461658950446657,
    0.012462825350801857
  ],
  "val_accs": [
    0.9905960648148148,
    0.9898726851851852,
    0.9890046296296297,
    0.9927662037037037,
    0.9962384259259259,
    0.9968171296296297,
    0.9975405092592593,
    0.9981192129629629,
    0.9943576388888888,
    0.9978298611111112,
    0.9989872685185185,
    0.9966724537037037,
    0.9969618055555556,
    0.9985532407407407,
    0.9959490740740741,
    0.9971064814814815,
    0.9962384259259259,
    0.9984085648148148,
    0.9969618055555556,
    0.9986979166666666,
    0.9973958333333334
  ],
  "epoch_times_sec": [
    242.5416750907898,
    241.48746037483215,
    240.7972855567932,
    241.08250331878662,
    241.60972428321838,
    240.41937899589539,
    240.83833718299866,
    241.34829831123352,
    240.95874524116516,
    240.41436409950256,
    240.7338101863861,
    240.90043473243713,
    241.2699751853943,
    240.6246542930603,
    240.57050275802612,
    241.65100264549255,
    241.59751510620117,
    240.82668089866638,
    240.583176612854,
    241.29762482643127,
    240.58182311058044
  ],
  "early_stop": {
    "enabled": true,
    "monitor": "val_loss",
    "best_epoch": 10,
    "best_value": 0.002702325904802247
  }
}