{
  "data_flag": "organamnist",
  "num_classes": 11,
  "class_names": [
    "bladder",
    "femur-left",
    "femur-right",
    "heart",
    "kidney-left",
    "kidney-right",
    "liver",
    "lung-left",
    "lung-right",
    "pancreas",
    "spleen"
  ],
  "is_ensemble": false,
  "metrics": {
    "accuracy": 0.9671504106198673,
    "balanced_accuracy": 0.9640271303858277,
    "auc": 0.9992388945128758
  },
  "confusion_matrix": [
    [
      940,
      0,
      0,
      0,
      6,
      10,
      0,
      0,
      0,
      80,
      0
    ],
    [
      0,
      768,
      12,
      0,
      4,
      0,
      0,
      0,
      0,
      0,
      0
    ],
    [
      1,
      12,
      780,
      0,
      0,
      0,
      0,
      0,
      0,
      0,
      0
    ],
    [
      0,
      0,
      0,
      737,
      0,
      0,
      3,
      31,
      0,
      7,
      7
    ],
    [
      32,
      1,
      0,
      0,
      1801,
      22,
      0,
      1,
      0,
      30,
      177
    ],
    [
      16,
      1,
      0,
      0,
      57,
      1874,
      0,
      0,
      0,
      11,
      6
    ],
    [
      0,
      0,
      0,
      0,
      0,
      0,
      3285,
      0,
      0,
      0,
      0
    ],
    [
      0,
      0,
      0,
      0,
      0,
      0,
      0,
      1747,
      0,
      0,
      0
    ],
    [
      0,
      0,
      0,
      0,
      0,
      0,
      53,
      0,
      1760,
      0,
      0
    ],
    [
      0,
      0,
      0,
      0,
      0,
      0,
      0,
      0,
      0,
      1622,
      0
    ],
    [
      0,
      0,
      0,
      0,
      2,
      0,
      0,
      0,
      0,
      2,
      1880
    ]
  ],
  "counts": {
    "n_samples": 17778
  },
  "timing": {
    "eval_wall_sec": 42.55267691612244,
    "throughput_img_per_s": 417.78805208995533,
    "latency_ms_per_img": 2.393558157054924
  }
}