{
  "data_flag": "organamnist",
  "num_classes": 11,
  "class_names": [
    "bladder",
    "femur-left",
    "femur-right",
    "heart",
    "kidney-left",
    "kidney-right",
    "liver",
    "lung-left",
    "lung-right",
    "pancreas",
    "spleen"
  ],
  "is_ensemble": false,
  "metrics": {
    "accuracy": 0.974125323433457,
    "balanced_accuracy": 0.9702923158247626,
    "auc": 0.999383860180873
  },
  "confusion_matrix": [
    [
      1007,
      1,
      1,
      0,
      18,
      5,
      0,
      0,
      0,
      4,
      0
    ],
    [
      0,
      753,
      13,
      0,
      15,
      3,
      0,
      0,
      0,
      0,
      0
    ],
    [
      0,
      1,
      777,
      0,
      2,
      13,
      0,
      0,
      0,
      0,
      0
    ],
    [
      0,
      0,
      0,
      722,
      21,
      0,
      0,
      28,
      0,
      0,
      14
    ],
    [
      22,
      46,
      1,
      0,
      1845,
      15,
      0,
      0,
      0,
      23,
      112
    ],
    [
      7,
      0,
      0,
      0,
      74,
      1879,
      0,
      0,
      0,
      1,
      4
    ],
    [
      0,
      0,
      0,
      0,
      0,
      0,
      3284,
      0,
      1,
      0,
      0
    ],
    [
      0,
      0,
      0,
      0,
      0,
      0,
      0,
      1746,
      0,
      0,
      1
    ],
    [
      0,
      0,
      0,
      0,
      0,
      0,
      2,
      0,
      1811,
      0,
      0
    ],
    [
      0,
      0,
      0,
      0,
      3,
      0,
      0,
      0,
      0,
      1615,
      4
    ],
    [
      0,
      0,
      0,
      0,
      5,
      0,
      0,
      0,
      0,
      0,
      1879
    ]
  ],
  "counts": {
    "n_samples": 17778
  },
  "timing": {
    "eval_wall_sec": 42.661717891693115,
    "throughput_img_per_s": 416.7202090908216,
    "latency_ms_per_img": 2.399691635262297
  }
}