{
  "data_flag": "organamnist",
  "num_classes": 11,
  "class_names": [
    "bladder",
    "femur-left",
    "femur-right",
    "heart",
    "kidney-left",
    "kidney-right",
    "liver",
    "lung-left",
    "lung-right",
    "pancreas",
    "spleen"
  ],
  "is_ensemble": false,
  "metrics": {
    "accuracy": 0.9691191360107999,
    "balanced_accuracy": 0.9636535308704559,
    "auc": 0.9992462412007715
  },
  "confusion_matrix": [
    [
      1002,
      2,
      4,
      0,
      7,
      12,
      0,
      0,
      1,
      6,
      2
    ],
    [
      3,
      730,
      42,
      0,
      3,
      6,
      0,
      0,
      0,
      0,
      0
    ],
    [
      1,
      0,
      785,
      0,
      3,
      4,
      0,
      0,
      0,
      0,
      0
    ],
    [
      2,
      0,
      0,
      701,
      4,
      0,
      0,
      75,
      0,
      1,
      2
    ],
    [
      89,
      7,
      3,
      0,
      1767,
      83,
      0,
      0,
      0,
      17,
      98
    ],
    [
      2,
      0,
      1,
      0,
      28,
      1933,
      0,
      0,
      0,
      0,
      1
    ],
    [
      0,
      0,
      0,
      0,
      0,
      0,
      3280,
      0,
      5,
      0,
      0
    ],
    [
      0,
      0,
      0,
      0,
      0,
      0,
      0,
      1746,
      0,
      0,
      1
    ],
    [
      0,
      0,
      0,
      0,
      0,
      0,
      13,
      0,
      1800,
      0,
      0
    ],
    [
      0,
      0,
      0,
      1,
      0,
      0,
      0,
      0,
      0,
      1617,
      4
    ],
    [
      1,
      0,
      0,
      1,
      9,
      1,
      0,
      1,
      0,
      3,
      1868
    ]
  ],
  "counts": {
    "n_samples": 17778
  },
  "timing": {
    "eval_wall_sec": 45.80354976654053,
    "throughput_img_per_s": 388.1358560769633,
    "latency_ms_per_img": 2.5764174691495403
  }
}