{
  "data_flag": "organamnist",
  "num_classes": 11,
  "class_names": [
    "bladder",
    "femur-left",
    "femur-right",
    "heart",
    "kidney-left",
    "kidney-right",
    "liver",
    "lung-left",
    "lung-right",
    "pancreas",
    "spleen"
  ],
  "is_ensemble": false,
  "metrics": {
    "accuracy": 0.9756440544493193,
    "balanced_accuracy": 0.9744213533186371,
    "auc": 0.9991688915046676
  },
  "confusion_matrix": [
    [
      998,
      0,
      0,
      0,
      3,
      12,
      1,
      0,
      0,
      22,
      0
    ],
    [
      0,
      771,
      3,
      0,
      8,
      2,
      0,
      0,
      0,
      0,
      0
    ],
    [
      0,
      2,
      765,
      0,
      5,
      21,
      0,
      0,
      0,
      0,
      0
    ],
    [
      2,
      0,
      0,
      761,
      0,
      0,
      0,
      11,
      0,
      0,
      11
    ],
    [
      34,
      14,
      0,
      0,
      1816,
      72,
      0,
      0,
      0,
      2,
      126
    ],
    [
      4,
      0,
      0,
      0,
      29,
      1932,
      0,
      0,
      0,
      0,
      0
    ],
    [
      0,
      0,
      0,
      0,
      0,
      0,
      3276,
      0,
      9,
      0,
      0
    ],
    [
      0,
      0,
      0,
      0,
      0,
      0,
      0,
      1747,
      0,
      0,
      0
    ],
    [
      0,
      0,
      0,
      0,
      0,
      0,
      9,
      0,
      1804,
      0,
      0
    ],
    [
      0,
      0,
      0,
      1,
      4,
      2,
      0,
      0,
      0,
      1609,
      6
    ],
    [
      0,
      0,
      0,
      0,
      4,
      1,
      0,
      12,
      0,
      1,
      1866
    ]
  ],
  "counts": {
    "n_samples": 17778
  },
  "timing": {
    "eval_wall_sec": 42.69352340698242,
    "throughput_img_per_s": 416.4097638540756,
    "latency_ms_per_img": 2.401480673134347
  }
}