{
  "data_flag": "organamnist",
  "num_classes": 11,
  "class_names": [
    "bladder",
    "femur-left",
    "femur-right",
    "heart",
    "kidney-left",
    "kidney-right",
    "liver",
    "lung-left",
    "lung-right",
    "pancreas",
    "spleen"
  ],
  "is_ensemble": false,
  "metrics": {
    "accuracy": 0.9626504668691641,
    "balanced_accuracy": 0.9602324821495636,
    "auc": 0.9991604005087601
  },
  "confusion_matrix": [
    [
      971,
      5,
      0,
      0,
      3,
      4,
      0,
      0,
      0,
      53,
      0
    ],
    [
      1,
      746,
      29,
      0,
      6,
      2,
      0,
      0,
      0,
      0,
      0
    ],
    [
      0,
      2,
      770,
      0,
      6,
      15,
      0,
      0,
      0,
      0,
      0
    ],
    [
      1,
      0,
      0,
      746,
      0,
      0,
      5,
      28,
      0,
      5,
      0
    ],
    [
      78,
      63,
      0,
      0,
      1747,
      26,
      0,
      0,
      0,
      36,
      114
    ],
    [
      76,
      0,
      2,
      0,
      50,
      1828,
      0,
      0,
      0,
      9,
      0
    ],
    [
      0,
      0,
      0,
      0,
      0,
      0,
      3285,
      0,
      0,
      0,
      0
    ],
    [
      0,
      0,
      0,
      0,
      0,
      0,
      0,
      1747,
      0,
      0,
      0
    ],
    [
      0,
      0,
      0,
      0,
      0,
      0,
      13,
      0,
      1800,
      0,
      0
    ],
    [
      0,
      0,
      0,
      0,
      1,
      0,
      0,
      0,
      0,
      1621,
      0
    ],
    [
      9,
      0,
      0,
      2,
      2,
      0,
      0,
      16,
      0,
      2,
      1853
    ]
  ],
  "counts": {
    "n_samples": 17778
  },
  "timing": {
    "eval_wall_sec": 42.819032430648804,
    "throughput_img_per_s": 415.18920421179223,
    "latency_ms_per_img": 2.4085404674681516
  }
}