{
  "data_flag": "organamnist",
  "num_classes": 11,
  "class_names": [
    "bladder",
    "femur-left",
    "femur-right",
    "heart",
    "kidney-left",
    "kidney-right",
    "liver",
    "lung-left",
    "lung-right",
    "pancreas",
    "spleen"
  ],
  "is_ensemble": true,
  "metrics": {
    "accuracy": 0.9791877601529981,
    "balanced_accuracy": 0.977300940939573,
    "auc": 0.9995745757495282
  },
  "confusion_matrix": [
    [
      1001,
      1,
      0,
      0,
      5,
      9,
      0,
      0,
      0,
      20,
      0
    ],
    [
      0,
      767,
      10,
      0,
      7,
      0,
      0,
      0,
      0,
      0,
      0
    ],
    [
      1,
      1,
      777,
      0,
      4,
      10,
      0,
      0,
      0,
      0,
      0
    ],
    [
      0,
      0,
      0,
      752,
      0,
      0,
      0,
      31,
      0,
      0,
      2
    ],
    [
      32,
      39,
      0,
      0,
      1840,
      17,
      0,
      0,
      0,
      18,
      118
    ],
    [
      4,
      0,
      0,
      0,
      29,
      1932,
      0,
      0,
      0,
      0,
      0
    ],
    [
      0,
      0,
      0,
      0,
      0,
      0,
      3285,
      0,
      0,
      0,
      0
    ],
    [
      0,
      0,
      0,
      0,
      0,
      0,
      0,
      1747,
      0,
      0,
      0
    ],
    [
      0,
      0,
      0,
      0,
      0,
      0,
      7,
      0,
      1806,
      0,
      0
    ],
    [
      0,
      0,
      0,
      0,
      0,
      0,
      0,
      0,
      0,
      1620,
      2
    ],
    [
      0,
      0,
      0,
      0,
      1,
      0,
      0,
      1,
      0,
      1,
      1881
    ]
  ],
  "counts": {
    "n_samples": 17778
  },
  "timing": {
    "eval_wall_sec": 208.8981420993805,
    "throughput_img_per_s": 85.10367694674065,
    "latency_ms_per_img": 11.750373613419985
  }
}