{
  "run_name": "fold_2",
  "train_losses": [
    1.4864675320831,
    1.1810869843352074,
    0.9897474588132372,
    0.8805589079856873,
    0.7774287292770311,
    0.6833574894596549,
    0.7291197624861026,
    0.6397824480253107,
    0.5298114933219611,
    0.4856070753406076,
    0.4526977007295571,
    0.37708669521060645,
    0.38090987006823224,
    0.30094099804466845,
    0.25281183129432155,
    0.3342258340003444,
    0.3486538286886963,
    0.2080333535285557,
    0.2425012153153326,
    0.32540036577220055
  ],
  "val_losses": [
    1.431712874999413,
    1.3179524495051458,
    1.3988999357590308,
    1.3762752505449147,
    1.3267399256046002,
    1.1775416365036597,
    1.2519237949297979,
    2.066237908143264,
    2.157978103711055,
    1.0800684644625738,
    1.5174167385468116,
    4.664771116696871,
    1.1388971713873057,
    1.1795156689790578,
    1.2997995615005493,
    3.074242692727309,
    1.3221273834888752,
    1.7660848269095788,
    1.665101638207069,
    1.2187169927817125
  ],
  "val_accs": [
    0.6589099816289039,
    0.4280465401102266,
    0.6074709124311084,
    0.6601347213717085,
    0.7281077770973668,
    0.6184935701163503,
    0.6846295162278015,
    0.3998775260257195,
    0.45499081445192896,
    0.7440293937538273,
    0.6999387630128597,
    0.49295774647887325,
    0.7127985303123087,
    0.7348438456827924,
    0.7036129822412738,
    0.546846295162278,
    0.7489283527250459,
    0.7091243110838946,
    0.6717697489283527,
    0.7611757501530925
  ],
  "epoch_times_sec": [
    7.701279878616333,
    5.636786699295044,
    5.562729835510254,
    5.758890628814697,
    5.686724424362183,
    5.695205211639404,
    5.726027727127075,
    5.754015922546387,
    5.74199104309082,
    5.731516122817993,
    5.725053548812866,
    5.76348614692688,
    5.7287280559539795,
    5.767889499664307,
    5.693889379501343,
    5.75970983505249,
    5.737513065338135,
    5.819906711578369,
    5.856276512145996,
    5.8921685218811035
  ],
  "total_train_sec": 117.25187468528748,
  "early_stop": {
    "enabled": true,
    "monitor": "val_loss",
    "best_epoch": 9,
    "best_value": 1.0800684644625738
  }
}