{
  "run_name": "fold_0",
  "train_losses": [
    1.491196617191913,
    1.1449568084642,
    1.0311951263278138,
    0.9252507967107436,
    0.8284843248479506,
    0.7133049818814969,
    0.7160759159162933,
    0.5908649481979071,
    0.4810227354367574,
    0.5850270565818337,
    0.5936926965620003,
    0.49273819198795393,
    0.4323712967190088,
    0.4171440171844819,
    0.37453015849870797,
    0.25159308197451574,
    0.23971910789316775,
    0.16976410983239903
  ],
  "val_losses": [
    1.8937913454495943,
    1.2549905547728906,
    1.2427547665742726,
    1.145571754528926,
    0.9161833753952613,
    1.2820582481530995,
    0.9616252413162818,
    0.8972058892250061,
    1.0129842941577618,
    1.0713616059376643,
    1.522055488366347,
    1.019997505041269,
    1.2370504553501422,
    1.9706733226776123,
    1.2416150386516864,
    0.9528639958455012,
    1.0208266285749583,
    1.2773885864477892
  ],
  "val_accs": [
    0.2839657282741738,
    0.697062423500612,
    0.5869033047735618,
    0.6897184822521419,
    0.6609547123623011,
    0.6891064871481029,
    0.6511627906976745,
    0.6884944920440637,
    0.5960832313341493,
    0.737454100367197,
    0.4749082007343941,
    0.6609547123623011,
    0.6566707466340269,
    0.6217870257037944,
    0.7619339045287638,
    0.7460220318237454,
    0.7894736842105263,
    0.8102815177478581
  ],
  "epoch_times_sec": [
    8.69873332977295,
    5.6600422859191895,
    5.732922554016113,
    5.638852119445801,
    5.739964008331299,
    5.6088643074035645,
    5.6647655963897705,
    5.732973098754883,
    5.748624801635742,
    5.787904977798462,
    5.883033514022827,
    5.830883264541626,
    5.7842254638671875,
    5.925769567489624,
    5.998066186904907,
    5.815074682235718,
    5.81393027305603,
    5.947117567062378
  ],
  "total_train_sec": 107.54580569267273,
  "early_stop": {
    "enabled": true,
    "monitor": "val_loss",
    "best_epoch": 7,
    "best_value": 0.8972058892250061
  }
}