{
  "run_name": "fold_4",
  "train_losses": [
    1.538426239116519,
    1.1267378038051081,
    1.0129788459516038,
    0.9122871440999648,
    0.7840938059722676,
    0.7171504345594668,
    0.5713880985390907,
    0.5660493695268444,
    0.47283219356162876,
    0.5721956187603521,
    0.5654880509657019,
    0.3730431035453198,
    0.33647887671695037,
    0.40481580414024054,
    0.3683721230310552,
    0.2193077991113943,
    0.21146910842142852,
    0.44444768846619365
  ],
  "val_losses": [
    1.6356506576904883,
    1.1612041088250966,
    1.250315702878512,
    1.7320141333800096,
    1.1697124196932867,
    1.3636489831484282,
    1.6796683073043823,
    0.9559012376345121,
    1.185136011013618,
    1.6009775216762836,
    1.459117971933805,
    1.2352132843090937,
    2.2352374425301185,
    1.436311199114873,
    1.2833004089502187,
    1.3482981690993676,
    1.8663746668742254,
    2.404972094755906
  ],
  "val_accs": [
    0.5548071034905082,
    0.5719534598897734,
    0.5927740355174526,
    0.37660747091243113,
    0.6019595835884874,
    0.7011635027556644,
    0.552357624004899,
    0.6852418860992039,
    0.736068585425597,
    0.40416411512553585,
    0.6117575015309247,
    0.7250459277403551,
    0.6099203919167177,
    0.7030006123698714,
    0.7764849969381507,
    0.799755052051439,
    0.711573790569504,
    0.5817513778322106
  ],
  "epoch_times_sec": [
    7.631357669830322,
    5.926165342330933,
    5.614280462265015,
    5.695626258850098,
    5.829082489013672,
    5.651508808135986,
    5.833603382110596,
    5.737809419631958,
    5.923479795455933,
    5.738715171813965,
    5.897546768188477,
    5.8377625942230225,
    5.676632881164551,
    5.7790772914886475,
    5.787309646606445,
    5.792627334594727,
    5.78684663772583,
    5.7795569896698
  ],
  "total_train_sec": 106.39349150657654,
  "early_stop": {
    "enabled": true,
    "monitor": "val_loss",
    "best_epoch": 7,
    "best_value": 0.9559012376345121
  }
}