{
  "run_name": "fold_1",
  "train_losses": [
    1.4338450899311141,
    1.129615767329347,
    1.0144038515932419,
    0.9201601790446862,
    0.8548794768604577,
    0.7000403363330692,
    0.6771495079292971,
    0.9222209161403132,
    0.6519764287799013,
    0.5159715355611315,
    0.48652906569780086,
    0.3824819174467349,
    0.35530631127310736,
    0.297817181430611,
    0.27077458828103307,
    0.23568832406810686,
    0.2300426716021463,
    0.23937835909572303,
    0.17857285647415647,
    0.22531196489637972,
    0.3123425766825676
  ],
  "val_losses": [
    2.021208772292504,
    1.3756676453810472,
    1.6861109366783729,
    1.2138611949407137,
    1.3976233555720403,
    1.08814426110341,
    10.84019657281729,
    1.1945963272681603,
    1.345996434871967,
    1.1167001449144804,
    1.0215958723655114,
    1.4019398780969472,
    1.3630112272042494,
    1.5577143339010386,
    1.0390938703830426,
    1.507870220221006,
    2.1476233097223134,
    1.2500846798603351,
    1.6079855790505042,
    1.8844094276428223,
    1.7626636716035695
  ],
  "val_accs": [
    0.5927740355174526,
    0.6858542559706062,
    0.5394978567054501,
    0.5921616656460502,
    0.5829761175750153,
    0.6729944886711574,
    0.26393141457440294,
    0.6944274341702388,
    0.6362522963870177,
    0.7372933251684017,
    0.7679118187385181,
    0.6325780771586038,
    0.6883037354562156,
    0.5474586650336803,
    0.7832210655235763,
    0.7636252296387018,
    0.674219228413962,
    0.7091243110838946,
    0.7189222290263318,
    0.7121861604409063,
    0.6736068585425597
  ],
  "epoch_times_sec": [
    7.871629953384399,
    5.868783712387085,
    5.81384015083313,
    5.766311407089233,
    5.784915447235107,
    5.724247217178345,
    5.743085861206055,
    5.890055179595947,
    5.629201889038086,
    5.720742464065552,
    5.767053842544556,
    5.754079580307007,
    5.7949066162109375,
    5.8081276416778564,
    5.705983400344849,
    5.815778493881226,
    5.842727422714233,
    5.622132778167725,
    5.694965600967407,
    5.748095989227295,
    5.860499143600464
  ],
  "total_train_sec": 123.81370258331299,
  "early_stop": {
    "enabled": true,
    "monitor": "val_loss",
    "best_epoch": 10,
    "best_value": 1.0215958723655114
  }
}