{
  "run_name": "fold_3",
  "train_losses": [
    1.3738216407158796,
    1.1613729233835257,
    0.949203209549773,
    0.8817450275608137,
    0.7910564933337417,
    0.6757569196177464,
    0.6969801321917889,
    0.6291758318742117,
    0.500148320314931,
    0.4089280381506565,
    0.39160263187745037,
    0.2858990836961597,
    0.2308861598664639,
    0.2505391672545788,
    0.4784928358653012,
    0.3992651034803951,
    0.28552892745709885,
    0.2509676533586839,
    0.24237175607213787,
    0.29274283232642156,
    0.1644653764863809
  ],
  "val_losses": [
    1.920055160155663,
    1.5303292182775645,
    1.0388411925389216,
    1.5135116852246797,
    1.048145633477431,
    2.1776294066355777,
    0.9600343612524179,
    1.0508576814944928,
    1.3058775892624488,
    2.6178575479067288,
    0.9589771101107964,
    1.232048199726985,
    1.22709728204287,
    0.9807858031529647,
    2.0770155833317685,
    1.269004450394557,
    1.531388026017409,
    1.4775432164852436,
    1.825083356637221,
    1.459696393746596,
    1.1057807436356177
  ],
  "val_accs": [
    0.5382731169626455,
    0.61053276178812,
    0.6184935701163503,
    0.6729944886711574,
    0.5309246785058175,
    0.3288426209430496,
    0.5829761175750153,
    0.743417023882425,
    0.6044090630740968,
    0.5548071034905082,
    0.7391304347826086,
    0.709736680955297,
    0.7801592161665646,
    0.6858542559706062,
    0.5345988977342315,
    0.8022045315370484,
    0.782608695652174,
    0.7513778322106552,
    0.7036129822412738,
    0.7085119412124924,
    0.7550520514390692
  ],
  "epoch_times_sec": [
    7.652947664260864,
    5.72061824798584,
    5.863184928894043,
    5.698392391204834,
    5.827974557876587,
    5.783145189285278,
    5.906598329544067,
    5.862155914306641,
    5.849536180496216,
    5.776005983352661,
    5.7951579093933105,
    5.817459344863892,
    5.8164238929748535,
    5.727363109588623,
    5.760664463043213,
    5.663364410400391,
    5.7486793994903564,
    5.842528343200684,
    5.749650001525879,
    5.752643823623657,
    5.80657434463501
  ],
  "total_train_sec": 124.05476832389832,
  "early_stop": {
    "enabled": true,
    "monitor": "val_loss",
    "best_epoch": 10,
    "best_value": 0.9589771101107964
  }
}