{
  "data_flag": "dermamnist-e",
  "num_classes": 7,
  "class_names": [
    "actinic keratoses and intraepithelial carcinoma",
    "basal cell carcinoma",
    "benign keratosis-like lesions",
    "dermatofibroma",
    "melanoma",
    "melanocytic nevi",
    "vascular lesions"
  ],
  "is_ensemble": false,
  "metrics": {
    "accuracy": 0.657180675049636,
    "balanced_accuracy": 0.6219017333918778,
    "auc": 0.9163039909372142
  },
  "confusion_matrix": [
    [
      15,
      15,
      4,
      4,
      3,
      1,
      1
    ],
    [
      2,
      56,
      12,
      3,
      10,
      1,
      9
    ],
    [
      11,
      15,
      117,
      7,
      44,
      22,
      1
    ],
    [
      2,
      5,
      2,
      27,
      3,
      4,
      1
    ],
    [
      1,
      3,
      25,
      4,
      114,
      20,
      4
    ],
    [
      4,
      29,
      72,
      24,
      134,
      633,
      12
    ],
    [
      0,
      2,
      0,
      0,
      1,
      1,
      31
    ]
  ],
  "counts": {
    "n_samples": 1511
  },
  "timing": {
    "eval_wall_sec": 1.47265625,
    "throughput_img_per_s": 1026.0371352785146,
    "latency_ms_per_img": 0.9746235936465917
  }
}