{
  "data_flag": "dermamnist-e",
  "num_classes": 7,
  "class_names": [
    "actinic keratoses and intraepithelial carcinoma",
    "basal cell carcinoma",
    "benign keratosis-like lesions",
    "dermatofibroma",
    "melanoma",
    "melanocytic nevi",
    "vascular lesions"
  ],
  "is_ensemble": false,
  "metrics": {
    "accuracy": 0.686300463269358,
    "balanced_accuracy": 0.5659485205666851,
    "auc": 0.9145988194612275
  },
  "confusion_matrix": [
    [
      32,
      0,
      6,
      1,
      1,
      3,
      0
    ],
    [
      23,
      35,
      26,
      0,
      1,
      8,
      0
    ],
    [
      18,
      7,
      169,
      1,
      1,
      18,
      3
    ],
    [
      7,
      2,
      4,
      26,
      0,
      4,
      1
    ],
    [
      16,
      3,
      69,
      1,
      26,
      54,
      2
    ],
    [
      18,
      6,
      132,
      3,
      3,
      731,
      15
    ],
    [
      1,
      7,
      2,
      2,
      0,
      5,
      18
    ]
  ],
  "counts": {
    "n_samples": 1511
  },
  "timing": {
    "eval_wall_sec": 0.7041101455688477,
    "throughput_img_per_s": 2145.971066471808,
    "latency_ms_per_img": 0.46598950732551137
  }
}