{
  "data_flag": "dermamnist-e",
  "num_classes": 7,
  "class_names": [
    "actinic keratoses and intraepithelial carcinoma",
    "basal cell carcinoma",
    "benign keratosis-like lesions",
    "dermatofibroma",
    "melanoma",
    "melanocytic nevi",
    "vascular lesions"
  ],
  "is_ensemble": false,
  "metrics": {
    "accuracy": 0.6399735274652548,
    "balanced_accuracy": 0.6019317192175029,
    "auc": 0.9115923811306369
  },
  "confusion_matrix": [
    [
      24,
      9,
      6,
      1,
      3,
      0,
      0
    ],
    [
      11,
      68,
      7,
      2,
      1,
      0,
      4
    ],
    [
      8,
      33,
      139,
      5,
      16,
      13,
      3
    ],
    [
      1,
      17,
      2,
      22,
      0,
      1,
      1
    ],
    [
      7,
      14,
      45,
      4,
      77,
      22,
      2
    ],
    [
      3,
      46,
      116,
      31,
      82,
      614,
      16
    ],
    [
      0,
      10,
      0,
      0,
      0,
      2,
      23
    ]
  ],
  "counts": {
    "n_samples": 1511
  },
  "timing": {
    "eval_wall_sec": 0.6872227191925049,
    "throughput_img_per_s": 2198.7049580890507,
    "latency_ms_per_img": 0.45481318278789207
  }
}