{
  "data_flag": "dermamnist-e",
  "num_classes": 7,
  "class_names": [
    "actinic keratoses and intraepithelial carcinoma",
    "basal cell carcinoma",
    "benign keratosis-like lesions",
    "dermatofibroma",
    "melanoma",
    "melanocytic nevi",
    "vascular lesions"
  ],
  "is_ensemble": true,
  "metrics": {
    "accuracy": 0.7458636664460622,
    "balanced_accuracy": 0.6818569232680921,
    "auc": 0.9394317042776736
  },
  "confusion_matrix": [
    [
      28,
      6,
      4,
      0,
      4,
      1,
      0
    ],
    [
      5,
      70,
      11,
      0,
      1,
      3,
      3
    ],
    [
      13,
      15,
      142,
      2,
      18,
      22,
      5
    ],
    [
      1,
      5,
      1,
      31,
      1,
      3,
      2
    ],
    [
      3,
      5,
      36,
      1,
      86,
      38,
      2
    ],
    [
      3,
      15,
      81,
      7,
      39,
      746,
      17
    ],
    [
      1,
      7,
      0,
      0,
      0,
      3,
      24
    ]
  ],
  "counts": {
    "n_samples": 1511
  },
  "timing": {
    "eval_wall_sec": 1.7181422710418701,
    "throughput_img_per_s": 879.4382313193072,
    "latency_ms_per_img": 1.137089524183898
  }
}