{
  "data_flag": "dermamnist-e",
  "num_classes": 7,
  "class_names": [
    "actinic keratoses and intraepithelial carcinoma",
    "basal cell carcinoma",
    "benign keratosis-like lesions",
    "dermatofibroma",
    "melanoma",
    "melanocytic nevi",
    "vascular lesions"
  ],
  "is_ensemble": false,
  "metrics": {
    "accuracy": 0.7021839841164792,
    "balanced_accuracy": 0.6077643793684252,
    "auc": 0.9055901729618546
  },
  "confusion_matrix": [
    [
      26,
      8,
      1,
      0,
      3,
      5,
      0
    ],
    [
      9,
      56,
      6,
      0,
      3,
      8,
      11
    ],
    [
      16,
      16,
      93,
      4,
      28,
      45,
      15
    ],
    [
      6,
      7,
      0,
      19,
      1,
      8,
      3
    ],
    [
      5,
      2,
      12,
      0,
      86,
      54,
      12
    ],
    [
      7,
      18,
      27,
      18,
      37,
      751,
      50
    ],
    [
      0,
      5,
      0,
      0,
      0,
      0,
      30
    ]
  ],
  "counts": {
    "n_samples": 1511
  },
  "timing": {
    "eval_wall_sec": 0.7011923789978027,
    "throughput_img_per_s": 2154.900773678738,
    "latency_ms_per_img": 0.464058490402252
  }
}