{
  "run_name": "fold_1",
  "train_losses": [
    1.4464750301604177,
    1.2130636385842866,
    1.0751462216470755,
    0.8831916206023273,
    0.778822250810324,
    0.6094434132762984,
    0.5900420575749641,
    0.5080687824417564,
    0.5408198710750131,
    0.40062303285972745,
    0.24854603818818635,
    0.19815590320264592,
    0.17921791547069363,
    0.1554036109763033,
    0.12706072358231918,
    0.0866851684655629,
    0.09442806075893197,
    0.048688907157994954,
    0.016794712876207103
  ],
  "val_losses": [
    1.5478756519464345,
    1.3204210354731634,
    1.2898217760599577,
    1.1821717528196483,
    1.1339317147548382,
    1.713159441947937,
    1.744241448549124,
    1.121434000822214,
    1.0988744038801928,
    1.1142523609674895,
    1.1528706092100878,
    1.682247166450207,
    1.492576736670274,
    1.788569945555467,
    2.1869168189855723,
    1.6777019592431874,
    1.959542425779196,
    1.6750158346616304,
    1.599847639982517
  ],
  "val_accs": [
    0.5646050214329456,
    0.5584813227189223,
    0.33864053888548684,
    0.5492957746478874,
    0.6111451316595223,
    0.6111451316595223,
    0.6711573790569504,
    0.6387017758726271,
    0.653398652786283,
    0.7930189834660135,
    0.6962645437844458,
    0.7085119412124924,
    0.7832210655235763,
    0.6019595835884874,
    0.7201469687691365,
    0.6821800367421923,
    0.7581139007960809,
    0.7746478873239436,
    0.8028169014084507
  ],
  "epoch_times_sec": [
    7.721912384033203,
    5.6658196449279785,
    5.798620700836182,
    5.657021760940552,
    5.766281366348267,
    5.799965858459473,
    5.741433620452881,
    5.7299416065216064,
    5.6825902462005615,
    5.707971572875977,
    5.697764873504639,
    5.769831418991089,
    5.792356491088867,
    5.832760334014893,
    5.7161619663238525,
    5.725039482116699,
    5.646531105041504,
    5.766140937805176,
    5.867298126220703
  ],
  "total_train_sec": 111.57521224021912,
  "early_stop": {
    "enabled": true,
    "monitor": "val_loss",
    "best_epoch": 8,
    "best_value": 1.0988744038801928
  }
}