{
  "run_name": "fold_3",
  "train_losses": [
    1.3944538738213332,
    1.086942625980751,
    0.9788499462838266,
    0.7952398716234693,
    0.7409767771468443,
    0.5411767918689578,
    0.4259265447948493,
    0.3516138099572238,
    0.3730366320586672,
    0.271992313803411,
    0.17332045850800534,
    0.10596015910599746,
    0.12940512319990233,
    0.14128849173293395,
    0.11028166911473461,
    0.12074188983031348,
    0.4518787942680658,
    0.4899456641253303,
    0.2001692584040118
  ],
  "val_losses": [
    1.7547467855306773,
    1.2150387580578144,
    1.0034164832188532,
    1.0994864702224731,
    1.2530028315690847,
    1.513744899859795,
    1.0590889316338759,
    1.6105112800231347,
    0.9461866869376256,
    1.7588062378076406,
    1.3986321871097271,
    1.5475508754069989,
    1.555101711016435,
    1.6025886352245624,
    1.1313524383765001,
    3.408274540534386,
    1.8160797540958111,
    1.3009757353709295,
    1.3344541467153108
  ],
  "val_accs": [
    0.2676056338028169,
    0.5370483772198408,
    0.5866503368034293,
    0.5603184323331292,
    0.5946111451316595,
    0.4439681567666871,
    0.6631965707287202,
    0.5082669932639314,
    0.7464788732394366,
    0.545009185548071,
    0.6631965707287202,
    0.7856705450091855,
    0.7679118187385181,
    0.7703612982241274,
    0.7403551745254133,
    0.3992651561543172,
    0.6307409675443968,
    0.6001224739742804,
    0.7403551745254133
  ],
  "epoch_times_sec": [
    7.780685186386108,
    5.720064640045166,
    5.691985845565796,
    5.74377179145813,
    5.8752970695495605,
    5.6831276416778564,
    5.88292670249939,
    5.605072498321533,
    5.637498378753662,
    5.7975733280181885,
    5.6420042514801025,
    5.784071683883667,
    5.668539762496948,
    5.7699501514434814,
    5.888347864151001,
    5.744866371154785,
    5.8479859828948975,
    5.753352642059326,
    5.638827800750732
  ],
  "total_train_sec": 111.62767219543457,
  "early_stop": {
    "enabled": true,
    "monitor": "val_loss",
    "best_epoch": 8,
    "best_value": 0.9461866869376256
  }
}