{
  "run_name": "fold_4",
  "train_losses": [
    1.511554290266598,
    1.1787436557751076,
    0.9409950246997908,
    0.7611953136967677,
    0.6677131074316361,
    0.6867788673615923,
    0.5765090590598536,
    0.38457844567065147,
    0.36777177803656635,
    0.26897551791340696,
    0.23381195363460802,
    0.19706255781884288,
    0.14271268058641284,
    0.11493712400688845
  ],
  "val_losses": [
    1.3870972119844878,
    1.1515107200695918,
    1.0645980468163123,
    1.0410080001904414,
    1.547527028964116,
    1.8449805424763606,
    1.4166377049226027,
    1.1456098098021288,
    1.490945311693045,
    1.1881344043291533,
    1.914412090411553,
    1.322385013103485,
    1.656089186668396,
    1.277812843139355
  ],
  "val_accs": [
    0.5927740355174526,
    0.5793018983466014,
    0.5872627066748316,
    0.6619718309859155,
    0.5266380894060012,
    0.4709124311083895,
    0.7121861604409063,
    0.7366809552969994,
    0.6472749540722597,
    0.7030006123698714,
    0.646050214329455,
    0.7017758726270668,
    0.5811390079608083,
    0.7648499693815064
  ],
  "epoch_times_sec": [
    7.740856409072876,
    5.6129469871521,
    5.799496173858643,
    5.676011085510254,
    5.7482826709747314,
    5.606630086898804,
    5.689216613769531,
    5.800635099411011,
    5.745964527130127,
    5.894012689590454,
    5.950549125671387,
    5.622263669967651,
    5.7948291301727295,
    5.806814670562744
  ],
  "total_train_sec": 82.91840362548828,
  "early_stop": {
    "enabled": true,
    "monitor": "val_loss",
    "best_epoch": 3,
    "best_value": 1.0410080001904414
  }
}