{
  "run_name": "fold_2",
  "train_losses": [
    1.4317335322791456,
    1.2262819771673166,
    0.8614993107085135,
    0.7407224949668435,
    0.6288377964029125,
    0.521559955442653,
    0.5444607714227602,
    0.5876592380159041,
    0.37212004030452056,
    0.2477698776067472,
    0.17924491126163333,
    0.14019574268775828,
    0.14626682819981202,
    0.1415481777021698,
    0.09922232033283103,
    0.1702356468155688
  ],
  "val_losses": [
    2.3962358144613414,
    1.3315872779259315,
    1.657100118123568,
    1.3540635521595294,
    1.2911513356062083,
    1.0877922039765577,
    1.7279485372396617,
    1.2343499385393584,
    1.3906696301240187,
    1.2820791510435252,
    1.170496757213886,
    1.6669674148926368,
    1.552873446391179,
    2.2179336822949924,
    1.9146522191854625,
    1.9597273331422072
  ],
  "val_accs": [
    0.43845682792406615,
    0.42743417023882424,
    0.5780771586037967,
    0.5548071034905082,
    0.739742804654011,
    0.6631965707287202,
    0.6197183098591549,
    0.5909369259032455,
    0.6013472137170851,
    0.7274954072259645,
    0.7758726270667483,
    0.7127985303123087,
    0.6582976117575016,
    0.647887323943662,
    0.7262706674831598,
    0.6197183098591549
  ],
  "epoch_times_sec": [
    7.634374380111694,
    5.759796380996704,
    5.750607490539551,
    5.767219543457031,
    5.567986488342285,
    5.592229604721069,
    5.807945013046265,
    5.738087177276611,
    5.87140679359436,
    5.773179054260254,
    5.820836544036865,
    5.8463990688323975,
    5.813997507095337,
    5.827799081802368,
    5.625890731811523,
    5.616029977798462
  ],
  "total_train_sec": 94.20492625236511,
  "early_stop": {
    "enabled": true,
    "monitor": "val_loss",
    "best_epoch": 5,
    "best_value": 1.0877922039765577
  }
}