{
  "run_name": "fold_0",
  "train_losses": [
    1.3664549413849325,
    1.1479670288516026,
    0.9563510675056308,
    0.7381432845312006,
    0.6885408951955683,
    0.6766334216968686,
    0.5250445171898487,
    0.38768796009175915,
    0.32212667751546,
    0.2321146555683192,
    0.23089108294716068,
    0.15455766255949058,
    0.09452895571788152,
    0.07968396120065567,
    0.13771200968938715,
    0.31227173159519833,
    0.18512323469507927,
    0.41103124151042864
  ],
  "val_losses": [
    3.424297864620502,
    1.321314967595614,
    1.184846240740556,
    1.0922672060819774,
    1.2163593860772939,
    1.1772640301631048,
    1.2967578768730164,
    1.0634668515278742,
    1.1467998119500966,
    1.6750287734545195,
    1.440195537530459,
    1.3539920861904438,
    1.1126348605522742,
    1.5509323340195875,
    2.9467854774915256,
    1.4815562046491182,
    1.5350363162847667,
    1.502635304744427
  ],
  "val_accs": [
    0.6077111383108935,
    0.4033047735618115,
    0.45960832313341493,
    0.664014687882497,
    0.5973072215422277,
    0.5104039167686658,
    0.6376988984088128,
    0.6609547123623011,
    0.5930232558139535,
    0.7276621787025703,
    0.704406364749082,
    0.7802937576499388,
    0.8053855569155447,
    0.7062423500611995,
    0.6940024479804161,
    0.7276621787025703,
    0.6346389228886169,
    0.5048959608323134
  ],
  "epoch_times_sec": [
    8.501831769943237,
    5.5756847858428955,
    5.830420970916748,
    5.7932820320129395,
    5.666321039199829,
    5.649597406387329,
    5.646945238113403,
    5.916106462478638,
    5.6448774337768555,
    5.616654634475708,
    5.776902437210083,
    5.720153331756592,
    5.741483688354492,
    5.822950601577759,
    5.826552152633667,
    5.817006826400757,
    5.727566242218018,
    5.729263782501221
  ],
  "total_train_sec": 106.48786091804504,
  "early_stop": {
    "enabled": true,
    "monitor": "val_loss",
    "best_epoch": 7,
    "best_value": 1.0634668515278742
  }
}