{
  "data_flag": "dermamnist-e",
  "num_classes": 7,
  "class_names": [
    "actinic keratoses and intraepithelial carcinoma",
    "basal cell carcinoma",
    "benign keratosis-like lesions",
    "dermatofibroma",
    "melanoma",
    "melanocytic nevi",
    "vascular lesions"
  ],
  "is_ensemble": false,
  "metrics": {
    "accuracy": 0.6207809397749835,
    "balanced_accuracy": 0.5601314768895512,
    "auc": 0.8983774472319592
  },
  "confusion_matrix": [
    [
      29,
      1,
      6,
      5,
      0,
      2,
      0
    ],
    [
      20,
      28,
      26,
      8,
      4,
      4,
      3
    ],
    [
      20,
      2,
      162,
      11,
      8,
      11,
      3
    ],
    [
      7,
      0,
      5,
      30,
      0,
      1,
      1
    ],
    [
      24,
      1,
      58,
      5,
      44,
      36,
      3
    ],
    [
      30,
      5,
      181,
      37,
      19,
      625,
      11
    ],
    [
      0,
      2,
      0,
      8,
      2,
      3,
      20
    ]
  ],
  "counts": {
    "n_samples": 1511
  },
  "timing": {
    "eval_wall_sec": 0.7836806774139404,
    "throughput_img_per_s": 1928.081224340165,
    "latency_ms_per_img": 0.5186503490495966
  }
}