{
  "data_flag": "dermamnist-e",
  "num_classes": 7,
  "class_names": [
    "actinic keratoses and intraepithelial carcinoma",
    "basal cell carcinoma",
    "benign keratosis-like lesions",
    "dermatofibroma",
    "melanoma",
    "melanocytic nevi",
    "vascular lesions"
  ],
  "is_ensemble": false,
  "metrics": {
    "accuracy": 0.6240900066181337,
    "balanced_accuracy": 0.6080539531484966,
    "auc": 0.9112708899342145
  },
  "confusion_matrix": [
    [
      26,
      9,
      4,
      2,
      2,
      0,
      0
    ],
    [
      9,
      65,
      12,
      2,
      3,
      1,
      1
    ],
    [
      4,
      13,
      143,
      8,
      30,
      15,
      4
    ],
    [
      4,
      4,
      8,
      23,
      1,
      3,
      1
    ],
    [
      7,
      6,
      30,
      7,
      104,
      15,
      2
    ],
    [
      14,
      25,
      129,
      27,
      143,
      563,
      7
    ],
    [
      1,
      11,
      0,
      0,
      0,
      4,
      19
    ]
  ],
  "counts": {
    "n_samples": 1511
  },
  "timing": {
    "eval_wall_sec": 0.7682268619537354,
    "throughput_img_per_s": 1966.8669176150163,
    "latency_ms_per_img": 0.5084228073816912
  }
}