{
  "data_flag": "dermamnist-e",
  "num_classes": 7,
  "class_names": [
    "actinic keratoses and intraepithelial carcinoma",
    "basal cell carcinoma",
    "benign keratosis-like lesions",
    "dermatofibroma",
    "melanoma",
    "melanocytic nevi",
    "vascular lesions"
  ],
  "is_ensemble": false,
  "metrics": {
    "accuracy": 0.6121773659827928,
    "balanced_accuracy": 0.5722580805917074,
    "auc": 0.9099476598038915
  },
  "confusion_matrix": [
    [
      14,
      15,
      4,
      4,
      6,
      0,
      0
    ],
    [
      6,
      57,
      3,
      3,
      13,
      2,
      9
    ],
    [
      12,
      17,
      79,
      14,
      76,
      19,
      0
    ],
    [
      3,
      6,
      1,
      27,
      2,
      4,
      1
    ],
    [
      4,
      3,
      13,
      11,
      122,
      16,
      2
    ],
    [
      2,
      34,
      37,
      42,
      181,
      601,
      11
    ],
    [
      0,
      7,
      0,
      0,
      2,
      1,
      25
    ]
  ],
  "counts": {
    "n_samples": 1511
  },
  "timing": {
    "eval_wall_sec": 1.5613856315612793,
    "throughput_img_per_s": 967.7301811014509,
    "latency_ms_per_img": 1.0333458845541226
  }
}