{
  "data_flag": "dermamnist-e",
  "num_classes": 7,
  "class_names": [
    "actinic keratoses and intraepithelial carcinoma",
    "basal cell carcinoma",
    "benign keratosis-like lesions",
    "dermatofibroma",
    "melanoma",
    "melanocytic nevi",
    "vascular lesions"
  ],
  "is_ensemble": true,
  "metrics": {
    "accuracy": 0.7028457974851092,
    "balanced_accuracy": 0.6629927374422183,
    "auc": 0.936665957040379
  },
  "confusion_matrix": [
    [
      28,
      6,
      5,
      2,
      2,
      0,
      0
    ],
    [
      7,
      67,
      13,
      2,
      2,
      1,
      1
    ],
    [
      10,
      12,
      141,
      7,
      32,
      15,
      0
    ],
    [
      4,
      4,
      3,
      29,
      0,
      3,
      1
    ],
    [
      7,
      3,
      33,
      2,
      95,
      29,
      2
    ],
    [
      10,
      21,
      76,
      14,
      104,
      679,
      4
    ],
    [
      0,
      10,
      0,
      1,
      0,
      1,
      23
    ]
  ],
  "counts": {
    "n_samples": 1511
  },
  "timing": {
    "eval_wall_sec": 1.744016408920288,
    "throughput_img_per_s": 866.3909308831862,
    "latency_ms_per_img": 1.1542133745336123
  }
}