{
  "run_name": "fold_2",
  "train_losses": [
    0.24371588624575558,
    0.09567745417520843,
    0.07312891525490318,
    0.050533826531404084,
    0.03492412030327079,
    0.06341768397182665,
    0.04744076896595823,
    0.03268468369017629,
    0.03567807595519459,
    0.0173784492585315,
    0.015362837540177518,
    0.016495069941704382,
    0.011318113593220273,
    0.03866875275493572,
    0.035568126853938925,
    0.020535979625385475,
    0.013789979361771496,
    0.0219582092249766,
    0.020399391606641823,
    0.009261967461497989,
    0.006991566174667028,
    0.002345539437074502,
    0.0010143458801073447,
    0.000985950454913323,
    0.004366155082286294,
    0.017935652179242905,
    0.04487081809715806,
    0.02427566772830152,
    0.016130424017319456,
    0.023075459548956987,
    0.00637933369152426,
    0.028237366067033316,
    0.02614427321960273
  ],
  "val_losses": [
    0.7143441239992777,
    0.19745159707963467,
    0.6155283004045486,
    0.19801138134466278,
    0.44683532002899384,
    0.24639189657237795,
    0.10301785006756997,
    0.3322995983892017,
    0.26028165303998524,
    0.06477275254049648,
    0.12650204281089827,
    0.1353862470358662,
    0.26142374026433873,
    0.13124731730042388,
    0.16215780625740686,
    0.16996124304003185,
    0.13194121324017438,
    0.06148025860925878,
    0.15221021204747054,
    0.117028549772739,
    0.1242529984552271,
    0.06807019450282799,
    0.055355678605287215,
    0.07383905758656005,
    0.10505792970393991,
    0.42398058369548786,
    0.3427611076169544,
    0.06996903330137785,
    0.4057267602119181,
    0.11943122046068311,
    0.46705837609867257,
    0.2647250041417364,
    0.10039880225020978
  ],
  "val_accs": [
    0.8285322359396433,
    0.9455875628715135,
    0.8747142203932328,
    0.9405578417924096,
    0.9167809785093736,
    0.9529035208047554,
    0.9684499314128944,
    0.9318701417466849,
    0.9474165523548239,
    0.9807956104252401,
    0.9698216735253772,
    0.9711934156378601,
    0.937814357567444,
    0.9538180155464107,
    0.9574759945130316,
    0.9556470050297211,
    0.9684499314128944,
    0.9826245999085506,
    0.9611339734796525,
    0.9753086419753086,
    0.9762231367169639,
    0.9794238683127572,
    0.9830818472793782,
    0.9812528577960676,
    0.9666209419295839,
    0.918609967992684,
    0.9026063100137174,
    0.9826245999085506,
    0.9012345679012346,
    0.9730224051211706,
    0.9323273891175126,
    0.9359853680841335,
    0.9574759945130316
  ],
  "epoch_times_sec": [
    9.70360279083252,
    7.528780460357666,
    7.4627525806427,
    7.473580598831177,
    7.4907567501068115,
    7.5182225704193115,
    7.480393648147583,
    7.625593900680542,
    7.629243850708008,
    7.470959186553955,
    7.563331842422485,
    7.456651449203491,
    7.563305616378784,
    7.570070028305054,
    7.556691408157349,
    7.5419793128967285,
    7.4950783252716064,
    7.4986114501953125,
    7.544316053390503,
    7.523544073104858,
    7.469513654708862,
    7.591619253158569,
    7.582608938217163,
    7.535486698150635,
    7.49412202835083,
    7.380927562713623,
    7.629276275634766,
    7.617023944854736,
    7.6272947788238525,
    7.402201175689697,
    7.491945266723633,
    7.378137588500977,
    7.385467290878296
  ],
  "total_train_sec": 251.08336877822876,
  "early_stop": {
    "enabled": true,
    "monitor": "val_loss",
    "best_epoch": 22,
    "best_value": 0.055355678605287215
  }
}