{
  "run_name": "fold_0",
  "train_losses": [
    0.22977630164035978,
    0.09705465336275451,
    0.06784442504046156,
    0.046442809925578976,
    0.058597807971048445,
    0.041472763812635094,
    0.027738025735529578,
    0.02247110802700798,
    0.046077538333038855,
    0.028128554459031233,
    0.020969880688319203,
    0.014840289695284274,
    0.01129925120724639,
    0.020324627177187186,
    0.011577046549920103,
    0.03324714926865829,
    0.0272836567601189,
    0.009297475740929846,
    0.004837196099876618,
    0.003933619716810747,
    0.0039491677038955356,
    0.004429717993950951,
    0.024708657174521836,
    0.03719315963783575,
    0.016299277682906798,
    0.022004418569849804,
    0.05200137777993565,
    0.019353484352263074,
    0.00897376505557023,
    0.004898658735114355,
    0.0028457569909840137,
    0.006417132152230753,
    0.03481284434827317,
    0.01276215486594832,
    0.0056446860288655015,
    0.007612052072117341,
    0.0029026214360248345,
    0.0031708970057426245,
    0.002626415330563331
  ],
  "val_losses": [
    0.7805031273100111,
    0.6901993039581511,
    0.11547286177261008,
    0.9021760804785622,
    0.2790555867056052,
    0.09591572341095242,
    0.15347685168186823,
    0.14921354481743443,
    0.1339219846866197,
    0.14829558175471094,
    0.07534428802318871,
    0.10329522213174237,
    0.09732716406385104,
    0.07998246892303643,
    0.2118639111932781,
    0.2000375340382258,
    0.0715953183049957,
    0.0690437540922883,
    0.061215530291924045,
    0.21533416226965427,
    0.067322211015077,
    0.07900138499422206,
    0.13656317556483877,
    0.20382477322386372,
    0.08137669533284174,
    0.16990256040460533,
    0.5386431482103136,
    0.08587602334510949,
    0.04886097370439933,
    0.051621659257863134,
    0.057416783516398735,
    0.055340028966182016,
    0.10329609892020623,
    0.11596820698792322,
    0.052506307566848896,
    0.08448457827439092,
    0.06606468842528557,
    0.06639770127367228,
    0.09262372276862152
  ],
  "val_accs": [
    0.7897623400365631,
    0.8615173674588665,
    0.9556672760511883,
    0.793418647166362,
    0.9414990859232175,
    0.9785191956124314,
    0.9396709323583181,
    0.9657221206581352,
    0.9629798903107861,
    0.9661791590493601,
    0.9707495429616088,
    0.9725776965265083,
    0.9748628884826326,
    0.9753199268738574,
    0.9497257769652651,
    0.9588665447897623,
    0.9789762340036563,
    0.9817184643510055,
    0.9849177330895795,
    0.9442413162705667,
    0.9849177330895795,
    0.9817184643510055,
    0.9689213893967094,
    0.9405850091407678,
    0.9789762340036563,
    0.9451553930530164,
    0.8775137111517367,
    0.9757769652650823,
    0.9867458866544789,
    0.9876599634369287,
    0.9853747714808044,
    0.9872029250457038,
    0.9698354661791591,
    0.973491773308958,
    0.9844606946983546,
    0.9821755027422303,
    0.9872029250457038,
    0.9872029250457038,
    0.9821755027422303
  ],
  "epoch_times_sec": [
    10.889095306396484,
    7.486253499984741,
    7.321137428283691,
    7.600596904754639,
    7.419522285461426,
    7.47526741027832,
    7.587827920913696,
    7.531006097793579,
    7.4785730838775635,
    7.482771396636963,
    7.420873403549194,
    7.440013885498047,
    7.412340879440308,
    7.67215633392334,
    7.430243730545044,
    7.567747354507446,
    7.4234299659729,
    7.45307993888855,
    7.373182773590088,
    7.444538831710815,
    7.349360704421997,
    7.6961095333099365,
    7.374028205871582,
    7.58250617980957,
    7.445963144302368,
    7.647748947143555,
    7.718127727508545,
    7.634084463119507,
    7.497316598892212,
    7.404747724533081,
    7.544490575790405,
    7.545467853546143,
    7.488868474960327,
    7.522267818450928,
    7.58400821685791,
    7.382755279541016,
    7.545584440231323,
    7.463784694671631,
    7.490941524505615
  ],
  "total_train_sec": 296.8363666534424,
  "early_stop": {
    "enabled": true,
    "monitor": "val_loss",
    "best_epoch": 28,
    "best_value": 0.04886097370439933
  }
}