{
  "run_name": "fold_4",
  "train_losses": [
    0.23423613197005846,
    0.08110793493688107,
    0.06789443080368288,
    0.05721869786708232,
    0.052008760175393784,
    0.0481541752746767,
    0.040488048223778605,
    0.029396728992544335,
    0.020273851581698504,
    0.034255547072354925,
    0.03039472660063492,
    0.016197849327855854,
    0.019544716161737384,
    0.01972158039878944,
    0.02427432590219028,
    0.011976724978440496,
    0.008201085794580114,
    0.016689076770168922,
    0.01792483182661646,
    0.030684517179478836,
    0.025986698932897793,
    0.01937988995033426,
    0.016460434022412623,
    0.020074186640319087,
    0.029763582568300667,
    0.012974142070400858
  ],
  "val_losses": [
    0.677688786553012,
    0.3856261745095253,
    0.09822291135787964,
    0.26136867536438835,
    0.26503432128164506,
    0.1324153452490767,
    0.08150033973409639,
    0.14785674669676357,
    0.19014661830280805,
    0.41143062048488194,
    0.06344221470256646,
    0.15463375443141558,
    0.06636349332681372,
    0.2485427342700051,
    0.0960326635686215,
    0.05196236469095715,
    0.10976071552269989,
    0.06820692613513933,
    0.28918382152915,
    0.26550350876318085,
    0.4160684935567487,
    0.10631886828276846,
    0.1893154854187742,
    0.18047165943102705,
    0.09753432657776608,
    0.09211758460151032
  ],
  "val_accs": [
    0.8422496570644719,
    0.9336991312299955,
    0.9670781893004116,
    0.9391860996799268,
    0.9286694101508917,
    0.9634202103337905,
    0.9780521262002744,
    0.9643347050754458,
    0.9574759945130316,
    0.8756287151348879,
    0.984453589391861,
    0.9620484682213077,
    0.9775948788294467,
    0.9574759945130316,
    0.9757658893461363,
    0.9858253315043438,
    0.9721079103795153,
    0.9771376314586191,
    0.9350708733424783,
    0.9336991312299955,
    0.9382716049382716,
    0.9766803840877915,
    0.9574759945130316,
    0.9483310470964792,
    0.9734796524919982,
    0.9807956104252401
  ],
  "epoch_times_sec": [
    9.70389175415039,
    7.574544668197632,
    7.511888265609741,
    7.526615619659424,
    7.6732258796691895,
    7.554901123046875,
    7.579932928085327,
    7.508270978927612,
    7.394253253936768,
    7.557379484176636,
    7.498672008514404,
    7.560237646102905,
    7.6334617137908936,
    7.572882652282715,
    7.594255447387695,
    7.655648708343506,
    7.578453063964844,
    7.54328989982605,
    7.622152328491211,
    7.753347635269165,
    7.573375463485718,
    7.578315258026123,
    7.726531982421875,
    7.563164710998535,
    7.73546838760376,
    7.487438201904297
  ],
  "total_train_sec": 199.9810996055603,
  "early_stop": {
    "enabled": true,
    "monitor": "val_loss",
    "best_epoch": 15,
    "best_value": 0.05196236469095715
  }
}