{
  "run_name": "fold_1",
  "train_losses": [
    0.23785021966871092,
    0.1059077093103791,
    0.06050987823811524,
    0.06279515638016164,
    0.044850884395761084,
    0.02501326160478022,
    0.026531770678154903,
    0.029837610901963404,
    0.03666217412169585,
    0.0409057167776422,
    0.03066208431675263,
    0.017473335282856543,
    0.031085710152504307,
    0.05182046089869212,
    0.021599311896887442,
    0.01406475541914594,
    0.005521781502894181,
    0.008089338932704242,
    0.01612127776067663,
    0.03298380655606332,
    0.010669494378175038,
    0.004164535207083271,
    0.0022130007673695218,
    0.003660776592155076,
    0.003489886996569968,
    0.0038392813220365068,
    0.030643871535550503,
    0.04989643723649137,
    0.03341772193294566,
    0.016312008154807912,
    0.014091601577734657,
    0.01733678700582138,
    0.01293686375977225
  ],
  "val_losses": [
    0.6286497000190947,
    0.18126929013265503,
    0.19342522530092132,
    0.865746471616957,
    0.12845824037988982,
    0.0997797739174631,
    0.42809277607334983,
    0.1848696404033237,
    0.5529822003510263,
    0.26731195249077344,
    0.0674152025539014,
    0.17165407163297963,
    1.662103381421831,
    0.4729538965556357,
    0.07778936466719541,
    0.0988526474037725,
    0.09308723785862741,
    0.059299078731176756,
    0.22751264688041475,
    0.19002100724416474,
    0.055247528556113444,
    0.062139914345203176,
    0.03579781357418849,
    0.08362530008889735,
    0.08944170078676608,
    0.12109692612042029,
    0.14747091010212898,
    0.14698961501320204,
    0.16724717617034912,
    0.121592340990901,
    0.17032584299643835,
    0.0880342843528423,
    0.18429224958850277
  ],
  "val_accs": [
    0.8436213991769548,
    0.9336991312299955,
    0.9597622313671696,
    0.8033836305441243,
    0.9670781893004116,
    0.9739368998628258,
    0.9016918152720622,
    0.9634202103337905,
    0.8920896204846822,
    0.9510745313214449,
    0.9798811156835848,
    0.959304983996342,
    0.7732053040695016,
    0.9263831732967536,
    0.9835390946502057,
    0.9794238683127572,
    0.9812528577960676,
    0.9807956104252401,
    0.9396433470507545,
    0.9428440786465477,
    0.9853680841335163,
    0.9867398262459991,
    0.99039780521262,
    0.984453589391861,
    0.9807956104252401,
    0.9757658893461363,
    0.9702789208962048,
    0.9529035208047554,
    0.9643347050754458,
    0.9529035208047554,
    0.9684499314128944,
    0.9812528577960676,
    0.9666209419295839
  ],
  "epoch_times_sec": [
    9.642471075057983,
    7.461509704589844,
    7.4168596267700195,
    7.497014999389648,
    7.518557071685791,
    7.363641262054443,
    7.539952993392944,
    7.49287486076355,
    7.625974178314209,
    7.686489582061768,
    7.597825050354004,
    7.619501352310181,
    7.5496156215667725,
    7.663171291351318,
    7.558072805404663,
    7.5709147453308105,
    7.618728399276733,
    7.671581745147705,
    7.497646331787109,
    7.540874242782593,
    7.595579147338867,
    7.540148973464966,
    7.624723434448242,
    7.475852966308594,
    7.5723042488098145,
    7.5980658531188965,
    7.552113771438599,
    7.601942777633667,
    7.530067682266235,
    7.604899168014526,
    7.61164665222168,
    7.561865329742432,
    7.563366651535034
  ],
  "total_train_sec": 252.38878536224365,
  "early_stop": {
    "enabled": true,
    "monitor": "val_loss",
    "best_epoch": 22,
    "best_value": 0.03579781357418849
  }
}