{
  "run_name": "fold_3",
  "train_losses": [
    0.22238332389251275,
    0.08608892606571317,
    0.062295270138694084,
    0.05327224369873019,
    0.05994776065242203,
    0.03491919112446554,
    0.03560337583150934,
    0.029598821262719437,
    0.013634470823864616,
    0.015195593670154373,
    0.025916307563688058,
    0.016016991383580984,
    0.017886668942724903,
    0.02225874864619554,
    0.03408517729942961,
    0.028737609029870808,
    0.04812321552376756,
    0.022155687603277758
  ],
  "val_losses": [
    0.2760269335574574,
    0.2293268402831422,
    0.18327238762544262,
    0.7966076189445125,
    0.15010351958012003,
    0.2316391611756343,
    0.2314695970659765,
    0.061878199527402304,
    0.06889437421472798,
    0.1525791118102562,
    0.2594823078769777,
    0.2095492652927836,
    0.12495124003746444,
    0.22950182205790448,
    0.3020760143796603,
    0.8142159545224987,
    0.4314447354732288,
    0.16905545083298218
  ],
  "val_accs": [
    0.8980338363054412,
    0.9300411522633745,
    0.9579332418838592,
    0.8532235939643347,
    0.9551897576588935,
    0.9469593049839964,
    0.9410150891632373,
    0.9762231367169639,
    0.9780521262002744,
    0.9588477366255144,
    0.9208962048468221,
    0.9570187471422039,
    0.9647919524462735,
    0.9300411522633745,
    0.9405578417924096,
    0.8655692729766804,
    0.9135802469135802,
    0.9611339734796525
  ],
  "epoch_times_sec": [
    9.875240087509155,
    7.431819677352905,
    7.642137765884399,
    7.418726682662964,
    7.4802234172821045,
    7.475543737411499,
    7.570307970046997,
    7.512836456298828,
    7.5286688804626465,
    7.496776819229126,
    7.564652919769287,
    7.623926877975464,
    7.457463979721069,
    7.480651617050171,
    7.562031507492065,
    7.441387891769409,
    7.597887754440308,
    7.47325873374939
  ],
  "total_train_sec": 138.158460855484,
  "early_stop": {
    "enabled": true,
    "monitor": "val_loss",
    "best_epoch": 7,
    "best_value": 0.061878199527402304
  }
}