{
  "data_flag": "bloodmnist",
  "num_classes": 8,
  "class_names": [
    "basophil",
    "eosinophil",
    "erythroblast",
    "immature granulocytes(myelocytes, metamyelocytes and promyelocytes)",
    "lymphocyte",
    "monocyte",
    "neutrophil",
    "platelet"
  ],
  "is_ensemble": false,
  "metrics": {
    "accuracy": 0.9771996492253727,
    "balanced_accuracy": 0.9777350341097788,
    "auc": 0.9989557632152981
  },
  "confusion_matrix": [
    [
      238,
      4,
      0,
      0,
      0,
      0,
      2,
      0
    ],
    [
      0,
      623,
      1,
      0,
      0,
      0,
      0,
      0
    ],
    [
      0,
      0,
      303,
      1,
      4,
      1,
      2,
      0
    ],
    [
      0,
      0,
      1,
      540,
      1,
      6,
      31,
      0
    ],
    [
      0,
      0,
      1,
      0,
      242,
      0,
      0,
      0
    ],
    [
      0,
      0,
      0,
      1,
      9,
      274,
      0,
      0
    ],
    [
      0,
      1,
      0,
      10,
      0,
      2,
      653,
      0
    ],
    [
      0,
      0,
      0,
      0,
      0,
      0,
      0,
      470
    ]
  ],
  "counts": {
    "n_samples": 3421
  },
  "timing": {
    "eval_wall_sec": 1.2097225189208984,
    "throughput_img_per_s": 2827.921235236337,
    "latency_ms_per_img": 0.35361663809438715
  }
}