{
  "data_flag": "bloodmnist",
  "num_classes": 8,
  "class_names": [
    "basophil",
    "eosinophil",
    "erythroblast",
    "immature granulocytes(myelocytes, metamyelocytes and promyelocytes)",
    "lymphocyte",
    "monocyte",
    "neutrophil",
    "platelet"
  ],
  "is_ensemble": false,
  "metrics": {
    "accuracy": 0.9827535808243204,
    "balanced_accuracy": 0.9839391926575227,
    "auc": 0.9991589135376934
  },
  "confusion_matrix": [
    [
      240,
      0,
      0,
      2,
      1,
      0,
      1,
      0
    ],
    [
      0,
      624,
      0,
      0,
      0,
      0,
      0,
      0
    ],
    [
      0,
      0,
      309,
      1,
      0,
      1,
      0,
      0
    ],
    [
      0,
      0,
      2,
      552,
      2,
      14,
      8,
      1
    ],
    [
      0,
      0,
      2,
      0,
      241,
      0,
      0,
      0
    ],
    [
      0,
      0,
      0,
      0,
      7,
      277,
      0,
      0
    ],
    [
      0,
      1,
      0,
      13,
      0,
      2,
      650,
      0
    ],
    [
      0,
      0,
      1,
      0,
      0,
      0,
      0,
      469
    ]
  ],
  "counts": {
    "n_samples": 3421
  },
  "timing": {
    "eval_wall_sec": 1.2399206161499023,
    "throughput_img_per_s": 2759.047599855709,
    "latency_ms_per_img": 0.36244391001166393
  }
}