{
  "data_flag": "bloodmnist",
  "num_classes": 8,
  "class_names": [
    "basophil",
    "eosinophil",
    "erythroblast",
    "immature granulocytes(myelocytes, metamyelocytes and promyelocytes)",
    "lymphocyte",
    "monocyte",
    "neutrophil",
    "platelet"
  ],
  "is_ensemble": false,
  "metrics": {
    "accuracy": 0.9874305758550131,
    "balanced_accuracy": 0.9865786241846934,
    "auc": 0.9993923638928603
  },
  "confusion_matrix": [
    [
      239,
      2,
      0,
      2,
      0,
      0,
      1,
      0
    ],
    [
      0,
      624,
      0,
      0,
      0,
      0,
      0,
      0
    ],
    [
      0,
      0,
      306,
      3,
      0,
      1,
      1,
      0
    ],
    [
      0,
      0,
      0,
      568,
      0,
      1,
      10,
      0
    ],
    [
      0,
      0,
      1,
      0,
      242,
      0,
      0,
      0
    ],
    [
      0,
      0,
      1,
      4,
      3,
      276,
      0,
      0
    ],
    [
      0,
      1,
      0,
      11,
      0,
      1,
      653,
      0
    ],
    [
      0,
      0,
      0,
      0,
      0,
      0,
      0,
      470
    ]
  ],
  "counts": {
    "n_samples": 3421
  },
  "timing": {
    "eval_wall_sec": 1.1988623142242432,
    "throughput_img_per_s": 2853.5386919837015,
    "latency_ms_per_img": 0.35044206788197696
  }
}