{
  "data_flag": "bloodmnist",
  "num_classes": 8,
  "class_names": [
    "basophil",
    "eosinophil",
    "erythroblast",
    "immature granulocytes(myelocytes, metamyelocytes and promyelocytes)",
    "lymphocyte",
    "monocyte",
    "neutrophil",
    "platelet"
  ],
  "is_ensemble": false,
  "metrics": {
    "accuracy": 0.9859690149079217,
    "balanced_accuracy": 0.9875028274700569,
    "auc": 0.9991912663944525
  },
  "confusion_matrix": [
    [
      240,
      0,
      0,
      2,
      0,
      1,
      1,
      0
    ],
    [
      0,
      624,
      0,
      0,
      0,
      0,
      0,
      0
    ],
    [
      0,
      0,
      308,
      1,
      0,
      1,
      1,
      0
    ],
    [
      1,
      0,
      0,
      551,
      1,
      7,
      19,
      0
    ],
    [
      0,
      0,
      0,
      0,
      243,
      0,
      0,
      0
    ],
    [
      0,
      0,
      0,
      1,
      2,
      281,
      0,
      0
    ],
    [
      0,
      1,
      0,
      8,
      0,
      1,
      656,
      0
    ],
    [
      0,
      0,
      0,
      0,
      0,
      0,
      0,
      470
    ]
  ],
  "counts": {
    "n_samples": 3421
  },
  "timing": {
    "eval_wall_sec": 2.2201473712921143,
    "throughput_img_per_s": 1540.8887014599377,
    "latency_ms_per_img": 0.6489761389336786
  }
}