{
  "data_flag": "bloodmnist",
  "num_classes": 8,
  "class_names": [
    "basophil",
    "eosinophil",
    "erythroblast",
    "immature granulocytes(myelocytes, metamyelocytes and promyelocytes)",
    "lymphocyte",
    "monocyte",
    "neutrophil",
    "platelet"
  ],
  "is_ensemble": false,
  "metrics": {
    "accuracy": 0.9871382636655949,
    "balanced_accuracy": 0.9865341665194658,
    "auc": 0.9993148473906996
  },
  "confusion_matrix": [
    [
      242,
      1,
      0,
      1,
      0,
      0,
      0,
      0
    ],
    [
      0,
      624,
      0,
      0,
      0,
      0,
      0,
      0
    ],
    [
      0,
      0,
      305,
      3,
      2,
      1,
      0,
      0
    ],
    [
      0,
      0,
      0,
      573,
      0,
      0,
      6,
      0
    ],
    [
      0,
      0,
      1,
      0,
      242,
      0,
      0,
      0
    ],
    [
      0,
      0,
      0,
      5,
      6,
      273,
      0,
      0
    ],
    [
      0,
      1,
      0,
      16,
      0,
      1,
      648,
      0
    ],
    [
      0,
      0,
      0,
      0,
      0,
      0,
      0,
      470
    ]
  ],
  "counts": {
    "n_samples": 3421
  },
  "timing": {
    "eval_wall_sec": 1.2112483978271484,
    "throughput_img_per_s": 2824.3587410616287,
    "latency_ms_per_img": 0.3540626710982603
  }
}