{
  "data_flag": "bloodmnist",
  "num_classes": 8,
  "class_names": [
    "basophil",
    "eosinophil",
    "erythroblast",
    "immature granulocytes(myelocytes, metamyelocytes and promyelocytes)",
    "lymphocyte",
    "monocyte",
    "neutrophil",
    "platelet"
  ],
  "is_ensemble": true,
  "metrics": {
    "accuracy": 0.9883075124232681,
    "balanced_accuracy": 0.9886778977505069,
    "auc": 0.9992947455374492
  },
  "confusion_matrix": [
    [
      241,
      1,
      0,
      0,
      0,
      0,
      2,
      0
    ],
    [
      0,
      624,
      0,
      0,
      0,
      0,
      0,
      0
    ],
    [
      0,
      0,
      307,
      2,
      0,
      1,
      1,
      0
    ],
    [
      0,
      0,
      0,
      565,
      0,
      2,
      12,
      0
    ],
    [
      0,
      0,
      1,
      0,
      242,
      0,
      0,
      0
    ],
    [
      0,
      0,
      0,
      1,
      4,
      279,
      0,
      0
    ],
    [
      0,
      1,
      0,
      11,
      0,
      1,
      653,
      0
    ],
    [
      0,
      0,
      0,
      0,
      0,
      0,
      0,
      470
    ]
  ],
  "counts": {
    "n_samples": 3421
  },
  "timing": {
    "eval_wall_sec": 3.692871570587158,
    "throughput_img_per_s": 926.3793594251827,
    "latency_ms_per_img": 1.0794713740389237
  }
}